
{
  "Debit": [{
    "DLG_Company": "320",
    "DLG_Interco": "000",
    "DLG_Spare1": "0",
    "DLG_Spare2": "0",
    "DLG_Origin": {
      "GWBCGLBilling": "GWBC"
    },
    "DLG_Brand": {
      "Churchill": "R0002",
      "DirectLine": "R0001",
      "Privilege": "CD000",
      "FJ WEDDING HIRE SCHEME - 581": "B0121",
      "DL4B": "DFB04"
    },
    "DLG_Product": {
      "Motor": "208",
      "CommercialMotor": "214",
      "Legal_Ext": "831 ",
      "CommercialProperty": "626",
      "CommercialLiability": "000"

    },
    "DLG_Transaction_Sub_Type": {
      "AccountInterestTxn": {
        "DLG_Transaction_Reason": {
          "nonfinancialloss": {
            "DLG_CostCentre": "SYS000",
            "DLG_Account": "10030",
            "DLG_Channel": {
              "boughtbymany": "PCW00",
              "breakdowncover": "PCW00",
              "breakdowncovercompare": "PCW00",
              "comparesave": "PCW00",
              "comparethemarket": "PCW00",
              "confused": "PCW00",
              "discvouch": "PCW00",
              "fairinvest": "PCW00",
              "gocompare": "PCW00",
              "kidstart": "PCW00",
              "knowyourmoney": "PCW00",
              "Money": "PCW00",
              "moneysavingexpert": "PCW00",
              "MVC": "PCW00",
              "noselect": "PCW00",
              "quidco": "PCW00",
              "quotesearch": "PCW00",
              "rescuecomp": "PCW00",
              "topcash": "PCW00",
              "uksimple": "PCW00",
              "uswitch": "PCW00",
              "voucher": "PCW00",
              "vouchercloud": "PCW00",
              "ContactCentre": "PHONE",
              "Digital": "WEB00",
              "Other": "OTH00",
              "other": "OTH00",
              "PCW": "PCW00",
              "moneysupermarket": "PCW00"
            }
          },
          "financialloss": {
            "DLG_CostCentre": "SYS000",
            "DLG_Account": "10030",
            "DLG_Channel": {
              "boughtbymany": "PCW00",
              "breakdowncover": "PCW00",
              "breakdowncovercompare": "PCW00",
              "comparesave": "PCW00",
              "comparethemarket": "PCW00",
              "confused": "PCW00",
              "discvouch": "PCW00",
              "fairinvest": "PCW00",
              "gocompare": "PCW00",
              "kidstart": "PCW00",
              "knowyourmoney": "PCW00",
              "Money": "PCW00",
              "moneysavingexpert": "PCW00",
              "MVC": "PCW00",
              "noselect": "PCW00",
              "quidco": "PCW00",
              "quotesearch": "PCW00",
              "rescuecomp": "PCW00",
              "topcash": "PCW00",
              "uksimple": "PCW00",
              "uswitch": "PCW00",
              "voucher": "PCW00",
              "vouchercloud": "PCW00",
              "ContactCentre": "PHONE",
              "Digital": "WEB00",
              "Other": "OTH00",
              "other": "OTH00",
              "PCW": "PCW00",
              "moneysupermarket": "PCW00"
            }
          },
          "exgratia": {
            "DLG_CostCentre": "SYS000",
            "DLG_Account": "10030",
            "DLG_Channel": {
              "boughtbymany": "PCW00",
              "breakdowncover": "PCW00",
              "breakdowncovercompare": "PCW00",
              "comparesave": "PCW00",
              "comparethemarket": "PCW00",
              "confused": "PCW00",
              "discvouch": "PCW00",
              "fairinvest": "PCW00",
              "gocompare": "PCW00",
              "kidstart": "PCW00",
              "knowyourmoney": "PCW00",
              "Money": "PCW00",
              "moneysavingexpert": "PCW00",
              "MVC": "PCW00",
              "noselect": "PCW00",
              "quidco": "PCW00",
              "quotesearch": "PCW00",
              "rescuecomp": "PCW00",
              "topcash": "PCW00",
              "uksimple": "PCW00",
              "uswitch": "PCW00",
              "voucher": "PCW00",
              "vouchercloud": "PCW00",
              "ContactCentre": "PHONE",
              "Digital": "WEB00",
              "Other": "OTH00",
              "other": "OTH00",
              "PCW": "PCW00",
              "moneysupermarket": "PCW00"
            }
          },
          "FOSinterest": {
            "DLG_CostCentre": "SYS000",
            "DLG_Account": "36900",
            "DLG_Channel": {
              "boughtbymany": "PCW00",
              "breakdowncover": "PCW00",
              "breakdowncovercompare": "PCW00",
              "comparesave": "PCW00",
              "comparethemarket": "PCW00",
              "confused": "PCW00",
              "discvouch": "PCW00",
              "fairinvest": "PCW00",
              "gocompare": "PCW00",
              "kidstart": "PCW00",
              "knowyourmoney": "PCW00",
              "Money": "PCW00",
              "moneysavingexpert": "PCW00",
              "MVC": "PCW00",
              "noselect": "PCW00",
              "quidco": "PCW00",
              "quotesearch": "PCW00",
              "rescuecomp": "PCW00",
              "topcash": "PCW00",
              "uksimple": "PCW00",
              "uswitch": "PCW00",
              "voucher": "PCW00",
              "vouchercloud": "PCW00",
              "ContactCentre": "PHONE",
              "Digital": "WEB00",
              "Other": "OTH00",
              "other": "OTH00",
              "PCW": "PCW00",
              "moneysupermarket": "PCW00"
            }
          },
          "FOScompensationtax": {
            "DLG_CostCentre": "000000",
            "DLG_Account": "71047",
            "DLG_Channel": {
              "boughtbymany": "PCW00",
              "breakdowncover": "PCW00",
              "breakdowncovercompare": "PCW00",
              "comparesave": "PCW00",
              "comparethemarket": "PCW00",
              "confused": "PCW00",
              "discvouch": "PCW00",
              "fairinvest": "PCW00",
              "gocompare": "PCW00",
              "kidstart": "PCW00",
              "knowyourmoney": "PCW00",
              "Money": "PCW00",
              "moneysavingexpert": "PCW00",
              "MVC": "PCW00",
              "noselect": "PCW00",
              "quidco": "PCW00",
              "quotesearch": "PCW00",
              "rescuecomp": "PCW00",
              "topcash": "PCW00",
              "uksimple": "PCW00",
              "uswitch": "PCW00",
              "voucher": "PCW00",
              "vouchercloud": "PCW00",
              "ContactCentre": "PHONE",
              "Digital": "WEB00",
              "Other": "OTH00",
              "other": "OTH00",
              "PCW": "PCW00",
              "moneysupermarket": "PCW00"
            }
          }
        }
      },
      "AccountNegativeWriteoffTxn": {
        "DLG_Transaction_Reason": {
          "other": {
            "DLG_CostCentre": "000000",
            "DLG_Account": "71047",
            "DLG_Channel": "00000"
          },
          "Negative Write-off": {
            "DLG_CostCentre": "000000",
            "DLG_Account": "71047",
            "DLG_Channel": "00000"
          },
          "Suspension": {
            "DLG_CostCentre": "000000",
            "DLG_Account": "71047",
            "DLG_Channel": "00000"
          },
          "unreturnable": {
            "DLG_CostCentre": "000000",
            "DLG_Account": "71047",
            "DLG_Channel": "00000"
          }
        }
      },
      "DebtReferralMoorcroft": {
        "DLG_Transaction_Reason": {
          "DLG_MDR_Premium_Adj": {
            "DLG_CostCentre": "000000",
            "DLG_Account": "71042",
            "DLG_Channel": "00000"
          },
          "DLG_MDR_Instalment_Adj": {
            "DLG_CostCentre": "000000",
            "DLG_Account": "71042",
            "DLG_Channel": "00000"
          }
        }
      },
      "DirectBillMoneyRcvdTxn": {
        "DLG_Transaction_Reason": {
          "PolUnappliedFund": {
            "DLG_CostCentre": "000000",
            "DLG_Account": "60485",
            "DLG_Channel": "00000",
            "DLG_Product": "000",
            "DLG_Brand": "00000",
            "DLG_Origin": "0000"
          },
          "Premium": {
            "DLG_CostCentre": "000000",
            "DLG_Account": "71047",
            "DLG_Channel": "00000"
          },
          "instalmentcharge": {
            "DLG_CostCentre": "000000",
            "DLG_Account": "71047",
            "DLG_Channel": "00000"
          },
          "adminfee": {
            "DLG_CostCentre": "000000",
            "DLG_Account": "71047",
            "DLG_Channel": "00000"
          },
          "DLG_MDR_Premium_Cash": {
            "DLG_CostCentre": "000000",
            "DLG_Account": "71047",
            "DLG_Channel": "00000"
          },
          "DLG_MDR_Instalment_Cash": {
            "DLG_CostCentre": "000000",
            "DLG_Account": "71047",
            "DLG_Channel": "00000"
          },
          "DCA_MDR_Premium": {
            "DLG_CostCentre": "000000",
            "DLG_Account": "71047",
            "DLG_Channel": "00000"
          },
          "DCA_MDR_Instalment": {
            "DLG_CostCentre": "000000",
            "DLG_Account": "71047",
            "DLG_Channel": "00000"
          },
          "DCA_MDR_Field_Premium": {
            "DLG_CostCentre": "000000",
            "DLG_Account": "71047",
            "DLG_Channel": "00000"
          },
          "DCA_MDR_Field_Instalment": {
            "DLG_CostCentre": "000000",
            "DLG_Account": "71047",
            "DLG_Channel": "00000"
          }
        }
      },
      "DisbursementPaid": {
        "DLG_Transaction_Reason": {
          "PolUnappliedFund": {
            "DLG_CostCentre": "000000",
            "DLG_Account": "71041",
            "DLG_Channel": "00000"
          },
          "exgratia": {
            "DLG_CostCentre": "SYS000",
            "DLG_Account": "10030",
            "DLG_Channel": "00000"
          },
          "nonfinancialloss": {
            "DLG_CostCentre": "SYS000",
            "DLG_Account": "10030",
            "DLG_Channel": "00000"
          },
          "financialloss": {
            "DLG_CostCentre": "SYS000",
            "DLG_Account": "10030",
            "DLG_Channel": "00000"
          }
        }
      },
      "ChargeWrittenOff": {
        "DLG_Transaction_Reason": {
          "uncollectable": {
            "DLG_CostCentre": "SYS000",
            "DLG_Account": "10025",
            "DLG_Channel": {
              "boughtbymany": "PCW00",
              "breakdowncover": "PCW00",
              "breakdowncovercompare": "PCW00",
              "comparesave": "PCW00",
              "comparethemarket": "PCW00",
              "confused": "PCW00",
              "discvouch": "PCW00",
              "fairinvest": "PCW00",
              "gocompare": "PCW00",
              "kidstart": "PCW00",
              "knowyourmoney": "PCW00",
              "Money": "PCW00",
              "moneysavingexpert": "PCW00",
              "MVC": "PCW00",
              "noselect": "PCW00",
              "quidco": "PCW00",
              "quotesearch": "PCW00",
              "rescuecomp": "PCW00",
              "topcash": "PCW00",
              "uksimple": "PCW00",
              "uswitch": "PCW00",
              "voucher": "PCW00",
              "vouchercloud": "PCW00",
              "ContactCentre": "PHONE",
              "Digital": "WEB00",
              "Other": "OTH00",
              "other": "OTH00",
              "PCW": "PCW00",
              "moneysupermarket": "PCW00"
            }
          },
          "bankruptcy": {
            "DLG_CostCentre": "SYS000",
            "DLG_Account": "10025",
            "DLG_Channel": {
              "boughtbymany": "PCW00",
              "breakdowncover": "PCW00",
              "breakdowncovercompare": "PCW00",
              "comparesave": "PCW00",
              "comparethemarket": "PCW00",
              "confused": "PCW00",
              "discvouch": "PCW00",
              "fairinvest": "PCW00",
              "gocompare": "PCW00",
              "kidstart": "PCW00",
              "knowyourmoney": "PCW00",
              "Money": "PCW00",
              "moneysavingexpert": "PCW00",
              "MVC": "PCW00",
              "noselect": "PCW00",
              "quidco": "PCW00",
              "quotesearch": "PCW00",
              "rescuecomp": "PCW00",
              "topcash": "PCW00",
              "uksimple": "PCW00",
              "uswitch": "PCW00",
              "voucher": "PCW00",
              "vouchercloud": "PCW00",
              "ContactCentre": "PHONE",
              "Digital": "WEB00",
              "Other": "OTH00",
              "other": "OTH00",
              "PCW": "PCW00",
              "moneysupermarket": "PCW00"
            }
          },
          "business_error": {
            "DLG_CostCentre": "SYS000",
            "DLG_Account": "10025",
            "DLG_Channel": {
              "boughtbymany": "PCW00",
              "breakdowncover": "PCW00",
              "breakdowncovercompare": "PCW00",
              "comparesave": "PCW00",
              "comparethemarket": "PCW00",
              "confused": "PCW00",
              "discvouch": "PCW00",
              "fairinvest": "PCW00",
              "gocompare": "PCW00",
              "kidstart": "PCW00",
              "knowyourmoney": "PCW00",
              "Money": "PCW00",
              "moneysavingexpert": "PCW00",
              "MVC": "PCW00",
              "noselect": "PCW00",
              "quidco": "PCW00",
              "quotesearch": "PCW00",
              "rescuecomp": "PCW00",
              "topcash": "PCW00",
              "uksimple": "PCW00",
              "uswitch": "PCW00",
              "voucher": "PCW00",
              "vouchercloud": "PCW00",
              "ContactCentre": "PHONE",
              "Digital": "WEB00",
              "Other": "OTH00",
              "other": "OTH00",
              "PCW": "PCW00",
              "moneysupermarket": "PCW00"
            }
          },
          "cancelled_policy": {
            "DLG_CostCentre": "SYS000",
            "DLG_Account": "10025",
            "DLG_Channel": {
              "boughtbymany": "PCW00",
              "breakdowncover": "PCW00",
              "breakdowncovercompare": "PCW00",
              "comparesave": "PCW00",
              "comparethemarket": "PCW00",
              "confused": "PCW00",
              "discvouch": "PCW00",
              "fairinvest": "PCW00",
              "gocompare": "PCW00",
              "kidstart": "PCW00",
              "knowyourmoney": "PCW00",
              "Money": "PCW00",
              "moneysavingexpert": "PCW00",
              "MVC": "PCW00",
              "noselect": "PCW00",
              "quidco": "PCW00",
              "quotesearch": "PCW00",
              "rescuecomp": "PCW00",
              "topcash": "PCW00",
              "uksimple": "PCW00",
              "uswitch": "PCW00",
              "voucher": "PCW00",
              "vouchercloud": "PCW00",
              "ContactCentre": "PHONE",
              "Digital": "WEB00",
              "Other": "OTH00",
              "other": "OTH00",
              "PCW": "PCW00",
              "moneysupermarket": "PCW00"
            }
          },
          "customer_dispute": {
            "DLG_CostCentre": "SYS000",
            "DLG_Account": "10025",
            "DLG_Channel": {
              "boughtbymany": "PCW00",
              "breakdowncover": "PCW00",
              "breakdowncovercompare": "PCW00",
              "comparesave": "PCW00",
              "comparethemarket": "PCW00",
              "confused": "PCW00",
              "discvouch": "PCW00",
              "fairinvest": "PCW00",
              "gocompare": "PCW00",
              "kidstart": "PCW00",
              "knowyourmoney": "PCW00",
              "Money": "PCW00",
              "moneysavingexpert": "PCW00",
              "MVC": "PCW00",
              "noselect": "PCW00",
              "quidco": "PCW00",
              "quotesearch": "PCW00",
              "rescuecomp": "PCW00",
              "topcash": "PCW00",
              "uksimple": "PCW00",
              "uswitch": "PCW00",
              "voucher": "PCW00",
              "vouchercloud": "PCW00",
              "ContactCentre": "PHONE",
              "Digital": "WEB00",
              "Other": "OTH00",
              "other": "OTH00",
              "PCW": "PCW00",
              "moneysupermarket": "PCW00"
            }
          },
          "debt_cancel": {
            "DLG_CostCentre": "SYS000",
            "DLG_Account": "10025",
            "DLG_Channel": {
              "boughtbymany": "PCW00",
              "breakdowncover": "PCW00",
              "breakdowncovercompare": "PCW00",
              "comparesave": "PCW00",
              "comparethemarket": "PCW00",
              "confused": "PCW00",
              "discvouch": "PCW00",
              "fairinvest": "PCW00",
              "gocompare": "PCW00",
              "kidstart": "PCW00",
              "knowyourmoney": "PCW00",
              "Money": "PCW00",
              "moneysavingexpert": "PCW00",
              "MVC": "PCW00",
              "noselect": "PCW00",
              "quidco": "PCW00",
              "quotesearch": "PCW00",
              "rescuecomp": "PCW00",
              "topcash": "PCW00",
              "uksimple": "PCW00",
              "uswitch": "PCW00",
              "voucher": "PCW00",
              "vouchercloud": "PCW00",
              "ContactCentre": "PHONE",
              "Digital": "WEB00",
              "Other": "OTH00",
              "other": "OTH00",
              "PCW": "PCW00",
              "moneysupermarket": "PCW00"
            }
          },
          "debt_close": {
            "DLG_CostCentre": "SYS000",
            "DLG_Account": "10025",
            "DLG_Channel": {
              "boughtbymany": "PCW00",
              "breakdowncover": "PCW00",
              "breakdowncovercompare": "PCW00",
              "comparesave": "PCW00",
              "comparethemarket": "PCW00",
              "confused": "PCW00",
              "discvouch": "PCW00",
              "fairinvest": "PCW00",
              "gocompare": "PCW00",
              "kidstart": "PCW00",
              "knowyourmoney": "PCW00",
              "Money": "PCW00",
              "moneysavingexpert": "PCW00",
              "MVC": "PCW00",
              "noselect": "PCW00",
              "quidco": "PCW00",
              "quotesearch": "PCW00",
              "rescuecomp": "PCW00",
              "topcash": "PCW00",
              "uksimple": "PCW00",
              "uswitch": "PCW00",
              "voucher": "PCW00",
              "vouchercloud": "PCW00",
              "ContactCentre": "PHONE",
              "Digital": "WEB00",
              "Other": "OTH00",
              "other": "OTH00",
              "PCW": "PCW00",
              "moneysupermarket": "PCW00"
            }
          },
          "debt_coollection": {
            "DLG_CostCentre": "SYS000",
            "DLG_Account": "10025",
            "DLG_Channel": {
              "boughtbymany": "PCW00",
              "breakdowncover": "PCW00",
              "breakdowncovercompare": "PCW00",
              "comparesave": "PCW00",
              "comparethemarket": "PCW00",
              "confused": "PCW00",
              "discvouch": "PCW00",
              "fairinvest": "PCW00",
              "gocompare": "PCW00",
              "kidstart": "PCW00",
              "knowyourmoney": "PCW00",
              "Money": "PCW00",
              "moneysavingexpert": "PCW00",
              "MVC": "PCW00",
              "noselect": "PCW00",
              "quidco": "PCW00",
              "quotesearch": "PCW00",
              "rescuecomp": "PCW00",
              "topcash": "PCW00",
              "uksimple": "PCW00",
              "uswitch": "PCW00",
              "voucher": "PCW00",
              "vouchercloud": "PCW00",
              "ContactCentre": "PHONE",
              "Digital": "WEB00",
              "Other": "OTH00",
              "other": "OTH00",
              "PCW": "PCW00",
              "moneysupermarket": "PCW00"
            }
          },
          "debt_collection_adjustment": {
            "DLG_CostCentre": "SYS000",
            "DLG_Account": "10025",
            "DLG_Channel": {
              "boughtbymany": "PCW00",
              "breakdowncover": "PCW00",
              "breakdowncovercompare": "PCW00",
              "comparesave": "PCW00",
              "comparethemarket": "PCW00",
              "confused": "PCW00",
              "discvouch": "PCW00",
              "fairinvest": "PCW00",
              "gocompare": "PCW00",
              "kidstart": "PCW00",
              "knowyourmoney": "PCW00",
              "Money": "PCW00",
              "moneysavingexpert": "PCW00",
              "MVC": "PCW00",
              "noselect": "PCW00",
              "quidco": "PCW00",
              "quotesearch": "PCW00",
              "rescuecomp": "PCW00",
              "topcash": "PCW00",
              "uksimple": "PCW00",
              "uswitch": "PCW00",
              "voucher": "PCW00",
              "vouchercloud": "PCW00",
              "ContactCentre": "PHONE",
              "Digital": "WEB00",
              "Other": "OTH00",
              "other": "OTH00",
              "PCW": "PCW00",
              "moneysupermarket": "PCW00"
            }
          },
          "deceased": {
            "DLG_CostCentre": "SYS000",
            "DLG_Account": "10025",
            "DLG_Channel": {
              "boughtbymany": "PCW00",
              "breakdowncover": "PCW00",
              "breakdowncovercompare": "PCW00",
              "comparesave": "PCW00",
              "comparethemarket": "PCW00",
              "confused": "PCW00",
              "discvouch": "PCW00",
              "fairinvest": "PCW00",
              "gocompare": "PCW00",
              "kidstart": "PCW00",
              "knowyourmoney": "PCW00",
              "Money": "PCW00",
              "moneysavingexpert": "PCW00",
              "MVC": "PCW00",
              "noselect": "PCW00",
              "quidco": "PCW00",
              "quotesearch": "PCW00",
              "rescuecomp": "PCW00",
              "topcash": "PCW00",
              "uksimple": "PCW00",
              "uswitch": "PCW00",
              "voucher": "PCW00",
              "vouchercloud": "PCW00",
              "ContactCentre": "PHONE",
              "Digital": "WEB00",
              "Other": "OTH00",
              "other": "OTH00",
              "PCW": "PCW00",
              "moneysupermarket": "PCW00"
            }
          },
          "minimal_balance": {
            "DLG_CostCentre": "SYS000",
            "DLG_Account": "10025",
            "DLG_Channel": {
              "boughtbymany": "PCW00",
              "breakdowncover": "PCW00",
              "breakdowncovercompare": "PCW00",
              "comparesave": "PCW00",
              "comparethemarket": "PCW00",
              "confused": "PCW00",
              "discvouch": "PCW00",
              "fairinvest": "PCW00",
              "gocompare": "PCW00",
              "kidstart": "PCW00",
              "knowyourmoney": "PCW00",
              "Money": "PCW00",
              "moneysavingexpert": "PCW00",
              "MVC": "PCW00",
              "noselect": "PCW00",
              "quidco": "PCW00",
              "quotesearch": "PCW00",
              "rescuecomp": "PCW00",
              "topcash": "PCW00",
              "uksimple": "PCW00",
              "uswitch": "PCW00",
              "voucher": "PCW00",
              "vouchercloud": "PCW00",
              "ContactCentre": "PHONE",
              "Digital": "WEB00",
              "Other": "OTH00",
              "other": "OTH00",
              "PCW": "PCW00",
              "moneysupermarket": "PCW00"
            }
          },
          "other": {
            "DLG_CostCentre": "SYS000",
            "DLG_Account": "10025",
            "DLG_Channel": {
              "boughtbymany": "PCW00",
              "breakdowncover": "PCW00",
              "breakdowncovercompare": "PCW00",
              "comparesave": "PCW00",
              "comparethemarket": "PCW00",
              "confused": "PCW00",
              "discvouch": "PCW00",
              "fairinvest": "PCW00",
              "gocompare": "PCW00",
              "kidstart": "PCW00",
              "knowyourmoney": "PCW00",
              "Money": "PCW00",
              "moneysavingexpert": "PCW00",
              "MVC": "PCW00",
              "noselect": "PCW00",
              "quidco": "PCW00",
              "quotesearch": "PCW00",
              "rescuecomp": "PCW00",
              "topcash": "PCW00",
              "uksimple": "PCW00",
              "uswitch": "PCW00",
              "voucher": "PCW00",
              "vouchercloud": "PCW00",
              "ContactCentre": "PHONE",
              "Digital": "WEB00",
              "Other": "OTH00",
              "other": "OTH00",
              "PCW": "PCW00",
              "moneysupermarket": "PCW00"
            }
          },
          "referred_to_debt_agency": {
            "DLG_CostCentre": "SYS000",
            "DLG_Account": "10025",
            "DLG_Channel": {
              "boughtbymany": "PCW00",
              "breakdowncover": "PCW00",
              "breakdowncovercompare": "PCW00",
              "comparesave": "PCW00",
              "comparethemarket": "PCW00",
              "confused": "PCW00",
              "discvouch": "PCW00",
              "fairinvest": "PCW00",
              "gocompare": "PCW00",
              "kidstart": "PCW00",
              "knowyourmoney": "PCW00",
              "Money": "PCW00",
              "moneysavingexpert": "PCW00",
              "MVC": "PCW00",
              "noselect": "PCW00",
              "quidco": "PCW00",
              "quotesearch": "PCW00",
              "rescuecomp": "PCW00",
              "topcash": "PCW00",
              "uksimple": "PCW00",
              "uswitch": "PCW00",
              "voucher": "PCW00",
              "vouchercloud": "PCW00",
              "ContactCentre": "PHONE",
              "Digital": "WEB00",
              "Other": "OTH00",
              "other": "OTH00",
              "PCW": "PCW00",
              "moneysupermarket": "PCW00"
            }
          },
          "reinstatement_adjustment": {
            "DLG_CostCentre": "SYS000",
            "DLG_Account": "10025",
            "DLG_Channel": {
              "boughtbymany": "PCW00",
              "breakdowncover": "PCW00",
              "breakdowncovercompare": "PCW00",
              "comparesave": "PCW00",
              "comparethemarket": "PCW00",
              "confused": "PCW00",
              "discvouch": "PCW00",
              "fairinvest": "PCW00",
              "gocompare": "PCW00",
              "kidstart": "PCW00",
              "knowyourmoney": "PCW00",
              "Money": "PCW00",
              "moneysavingexpert": "PCW00",
              "MVC": "PCW00",
              "noselect": "PCW00",
              "quidco": "PCW00",
              "quotesearch": "PCW00",
              "rescuecomp": "PCW00",
              "topcash": "PCW00",
              "uksimple": "PCW00",
              "uswitch": "PCW00",
              "voucher": "PCW00",
              "vouchercloud": "PCW00",
              "ContactCentre": "PHONE",
              "Digital": "WEB00",
              "Other": "OTH00",
              "other": "OTH00",
              "PCW": "PCW00",
              "moneysupermarket": "PCW00"
            }
          },
          "error": {
            "DLG_CostCentre": "SYS000",
            "DLG_Account": "10025",
            "DLG_Channel": {
              "boughtbymany": "PCW00",
              "breakdowncover": "PCW00",
              "breakdowncovercompare": "PCW00",
              "comparesave": "PCW00",
              "comparethemarket": "PCW00",
              "confused": "PCW00",
              "discvouch": "PCW00",
              "fairinvest": "PCW00",
              "gocompare": "PCW00",
              "kidstart": "PCW00",
              "knowyourmoney": "PCW00",
              "Money": "PCW00",
              "moneysavingexpert": "PCW00",
              "MVC": "PCW00",
              "noselect": "PCW00",
              "quidco": "PCW00",
              "quotesearch": "PCW00",
              "rescuecomp": "PCW00",
              "topcash": "PCW00",
              "uksimple": "PCW00",
              "uswitch": "PCW00",
              "voucher": "PCW00",
              "vouchercloud": "PCW00",
              "ContactCentre": "PHONE",
              "Digital": "WEB00",
              "Other": "OTH00",
              "other": "OTH00",
              "PCW": "PCW00",
              "moneysupermarket": "PCW00"
            }
          },
          "expired": {
            "DLG_CostCentre": "SYS000",
            "DLG_Account": "10025",
            "DLG_Channel": {
              "boughtbymany": "PCW00",
              "breakdowncover": "PCW00",
              "breakdowncovercompare": "PCW00",
              "comparesave": "PCW00",
              "comparethemarket": "PCW00",
              "confused": "PCW00",
              "discvouch": "PCW00",
              "fairinvest": "PCW00",
              "gocompare": "PCW00",
              "kidstart": "PCW00",
              "knowyourmoney": "PCW00",
              "Money": "PCW00",
              "moneysavingexpert": "PCW00",
              "MVC": "PCW00",
              "noselect": "PCW00",
              "quidco": "PCW00",
              "quotesearch": "PCW00",
              "rescuecomp": "PCW00",
              "topcash": "PCW00",
              "uksimple": "PCW00",
              "uswitch": "PCW00",
              "voucher": "PCW00",
              "vouchercloud": "PCW00",
              "ContactCentre": "PHONE",
              "Digital": "WEB00",
              "Other": "OTH00",
              "other": "OTH00",
              "PCW": "PCW00",
              "moneysupermarket": "PCW00"
            }
          },
          "unreturnable": {
            "DLG_CostCentre": "SYS000",
            "DLG_Account": "10025",
            "DLG_Channel": {
              "boughtbymany": "PCW00",
              "breakdowncover": "PCW00",
              "breakdowncovercompare": "PCW00",
              "comparesave": "PCW00",
              "comparethemarket": "PCW00",
              "confused": "PCW00",
              "discvouch": "PCW00",
              "fairinvest": "PCW00",
              "gocompare": "PCW00",
              "kidstart": "PCW00",
              "knowyourmoney": "PCW00",
              "Money": "PCW00",
              "moneysavingexpert": "PCW00",
              "MVC": "PCW00",
              "noselect": "PCW00",
              "quidco": "PCW00",
              "quotesearch": "PCW00",
              "rescuecomp": "PCW00",
              "topcash": "PCW00",
              "uksimple": "PCW00",
              "uswitch": "PCW00",
              "voucher": "PCW00",
              "vouchercloud": "PCW00",
              "ContactCentre": "PHONE",
              "Digital": "WEB00",
              "Other": "OTH00",
              "other": "OTH00",
              "PCW": "PCW00",
              "moneysupermarket": "PCW00"
            }
          },
          "MinorAdjustment": {
            "DLG_CostCentre": "SYS000",
            "DLG_Account": "10025",
            "DLG_Channel": {
              "boughtbymany": "PCW00",
              "breakdowncover": "PCW00",
              "breakdowncovercompare": "PCW00",
              "comparesave": "PCW00",
              "comparethemarket": "PCW00",
              "confused": "PCW00",
              "discvouch": "PCW00",
              "fairinvest": "PCW00",
              "gocompare": "PCW00",
              "kidstart": "PCW00",
              "knowyourmoney": "PCW00",
              "Money": "PCW00",
              "moneysavingexpert": "PCW00",
              "MVC": "PCW00",
              "noselect": "PCW00",
              "quidco": "PCW00",
              "quotesearch": "PCW00",
              "rescuecomp": "PCW00",
              "topcash": "PCW00",
              "uksimple": "PCW00",
              "uswitch": "PCW00",
              "voucher": "PCW00",
              "vouchercloud": "PCW00",
              "ContactCentre": "PHONE",
              "Digital": "WEB00",
              "Other": "OTH00",
              "other": "OTH00",
              "PCW": "PCW00",
              "moneysupermarket": "PCW00"
            }
          },
          "LowBalanceInvoice": {
            "DLG_CostCentre": "SYS000",
            "DLG_Account": "10025",
            "DLG_Channel": {
              "boughtbymany": "PCW00",
              "breakdowncover": "PCW00",
              "breakdowncovercompare": "PCW00",
              "comparesave": "PCW00",
              "comparethemarket": "PCW00",
              "confused": "PCW00",
              "discvouch": "PCW00",
              "fairinvest": "PCW00",
              "gocompare": "PCW00",
              "kidstart": "PCW00",
              "knowyourmoney": "PCW00",
              "Money": "PCW00",
              "moneysavingexpert": "PCW00",
              "MVC": "PCW00",
              "noselect": "PCW00",
              "quidco": "PCW00",
              "quotesearch": "PCW00",
              "rescuecomp": "PCW00",
              "topcash": "PCW00",
              "uksimple": "PCW00",
              "uswitch": "PCW00",
              "voucher": "PCW00",
              "vouchercloud": "PCW00",
              "ContactCentre": "PHONE",
              "Digital": "WEB00",
              "Other": "OTH00",
              "other": "OTH00",
              "PCW": "PCW00",
              "moneysupermarket": "PCW00"
            }
          },
          "AgencyPmntDisposition": {
            "DLG_CostCentre": "SYS000",
            "DLG_Account": "10025",
            "DLG_Channel": {
              "boughtbymany": "PCW00",
              "breakdowncover": "PCW00",
              "breakdowncovercompare": "PCW00",
              "comparesave": "PCW00",
              "comparethemarket": "PCW00",
              "confused": "PCW00",
              "discvouch": "PCW00",
              "fairinvest": "PCW00",
              "gocompare": "PCW00",
              "kidstart": "PCW00",
              "knowyourmoney": "PCW00",
              "Money": "PCW00",
              "moneysavingexpert": "PCW00",
              "MVC": "PCW00",
              "noselect": "PCW00",
              "quidco": "PCW00",
              "quotesearch": "PCW00",
              "rescuecomp": "PCW00",
              "topcash": "PCW00",
              "uksimple": "PCW00",
              "uswitch": "PCW00",
              "voucher": "PCW00",
              "vouchercloud": "PCW00",
              "ContactCentre": "PHONE",
              "Digital": "WEB00",
              "Other": "OTH00",
              "other": "OTH00",
              "PCW": "PCW00",
              "moneysupermarket": "PCW00"
            }
          },
          "CommissionRemainder": {
            "DLG_CostCentre": "SYS000",
            "DLG_Account": "10025",
            "DLG_Channel": {
              "boughtbymany": "PCW00",
              "breakdowncover": "PCW00",
              "breakdowncovercompare": "PCW00",
              "comparesave": "PCW00",
              "comparethemarket": "PCW00",
              "confused": "PCW00",
              "discvouch": "PCW00",
              "fairinvest": "PCW00",
              "gocompare": "PCW00",
              "kidstart": "PCW00",
              "knowyourmoney": "PCW00",
              "Money": "PCW00",
              "moneysavingexpert": "PCW00",
              "MVC": "PCW00",
              "noselect": "PCW00",
              "quidco": "PCW00",
              "quotesearch": "PCW00",
              "rescuecomp": "PCW00",
              "topcash": "PCW00",
              "uksimple": "PCW00",
              "uswitch": "PCW00",
              "voucher": "PCW00",
              "vouchercloud": "PCW00",
              "ContactCentre": "PHONE",
              "Digital": "WEB00",
              "Other": "OTH00",
              "other": "OTH00",
              "PCW": "PCW00",
              "moneysupermarket": "PCW00"
            }
          },
          "DCA_MDR_Premium_Close": {
            "DLG_CostCentre": "SYS000",
            "DLG_Account": "10025",
            "DLG_Channel": {
              "boughtbymany": "PCW00",
              "breakdowncover": "PCW00",
              "breakdowncovercompare": "PCW00",
              "comparesave": "PCW00",
              "comparethemarket": "PCW00",
              "confused": "PCW00",
              "discvouch": "PCW00",
              "fairinvest": "PCW00",
              "gocompare": "PCW00",
              "kidstart": "PCW00",
              "knowyourmoney": "PCW00",
              "Money": "PCW00",
              "moneysavingexpert": "PCW00",
              "MVC": "PCW00",
              "noselect": "PCW00",
              "quidco": "PCW00",
              "quotesearch": "PCW00",
              "rescuecomp": "PCW00",
              "topcash": "PCW00",
              "uksimple": "PCW00",
              "uswitch": "PCW00",
              "voucher": "PCW00",
              "vouchercloud": "PCW00",
              "ContactCentre": "PHONE",
              "Digital": "WEB00",
              "Other": "OTH00",
              "other": "OTH00",
              "PCW": "PCW00",
              "moneysupermarket": "PCW00"
            }
          },
          "DCA_MDR_Instalment_Close": {
            "DLG_CostCentre": "SYS000",
            "DLG_Account": "14321",
            "DLG_Channel": {
              "boughtbymany": "PCW00",
              "breakdowncover": "PCW00",
              "breakdowncovercompare": "PCW00",
              "comparesave": "PCW00",
              "comparethemarket": "PCW00",
              "confused": "PCW00",
              "discvouch": "PCW00",
              "fairinvest": "PCW00",
              "gocompare": "PCW00",
              "kidstart": "PCW00",
              "knowyourmoney": "PCW00",
              "Money": "PCW00",
              "moneysavingexpert": "PCW00",
              "MVC": "PCW00",
              "noselect": "PCW00",
              "quidco": "PCW00",
              "quotesearch": "PCW00",
              "rescuecomp": "PCW00",
              "topcash": "PCW00",
              "uksimple": "PCW00",
              "uswitch": "PCW00",
              "voucher": "PCW00",
              "vouchercloud": "PCW00",
              "ContactCentre": "PHONE",
              "Digital": "WEB00",
              "Other": "OTH00",
              "other": "OTH00",
              "PCW": "PCW00",
              "moneysupermarket": "PCW00"
            }
          }
        }
      }
    }
  }],
  "Credit": [{
    "DLG_Company": "320",
    "DLG_Interco": "000",
    "DLG_Spare1": "0",
    "DLG_Spare2": "0",
    "DLG_Origin": {
      "GWBCGLBilling": "GWBC"
    },
    "DLG_Brand": {
      "Churchill": "R0002",
      "DirectLine": "R0001",
      "Privilege": "CD000",
      "FJ WEDDING HIRE SCHEME - 581": "B0121",
      "DL4B": "DFB04"
    },
    "DLG_Product": {
      "Motor": "208",
      "CommercialMotor": "214",
      "Legal_Ext": "831 ",
      "CommercialProperty": "626",
      "CommercialLiability": "000"
    },
    "DLG_Transaction_Sub_Type": {
      "AccountInterestTxn": {
        "DLG_Transaction_Reason": {
          "nonfinancialloss": {
            "DLG_CostCentre": "000000",
            "DLG_Account": "71047",
            "DLG_Channel": "00000"
          },
          "financialloss": {
            "DLG_CostCentre": "000000",
            "DLG_Account": "71047",
            "DLG_Channel": "00000"
          },
          "exgratia": {
            "DLG_CostCentre": "000000",
            "DLG_Account": "71047",
            "DLG_Channel": "00000"
          },
          "FOSinterest": {
            "DLG_CostCentre": "000000",
            "DLG_Account": "71047",
            "DLG_Channel": "00000"
          },
          "FOScompensationtax": {
            "DLG_CostCentre": "000000",
            "DLG_Account": "81705",
            "DLG_Channel": "00000"
          }
        }
      },
      "AccountNegativeWriteoffTxn": {
        "DLG_Transaction_Reason": {
          "other": {
            "DLG_CostCentre": "SYS000",
            "DLG_Account": "13850",
            "DLG_Channel": {
              "boughtbymany": "PCW00",
              "breakdowncover": "PCW00",
              "breakdowncovercompare": "PCW00",
              "comparesave": "PCW00",
              "comparethemarket": "PCW00",
              "confused": "PCW00",
              "discvouch": "PCW00",
              "fairinvest": "PCW00",
              "gocompare": "PCW00",
              "kidstart": "PCW00",
              "knowyourmoney": "PCW00",
              "Money": "PCW00",
              "moneysavingexpert": "PCW00",
              "MVC": "PCW00",
              "noselect": "PCW00",
              "quidco": "PCW00",
              "quotesearch": "PCW00",
              "rescuecomp": "PCW00",
              "topcash": "PCW00",
              "uksimple": "PCW00",
              "uswitch": "PCW00",
              "voucher": "PCW00",
              "vouchercloud": "PCW00",
              "ContactCentre": "PHONE",
              "Digital": "WEB00",
              "Other": "OTH00",
              "other": "OTH00",
              "PCW": "PCW00",
              "moneysupermarket": "PCW00"
            }
          },
          "Negative Write-off": {
            "DLG_CostCentre": "SYS000",
            "DLG_Account": "13850",
            "DLG_Channel": {
              "boughtbymany": "PCW00",
              "breakdowncover": "PCW00",
              "breakdowncovercompare": "PCW00",
              "comparesave": "PCW00",
              "comparethemarket": "PCW00",
              "confused": "PCW00",
              "discvouch": "PCW00",
              "fairinvest": "PCW00",
              "gocompare": "PCW00",
              "kidstart": "PCW00",
              "knowyourmoney": "PCW00",
              "Money": "PCW00",
              "moneysavingexpert": "PCW00",
              "MVC": "PCW00",
              "noselect": "PCW00",
              "quidco": "PCW00",
              "quotesearch": "PCW00",
              "rescuecomp": "PCW00",
              "topcash": "PCW00",
              "uksimple": "PCW00",
              "uswitch": "PCW00",
              "voucher": "PCW00",
              "vouchercloud": "PCW00",
              "ContactCentre": "PHONE",
              "Digital": "WEB00",
              "Other": "OTH00",
              "other": "OTH00",
              "PCW": "PCW00",
              "moneysupermarket": "PCW00"
            }
          },
          "Suspension": {
            "DLG_CostCentre": "SYS000",
            "DLG_Account": "13850",
            "DLG_Channel": {
              "boughtbymany": "PCW00",
              "breakdowncover": "PCW00",
              "breakdowncovercompare": "PCW00",
              "comparesave": "PCW00",
              "comparethemarket": "PCW00",
              "confused": "PCW00",
              "discvouch": "PCW00",
              "fairinvest": "PCW00",
              "gocompare": "PCW00",
              "kidstart": "PCW00",
              "knowyourmoney": "PCW00",
              "Money": "PCW00",
              "moneysavingexpert": "PCW00",
              "MVC": "PCW00",
              "noselect": "PCW00",
              "quidco": "PCW00",
              "quotesearch": "PCW00",
              "rescuecomp": "PCW00",
              "topcash": "PCW00",
              "uksimple": "PCW00",
              "uswitch": "PCW00",
              "voucher": "PCW00",
              "vouchercloud": "PCW00",
              "ContactCentre": "PHONE",
              "Digital": "WEB00",
              "Other": "OTH00",
              "other": "OTH00",
              "PCW": "PCW00",
              "moneysupermarket": "PCW00"
            }
          },
          "unreturnable": {
            "DLG_CostCentre": "SYS000",
            "DLG_Account": "13850",
            "DLG_Channel": {
              "boughtbymany": "PCW00",
              "breakdowncover": "PCW00",
              "breakdowncovercompare": "PCW00",
              "comparesave": "PCW00",
              "comparethemarket": "PCW00",
              "confused": "PCW00",
              "discvouch": "PCW00",
              "fairinvest": "PCW00",
              "gocompare": "PCW00",
              "kidstart": "PCW00",
              "knowyourmoney": "PCW00",
              "Money": "PCW00",
              "moneysavingexpert": "PCW00",
              "MVC": "PCW00",
              "noselect": "PCW00",
              "quidco": "PCW00",
              "quotesearch": "PCW00",
              "rescuecomp": "PCW00",
              "topcash": "PCW00",
              "uksimple": "PCW00",
              "uswitch": "PCW00",
              "voucher": "PCW00",
              "vouchercloud": "PCW00",
              "ContactCentre": "PHONE",
              "Digital": "WEB00",
              "Other": "OTH00",
              "other": "OTH00",
              "PCW": "PCW00",
              "moneysupermarket": "PCW00"
            }
          }
        }
      },
      "DebtReferralMoorcroft": {
        "DLG_Transaction_Reason": {
          "DLG_MDR_Premium_Adj": {
            "DLG_CostCentre": "000000",
            "DLG_Account": "71041",
            "DLG_Channel": "00000"
          },
          "DLG_MDR_Instalment_Adj": {
            "DLG_CostCentre": "SYS000",
            "DLG_Account": "14321",
            "DLG_Channel": "00000"
          }
        }
      },
      "DirectBillMoneyRcvdTxn": {
        "DLG_Transaction_Reason": {
          "PolUnappliedFund": {
            "DLG_CostCentre": "000000",
            "DLG_Account": "71047",
            "DLG_Channel": "00000"
          },
          "Premium": {
            "DLG_CostCentre": "000000",
            "DLG_Account": "71041",
            "DLG_Channel": "00000"
          },
          "instalmentcharge": {
            "DLG_CostCentre": "SYS000",
            "DLG_Account": "14321",
            "DLG_Channel": "00000"
          },
          "adminfee": {
            "DLG_CostCentre": "000000",
            "DLG_Account": "71041",
            "DLG_Channel": "00000"
          },
          "DLG_MDR_Premium_Cash": {
            "DLG_CostCentre": "000000",
            "DLG_Account": "71042",
            "DLG_Channel": "00000"
          },
          "DLG_MDR_Instalment_Cash": {
            "DLG_CostCentre": "000000",
            "DLG_Account": "71042",
            "DLG_Channel": "00000"
          },
          "DCA_MDR_Premium": {
            "DLG_CostCentre": "000000",
            "DLG_Account": "71042",
            "DLG_Channel": "00000"
          },
          "DCA_MDR_Instalment": {
            "DLG_CostCentre": "000000",
            "DLG_Account": "71042",
            "DLG_Channel": "00000"
          },
          "DCA_MDR_Field_Premium": {
            "DLG_CostCentre": "000000",
            "DLG_Account": "71042",
            "DLG_Channel": "00000"
          },
          "DCA_MDR_Field_Instalment": {
            "DLG_CostCentre": "000000",
            "DLG_Account": "71042",
            "DLG_Channel": "00000"
          }
        }
      },
      "DisbursementPaid": {
        "DLG_Transaction_Reason": {
          "PolUnappliedFund": {
            "DLG_CostCentre": "000000",
            "DLG_Account": "60485",
            "DLG_Channel": "00000",
            "DLG_Brand": "00000",
            "DLG_Product": "000",
            "DLG_Origin": "0000"
          },
          "exgratia": {
            "DLG_CostCentre": "000000",
            "DLG_Account": "60485",
            "DLG_Channel": "00000",
            "DLG_Brand": "00000",
            "DLG_Product": "000",
            "DLG_Origin": "0000"
          },
          "nonfinancialloss": {
            "DLG_CostCentre": "000000",
            "DLG_Account": "60485",
            "DLG_Channel": "00000",
            "DLG_Brand": "00000",
            "DLG_Product": "000",
            "DLG_Origin": "0000"
          },
          "financialloss": {
            "DLG_CostCentre": "000000",
            "DLG_Account": "60485",
            "DLG_Channel": "00000",
            "DLG_Brand": "00000",
            "DLG_Product": "000",
            "DLG_Origin": "0000"
          }
        }
        },
        "ChargeWrittenOff": {
          "DLG_Transaction_Reason": {
            "uncollectable": {
              "DLG_CostCentre": "000000",
              "DLG_Account": "71041",
              "DLG_Channel": "00000"
            },
            "bankruptcy": {
              "DLG_CostCentre": "000000",
              "DLG_Account": "71041",
              "DLG_Channel": "00000"
            },
            "business_error": {
              "DLG_CostCentre": "000000",
              "DLG_Account": "71041",
              "DLG_Channel": "00000"
            },
            "cancelled_policy": {
              "DLG_CostCentre": "000000",
              "DLG_Account": "71041",
              "DLG_Channel": "00000"
            },
            "customer_dispute": {
              "DLG_CostCentre": "000000",
              "DLG_Account": "71041",
              "DLG_Channel": "00000"
            },
            "debt_cancel": {
              "DLG_CostCentre": "000000",
              "DLG_Account": "71041",
              "DLG_Channel": "00000"
            },
            "debt_close": {
              "DLG_CostCentre": "000000",
              "DLG_Account": "71041",
              "DLG_Channel": "00000"
            },
            "debt_coollection": {
              "DLG_CostCentre": "000000",
              "DLG_Account": "71041",
              "DLG_Channel": "00000"
            },
            "debt_collection_adjustment": {
              "DLG_CostCentre": "000000",
              "DLG_Account": "71041",
              "DLG_Channel": "00000"
            },
            "deceased": {
              "DLG_CostCentre": "000000",
              "DLG_Account": "71041",
              "DLG_Channel": "00000"
            },
            "minimal_balance": {
              "DLG_CostCentre": "000000",
              "DLG_Account": "71041",
              "DLG_Channel": "00000"
            },
            "other": {
              "DLG_CostCentre": "000000",
              "DLG_Account": "71041",
              "DLG_Channel": "00000"
            },
            "referred_to_debt_agency": {
              "DLG_CostCentre": "000000",
              "DLG_Account": "71041",
              "DLG_Channel": "00000"
            },
            "reinstatement_adjustment": {
              "DLG_CostCentre": "000000",
              "DLG_Account": "71041",
              "DLG_Channel": "00000"
            },
            "error": {
              "DLG_CostCentre": "000000",
              "DLG_Account": "71041",
              "DLG_Channel": "00000"
            },
            "expired": {
              "DLG_CostCentre": "000000",
              "DLG_Account": "71041",
              "DLG_Channel": "00000"
            },
            "unreturnable": {
              "DLG_CostCentre": "000000",
              "DLG_Account": "71041",
              "DLG_Channel": "00000"
            },
            "MinorAdjustment": {
              "DLG_CostCentre": "000000",
              "DLG_Account": "71041",
              "DLG_Channel": "00000"
            },
            "LowBalanceInvoice": {
              "DLG_CostCentre": "000000",
              "DLG_Account": "71041",
              "DLG_Channel": "00000"
            },
            "AgencyPmntDisposition": {
              "DLG_CostCentre": "000000",
              "DLG_Account": "71041",
              "DLG_Channel": "00000"
            },
            "CommissionRemainder": {
              "DLG_CostCentre": "000000",
              "DLG_Account": "71041",
              "DLG_Channel": "00000"
            },
            "DCA_MDR_Premium_Close": {
              "DLG_CostCentre": "000000",
              "DLG_Account": "71042",
              "DLG_Channel": "00000"
            },
            "DCA_MDR_Instalment_Close": {
              "DLG_CostCentre": "000000",
              "DLG_Account": "71042",
              "DLG_Channel": "00000"
            }
          }
        }

    }
  }]
}