<soap:Envelope xmlns:soap="http://www.w3.org/2003/05/soap-envelope" xmlns:pub="http://xmlns.oracle.com/oxp/service/PublicReportService">
    <soap:Header/>
    <soap:Body>
        <pub:runReport>
            <pub:reportRequest>
                <pub:parameterNameValues>
                    <!--Zero or more repetitions:-->
                    <pub:item>
                        <pub:defaultValue>SELECT EVENT_ID FROM XLA_EVENTS</pub:defaultValue>
                        <pub:name>segment1</pub:name>
                        <pub:values>
                            <!--Zero or more repetitions:-->
                            <pub:item>##segment1##</pub:item>
                        </pub:values>
                    </pub:item>
                    <pub:item>
                        <pub:defaultValue>SELECT EVENT_ID FROM XLA_EVENTS</pub:defaultValue>
                        <pub:name>segment2</pub:name>
                        <pub:values>
                            <!--Zero or more repetitions:-->
                            <pub:item>##segment2##</pub:item>
                        </pub:values>
                    </pub:item>
                    <pub:item>
                        <pub:defaultValue>SELECT EVENT_ID FROM XLA_EVENTS</pub:defaultValue>
                        <pub:name>segment3</pub:name>
                        <pub:values>
                            <!--Zero or more repetitions:-->
                            <pub:item>##segment3##</pub:item>
                        </pub:values>
                    </pub:item>
                    <pub:item>
                        <pub:defaultValue>SELECT EVENT_ID FROM XLA_EVENTS</pub:defaultValue>
                        <pub:name>segment4</pub:name>
                        <pub:values>
                            <!--Zero or more repetitions:-->
                            <pub:item>##segment4##</pub:item>
                        </pub:values>
                    </pub:item>
                    <pub:item>
                        <pub:defaultValue>SELECT EVENT_ID FROM XLA_EVENTS</pub:defaultValue>
                        <pub:name>segment5</pub:name>
                        <pub:values>
                            <!--Zero or more repetitions:-->
                            <pub:item>##segment5##</pub:item>
                        </pub:values>
                    </pub:item>
                    <pub:item>
                        <pub:defaultValue>SELECT EVENT_ID FROM XLA_EVENTS</pub:defaultValue>
                        <pub:name>segment6</pub:name>
                        <pub:values>
                            <!--Zero or more repetitions:-->
                            <pub:item>##segment6##</pub:item>
                        </pub:values>
                    </pub:item>
                    <pub:item>
                        <pub:defaultValue>SELECT EVENT_ID FROM XLA_EVENTS</pub:defaultValue>
                        <pub:name>segment7</pub:name>
                        <pub:values>
                            <!--Zero or more repetitions:-->
                            <pub:item>##segment7##</pub:item>
                        </pub:values>
                    </pub:item>
                    <pub:item>
                        <pub:defaultValue>SELECT EVENT_ID FROM XLA_EVENTS</pub:defaultValue>
                        <pub:name>segment8</pub:name>
                        <pub:values>
                            <!--Zero or more repetitions:-->
                            <pub:item>##segment8##</pub:item>
                        </pub:values>
                    </pub:item>
                    <pub:item>
                        <pub:defaultValue>SELECT EVENT_ID FROM XLA_EVENTS</pub:defaultValue>
                        <pub:name>segment9</pub:name>
                        <pub:values>
                            <!--Zero or more repetitions:-->
                            <pub:item>##segment9##</pub:item>
                        </pub:values>
                    </pub:item>
                    <pub:item>
                        <pub:defaultValue>SELECT EVENT_ID FROM XLA_EVENTS</pub:defaultValue>
                        <pub:name>segment10</pub:name>
                        <pub:values>
                            <!--Zero or more repetitions:-->
                            <pub:item>##segment10##</pub:item>
                        </pub:values>
                    </pub:item>
                </pub:parameterNameValues>
                <pub:reportAbsolutePath>/Custom/DLGTesting/CODECOMBINATIONRPT.xdo</pub:reportAbsolutePath>
                <pub:sizeOfDataChunkDownload>-1</pub:sizeOfDataChunkDownload>
            </pub:reportRequest>
            <pub:appParams/>
        </pub:runReport>
    </soap:Body>
</soap:Envelope>