"HDR1,'SpecialPaymentsAPINvoice',1,1928,1928,2020-03-31T16:20:59"
"INV1,4140593,TEST036_2021_07_02_BQAA.DCN4PCXW229.18219.48238,31/03/2020,'SPECIAL PAYMENTS','NON SYSTEM',10,'GBP',1,'User',31/03/2020,'Nationwide','SPECIAL PAYMENTS','MISS JASMINE HAMILTON','24 King George Street','Shotton','CH51DY',,,'Check',,,SEND,16040031298026,'Nationwide',NH54302336647292,'SPECIAL PAYMENTS',82,'TEST BANK',160400,31298026,'CHECK',1,101.000000.80600.000.00000.00000.000.0000.0.0,07/08/2018,31/03/2020,-1,31/03/2020,-1,'GB'"
"LINE1,4140593,'Y',82,31/03/2020 16:20,-1,31/03/2020 16:20,-1,'ITEM',Nationwide,1,10,320.PL0000.20165.830.NWD00.00000.000.SPPY.0.0"
"INV1,4140594,TEST036_2021_07_02_siep.DCN4PCXW208.18309.37373,31/03/2020,'SPECIAL PAYMENTS','DL4B',10,'GBP',1,'User',31/03/2020,'Direct Line','SPECIAL PAYMENTS','MICHAEL CLARKE','45 Onehouse Road','Stowmarket','Suffolk','IP14 1QP',,'Check',,,SEND,16040031298026,'Direct Line',200452642,'SPECIAL PAYMENTS',82,'TEST BANK',160400,31298026,'CHECK',1,101.000000.80600.000.00000.00000.000.0000.0.0,05/11/2018,31/03/2020,-1,31/03/2020,-1,'GB'"
"LINE1,4140594,'Y',82,31/03/2020 16:20,-1,31/03/2020 16:20,-1,'ITEM',Direct Line,1,10,320.SYS013.71110.000.DFB04.00000.000.SPPY.0.0"
"INV1,4140595,TEST036_2021_07_02_buny.GBDT00036684.18303.37650,31/03/2020,'SPECIAL PAYMENTS','DL4B EVO',10.93,'GBP',1,'User',31/03/2020,'Direct Line','SPECIAL PAYMENTS','MRS RACHAEL COVERDALE','Repunzal','2 High Street','Scarborough','YO11 3LJ',,'Check',,,SEND,16040031298026,'Direct Line',700002608,'SPECIAL PAYMENTS',82,'TEST BANK',160400,31298026,'CHECK',1,101.000000.80600.000.00000.00000.000.0000.0.0,30/10/2018,31/03/2020,-1,31/03/2020,-1,'GB'"
"LINE1,4140595,'Y',82,31/03/2020 16:20,-1,31/03/2020 16:20,-1,'ITEM',Direct Line,1,10.93,320.SYS013.71110.000.DFB15.00000.000.SPPY.0.0"
"INV1,4140596,TEST036_2021_07_02_divy.DCN3PCXW202.18282.31773,31/03/2020,'SPECIAL PAYMENTS','DL4B',11.92,'GBP',1,'User',31/03/2020,'Directline Commercial Refunds','SPECIAL PAYMENTS','Mr Andrew Thomas K',,,,,,'FPAY_Ins',61198641,601917,'GB',16040031275654,'Directline Commercial Refunds',200459652,'SPECIAL PAYMENTS',82,'TEST BANK',160400,31275654,'SP-FPAY',1,101.000000.80600.000.00000.00000.000.0000.0.0,09/10/2018,31/03/2020,-1,31/03/2020,-1,'GB'"
"LINE1,4140596,'Y',82,31/03/2020 16:20,-1,31/03/2020 16:20,-1,'ITEM',Directline Commercial Refunds,1,11.92,101.000000.83400.000.00000.00000.000.SPPY.0.0"
"INV1,4140597,TEST036_2021_07_02_waqn.GBDT00028139.192.43061,31/03/2020,'SPECIAL PAYMENTS','NON SYSTEM',20,'GBP',1,'User',31/03/2020,'MR A TRAVERS','SPECIAL PAYMENTS','MR A TRAVERS','125 HIGH STREET','LINTON','CAMBRIDGE','CB21 4JT',,'Check',,,SEND,16040020177340,'UKAARC',102597,'SPECIAL PAYMENTS',82,'TEST BANK',160400,20177340,'CHECK',1,101.000000.80600.000.00000.00000.000.0000.0.0,02/01/2019,31/03/2020,-1,31/03/2020,-1,'GB'"
"LINE1,4140597,'Y',82,31/03/2020 16:20,-1,31/03/2020 16:20,-1,'ITEM','MR A TRAVERS',1,20,101.118437.36890.000.00000.00000.000.SPPY.0.0"
"INV1,4140598,TEST036_2021_07_02_BKGQ.DCN3PCXW212.18339.54833,31/03/2020,'SPECIAL PAYMENTS','DL4B',20,'GBP',1,'User',31/03/2020,'Direct Line','SPECIAL PAYMENTS','MR JIM MCDONALD ','Glenview','Pennyglen','Maybole','Ayrshire','KA19 8JW','Check',,,SEND,16040031298026,'Direct Line',200191459,'SPECIAL PAYMENTS',82,'TEST BANK',160400,31298026,'CHECK',1,101.000000.80600.000.00000.00000.000.0000.0.0,05/12/2018,31/03/2020,-1,31/03/2020,-1,'GB'"
"LINE1,4140598,'Y',82,31/03/2020 16:20,-1,31/03/2020 16:20,-1,'ITEM',Direct Line,1,20,320.SYS013.71110.000.DFB04.00000.000.SPPY.0.0"
"INV1,4140599,TEST036_2021_07_02_WOXJ.DCN4PCXW219.18362.54722,31/03/2020,'SPECIAL PAYMENTS','NON SYSTEM',40,'GBP',1,'User',31/03/2020,'26677611','SPECIAL PAYMENTS','Mr Vali Pirsoltani',,,,,,'FPAY_Ins',06513645,070436,'GB',16040031298026,'Churchill Retail',62951532,'SPECIAL PAYMENTS',82,'TEST BANK',160400,31298026,'SP-FPAY',1,101.000000.80600.000.00000.00000.000.0000.0.0,28/12/2018,31/03/2020,-1,31/03/2020,-1,'GB'"
"LINE1,4140599,'Y',82,31/03/2020 16:20,-1,31/03/2020 16:20,-1,'ITEM',26677611,1,40,320.PL0000.20165.208.R0002.00000.000.SPPY.0.0"
"INV1,4140600,TEST036_2021_07_02_hrbl.GBDT00011353.18229.61733,31/03/2020,'SPECIAL PAYMENTS','NON SYSTEM',50,'GBP',1,'User',31/03/2020,'59461595','SPECIAL PAYMENTS','Miss Laura Lopez-Iglesias',,,,,,'FPAY_Ins',20837135,600524,'GB',16040031298026,'Natwest Travel',82779717,'SPECIAL PAYMENTS',82,'TEST BANK',160400,31298026,'SP-FPAY',1,101.000000.80600.000.00000.00000.000.0000.0.0,17/08/2018,31/03/2020,-1,31/03/2020,-1,'GB'"
"LINE1,4140600,'Y',82,31/03/2020 16:20,-1,31/03/2020 16:20,-1,'ITEM',59461595,1,50,320.PL0000.20165.830.NWD00.00000.000.SPPY.0.0"
"INV1,4140601,TEST036_2021_07_02_tohd.DCN3PCXW243.18247.48344,31/03/2020,'SPECIAL PAYMENTS','NON SYSTEM',59.2,'EUR',1,'User',31/03/2020,'UKI','SPECIAL PAYMENTS','MR P D SANSOM-TIMMS','CROXLEY HALL FARM','CROXLEY GREEN','RICKMANSWORTH','HERTFORDSHIRE','WD3 3BQ','InterDraft_Ins',,,SEND,16040031298026,'UKI',33368777,'SPECIAL PAYMENTS',82,'TEST BANK',160400,31298026,'CHECK',1,101.000000.80600.000.00000.00000.000.0000.0.0,04/09/2018,31/03/2020,-1,31/03/2020,-1,'GB'"
"LINE1,4140601,'Y',82,31/03/2020 16:20,-1,31/03/2020 16:20,-1,'ITEM',UKI,1,59.2,320.PL0000.20165.208.ABC00.00000.000.SPPY.0.0"
"INV1,4140602,TEST036_2021_07_02_hjjy.GBDT00037520.19115.51503,31/03/2020,'SPECIAL PAYMENTS','UIS',1365.72,'ZAR',0.0520531,'User',31/03/2020,'19-1228','SPECIAL PAYMENTS','Alliance International Medical Services',,,,,,'InterTransUrgent_Ins',1284057046,nedszajjxxx,'ZA',56003629711681,'Nationwide Travel',54747350/01x2,'SPECIAL PAYMENTS',82,'TEST BANK',560036,29711681,'WIRE',1,101.000000.80600.000.00000.00000.000.0000.0.0,25/04/2019,31/03/2020,-1,31/03/2020,-1,'ZA'"
"LINE1,4140602,'Y',82,31/03/2020 16:20,-1,31/03/2020 16:20,-1,'ITEM',19-1228,1,1365.72,101.000000.74500.000.UIS00.00000.320.SPPY.0.0"
"INV1,4140603,TEST036_2021_07_02_FCAF.DCN4PCXW238.18200.36317,31/03/2020,'SPECIAL PAYMENTS','NON SYSTEM',100,'GBP',1,'User',31/03/2020,'Churchill Partners U/W by UKI','SPECIAL PAYMENTS','Mrs Lynne Illman',,,,,,'FPAYURG_Ins',02114241,309455,'GB',16040031294519,'Churchill Partners U/W by UKI',n/a,'SPECIAL PAYMENTS',82,'TEST BANK',160400,31294519,'WIRE',1,101.000000.80600.000.00000.00000.000.0000.0.0,19/07/2018,31/03/2020,-1,31/03/2020,-1,'GB'"
"LINE1,4140603,'Y',82,31/03/2020 16:20,-1,31/03/2020 16:20,-1,'ITEM',Churchill Partners U/W by UKI,1,100,320.PL0000.20165.208.ABC00.00000.000.SPPY.0.0"
"INV1,4140604,TEST036_2021_07_02_mew6.GBDT00027399.1986.44663,31/03/2020,'SPECIAL PAYMENTS','NON SYSTEM',100,'GBP',1,'User',31/03/2020,'31868670','SPECIAL PAYMENTS','MR TONY WILKINSON','6 Robin Close','Ollerton','Newark','NG22 9DS',,'Check',,,SEND,60000141442865,'UKI Busines Solutions',102604,'SPECIAL PAYMENTS',82,'TEST BANK',600001,41442865,'CHECK',1,101.000000.80600.000.00000.00000.000.0000.0.0,27/03/2019,31/03/2020,-1,31/03/2020,-1,'GB'"
"LINE1,4140604,'Y',82,31/03/2020 16:20,-1,31/03/2020 16:20,-1,'ITEM','31868670',1,100,409.154001.36980.963.BIS02.00000.000.SPPY.0.0"
"INV1,4140605,TEST036_2021_07_02_jusd.DCN4PCXW217.19108.62815,31/03/2020,'SPECIAL PAYMENTS','PI',140.62,'USD',0.7525245,'User',31/03/2020,'1538808','SPECIAL PAYMENTS','Cambridge - Global Excel Management','71 Fenchurch Street','10th Floor','London','EC3M 4BS',,'InterTransUrgent_Ins',GB65BOFA16505029462166,BOFAGB22XXX,'US',16040031302384,'MHNW UKI RBS sterling and non euro',P0047708,'SPECIAL PAYMENTS',82,'TEST BANK',160400,31302384,'WIRE',1,101.000000.80600.000.00000.00000.000.0000.0.0,18/04/2019,31/03/2020,-1,31/03/2020,-1,'US'"
"LINE1,4140605,'Y',82,31/03/2020 16:20,-1,31/03/2020 16:20,-1,'ITEM',1538808,1,140.62,101.000000.83400.000.00000.00000.000.SPPY.0.0"
"INV1,4140606,TEST036_2021_07_02_CMK5.DCN3PCXW229.18316.51589,31/03/2020,'SPECIAL PAYMENTS','NON SYSTEM',135.12,'GBP',1,'User',31/03/2020,'811817431/2','SPECIAL PAYMENTS','MILES GILLMAN','Coach House','Rickmansworth Road','Northwood','Middlesex','HA6 2QP','Check',,,SEND,16040031298026,'Prudential',811817431,'SPECIAL PAYMENTS',82,'TEST BANK',160400,31298026,'CHECK',1,101.000000.80600.000.00000.00000.000.0000.0.0,12/11/2018,31/03/2020,-1,31/03/2020,-1,'GB'"
"LINE1,4140606,'Y',82,31/03/2020 16:20,-1,31/03/2020 16:20,-1,'ITEM',811817431/2,1,135.12,320.PL0000.20165.208.P0007.00000.000.SPPY.0.0"
"INV1,4140607,TEST036_2021_07_02_bceh.GBDT00027864.1931.41407,31/03/2020,'SPECIAL PAYMENTS','UIS',143.3,'GBP',1,'User',31/03/2020,'19-0419','SPECIAL PAYMENTS','driving force one ltd',,,,,,'FPAY_Ins',90648140,203883,'GB',16040020177790,'UKI',82965035/01 x1,'SPECIAL PAYMENTS',82,'TEST BANK',160400,20177790,'WIRE',1,101.000000.80600.000.00000.00000.000.0000.0.0,31/01/2019,31/03/2020,-1,31/03/2020,-1,'GB'"
"LINE1,4140607,'Y',82,31/03/2020 16:20,-1,31/03/2020 16:20,-1,'ITEM',19-0419,1,143.3,101.000000.74500.000.UIS00.00000.320.SPPY.0.0"
"INV1,4140608,TEST036_2021_07_02_jusd.DCN4PCXW243.18233.44762,31/03/2020,'SPECIAL PAYMENTS','PI',151.5,'GBP',1,'User',31/03/2020,'PM130218TMA','SPECIAL PAYMENTS','Safehands International FZE',,,,,,'InterTrans_Ins',ae410330000019100186870,bomlaeadxxx,'AE',16040031302392,'MHNW DLI RBS sterling and non euro',P0058936,'SPECIAL PAYMENTS',82,'TEST BANK',160400,31302392,'WIRE',1,101.000000.80600.000.00000.00000.000.0000.0.0,21/08/2018,31/03/2020,-1,31/03/2020,-1,'AE'"
"LINE1,4140608,'Y',82,31/03/2020 16:20,-1,31/03/2020 16:20,-1,'ITEM',PM130218TMA,1,151.5,101.000000.83400.000.00000.00000.000.SPPY.0.0"
"INV1,4140609,TEST036_2021_07_02_COSY.GBDT00007000.18177.44545,31/03/2020,'SPECIAL PAYMENTS','NON SYSTEM',156.12,'GBP',1,'User',31/03/2020,'006226594','SPECIAL PAYMENTS','Cavendish Auto Centre Limited  ',,,,,,'FPAYURG_Ins',00214009,309618,'GB',16040031298026,'NIG IS2000 Commercial Credit',6226594,'SPECIAL PAYMENTS',82,'TEST BANK',160400,31298026,'WIRE',1,101.000000.80600.000.00000.00000.000.0000.0.0,26/06/2018,31/03/2020,-1,31/03/2020,-1,'GB'"
"LINE1,4140609,'Y',82,31/03/2020 16:20,-1,31/03/2020 16:20,-1,'ITEM',006226594,1,156.12,320.SYS013.71100.000.00000.00000.000.SPPY.0.0"
"INV1,4140610,TEST036_2021_07_02_BRDC.DCN4PVXW569.19137.57108,31/03/2020,'SPECIAL PAYMENTS','NON SYSTEM',160,'GBP',1,'User',31/03/2020,'Direct Line','SPECIAL PAYMENTS','JEANIE BARTON','79 Imperial Road','Beeston','Nottingham','NG9 1FE',,'Check',,,SEND,16040031298026,'Direct Line',102610,'SPECIAL PAYMENTS',82,'TEST BANK',160400,31298026,'CHECK',1,101.000000.80600.000.00000.00000.000.0000.0.0,17/05/2019,31/03/2020,-1,31/03/2020,-1,'GB'"
"LINE1,4140610,'Y',82,31/03/2020 16:20,-1,31/03/2020 16:20,-1,'ITEM','Direct Line',1,160,101.101201.30220.000.00000.00000.000.SPPY.0.0"
"INV1,4140611,TEST036_2021_07_02_gutb.GBDT00037549.1973.66578,31/03/2020,'SPECIAL PAYMENTS','UIS',2000,'SEK',0.08249,'User',31/03/2020,'Margaret Fisher','SPECIAL PAYMENTS','Hospital of Helsingborg',,,,,,'InterTransUrgent_Ins',SE8180000821499231447732,SWEDSESSXXX,'SE',56003629711681,'Nationwide Travel',18143850/03 x3,'SPECIAL PAYMENTS',82,'TEST BANK',560036,29711681,'WIRE',1,101.000000.80600.000.00000.00000.000.0000.0.0,14/03/2019,31/03/2020,-1,31/03/2020,-1,'SE'"
"LINE1,4140611,'Y',82,31/03/2020 16:20,-1,31/03/2020 16:20,-1,'ITEM',Margaret Fisher,1,2000,101.000000.74500.000.UIS00.00000.320.SPPY.0.0"
"INV1,4140612,TEST036_2021_07_02_bceh.GBDT00027864.1973.44786,31/03/2020,'SPECIAL PAYMENTS','UIS',350,'AUD',0.5388,'User',31/03/2020,'19-0946','SPECIAL PAYMENTS','aai',,,,,,'InterTrans_Ins',742739015,nataau3302s,'AU',16040020177790,'UKI',66533205/01 x1,'SPECIAL PAYMENTS',82,'TEST BANK',160400,20177790,'WIRE',1,101.000000.80600.000.00000.00000.000.0000.0.0,14/03/2019,31/03/2020,-1,31/03/2020,-1,'AU'"
"LINE1,4140612,'Y',82,31/03/2020 16:20,-1,31/03/2020 16:20,-1,'ITEM',19-0946,1,350,101.000000.74500.000.UIS00.00000.320.SPPY.0.0"
"INV1,4140613,TEST036_2021_07_02_bceh.GBDT00027864.1930.34712,31/03/2020,'SPECIAL PAYMENTS','UIS',272.5,'GBP',1,'User',31/03/2020,'ep1800018','SPECIAL PAYMENTS','eventus plus limited',,,,,,'FPAY_Ins',73026043,202461,'GB',56003629711681,'UKI Natwest',67575319/01 x1,'SPECIAL PAYMENTS',82,'TEST BANK',560036,29711681,'WIRE',1,101.000000.80600.000.00000.00000.000.0000.0.0,30/01/2019,31/03/2020,-1,31/03/2020,-1,'GB'"
"LINE1,4140613,'Y',82,31/03/2020 16:20,-1,31/03/2020 16:20,-1,'ITEM',ep1800018,1,272.5,101.000000.74500.000.UIS00.00000.320.SPPY.0.0"
"INV1,4140614,TEST036_2021_07_02_bceh.GBDT00027864.19130.49174,31/03/2020,'SPECIAL PAYMENTS','UIS',596.44,'AUD',0.5421501,'User',31/03/2020,'19-1470','SPECIAL PAYMENTS','aai',,,,,,'InterTrans_Ins',742739015,nataau3302s,'AU',56003629711681,'UKI Natwest',various,'SPECIAL PAYMENTS',82,'TEST BANK',560036,29711681,'WIRE',1,101.000000.80600.000.00000.00000.000.0000.0.0,10/05/2019,31/03/2020,-1,31/03/2020,-1,'AU'"
"LINE1,4140614,'Y',82,31/03/2020 16:20,-1,31/03/2020 16:20,-1,'ITEM',19-1470,1,596.44,101.000000.74500.000.UIS00.00000.320.SPPY.0.0"
"INV1,4140615,TEST036_2021_07_02_kbah.GBDT00001249.1974.44491,31/03/2020,'SPECIAL PAYMENTS','NON SYSTEM',340.8,'GBP',1,'User',31/03/2020,'Direct Line','SPECIAL PAYMENTS','BEN WOODING',,,,,,'FPAY_Ins',12100662,414086,'GB',16040031298026,'Direct Line',59541003,'SPECIAL PAYMENTS',82,'TEST BANK',160400,31298026,'SP-FPAY',1,101.000000.80600.000.00000.00000.000.0000.0.0,15/03/2019,31/03/2020,-1,31/03/2020,-1,'GB'"
"LINE1,4140615,'Y',82,31/03/2020 16:20,-1,31/03/2020 16:20,-1,'ITEM',Direct Line,1,340.8,320.PL0000.20165.208.R0001.00000.000.SPPY.0.0"
"INV1,4140616,TEST036_2021_07_02_ancw.GBDT00007149.18256.53361,31/03/2020,'SPECIAL PAYMENTS','NON SYSTEM',346.41,'GBP',1,'User',31/03/2020,'Bilal Ahmed','SPECIAL PAYMENTS','BILAL AHMED','461 Sutton Road','Walsall',,'WS5 3AU',,'Check',,,SEND,16040020177340,'UKAARC',102616,'SPECIAL PAYMENTS',82,'TEST BANK',160400,20177340,'CHECK',1,101.000000.80600.000.00000.00000.000.0000.0.0,13/09/2018,31/03/2020,-1,31/03/2020,-1,'GB'"
"LINE1,4140616,'Y',82,31/03/2020 16:20,-1,31/03/2020 16:20,-1,'ITEM','Bilal Ahmed',1,346.41,101.118430.36890.000.00000.00000.000.SPPY.0.0"
"INV1,4140617,TEST036_2021_07_02_sr87.GBDT00013942.18158.52049,31/03/2020,'SPECIAL PAYMENTS','PI',379.39,'GBP',1,'User',31/03/2020,'MHNW DLI RBS sterling and non euro','SPECIAL PAYMENTS','Mrs L Mccarthy',,,,,,'FPAYURG_Ins',70223441,400200,'GB',16040031302392,'MHNW DLI RBS sterling and non euro',P0058555,'SPECIAL PAYMENTS',82,'TEST BANK',160400,31302392,'WIRE',1,101.000000.80600.000.00000.00000.000.0000.0.0,07/06/2018,31/03/2020,-1,31/03/2020,-1,'GB'"
"LINE1,4140617,'Y',82,31/03/2020 16:20,-1,31/03/2020 16:20,-1,'ITEM',MHNW DLI RBS sterling and non euro,1,379.39,101.000000.83400.000.00000.00000.000.SPPY.0.0"
"INV1,4140618,TEST036_2021_07_02_bceh.GBDT00027864.19133.36579,31/03/2020,'SPECIAL PAYMENTS','UIS',459.6,'EUR',0.8636423,'User',31/03/2020,'19-1468','SPECIAL PAYMENTS','connex assistance dmcc',,,,,,'InterTrans_Ins',ch4204835148567572001,creschzz80a,'CH',16040020177790,'UKI',83744769/01 x2,'SPECIAL PAYMENTS',82,'TEST BANK',160400,20177790,'WIRE',1,101.000000.80600.000.00000.00000.000.0000.0.0,13/05/2019,31/03/2020,-1,31/03/2020,-1,'CH'"
"LINE1,4140618,'Y',82,31/03/2020 16:20,-1,31/03/2020 16:20,-1,'ITEM',19-1468,1,459.6,101.000000.74500.000.UIS00.00000.320.SPPY.0.0"
"INV1,4140619,TEST036_2021_07_02_fagm.GBDT00014844.18179.40149,31/03/2020,'SPECIAL PAYMENTS','UIS',938.76,'AUD',0.5677703,'User',31/03/2020,'18-2253','SPECIAL PAYMENTS','AAI Australia ',,,,,,'InterTransUrgent_Ins',742739015,NATAAU3302S,'AU',16040020177790,'UKI',81800552/01 x1,'SPECIAL PAYMENTS',82,'TEST BANK',160400,20177790,'WIRE',1,101.000000.80600.000.00000.00000.000.0000.0.0,28/06/2018,31/03/2020,-1,31/03/2020,-1,'AU'"
"LINE1,4140619,'Y',82,31/03/2020 16:20,-1,31/03/2020 16:20,-1,'ITEM',18-2253,1,938.76,101.000000.74500.000.UIS00.00000.320.SPPY.0.0"
"INV1,4140620,TEST036_2021_07_02_Heng.DCN4PCXW213.18346.56611,31/03/2020,'SPECIAL PAYMENTS','NON SYSTEM',567.6,'GBP',1,'User',31/03/2020,'Stannp SI-4029','SPECIAL PAYMENTS','Stannp Ltd',,,,,,'FPAYURG_Ins',93556530,200459,'GB',16040031298026,'DL Insurance Services Ltd 101',102620,'SPECIAL PAYMENTS',82,'TEST BANK',160400,31298026,'WIRE',1,101.000000.80600.000.00000.00000.000.0000.0.0,12/12/2018,31/03/2020,-1,31/03/2020,-1,'GB'"
"LINE1,4140620,'Y',82,31/03/2020 16:20,-1,31/03/2020 16:20,-1,'ITEM','Stannp SI-4029',1,567.6,101.173007.32810.000.00000.00000.000.SPPY.0.0"
"INV1,4140621,TEST036_2021_07_02_muru.GBDT00037301.1984.38768,31/03/2020,'SPECIAL PAYMENTS','NON SYSTEM',600,'GBP',1,'User',31/03/2020,'UK Assistance Accident Repair Centres Ltd 404','SPECIAL PAYMENTS','wright attachments',,,,,,'FPAYURG_Ins',70115363,201071,'GB',16040020177340,'UK Assistance Accident Repair Centres Ltd 404',102621,'SPECIAL PAYMENTS',82,'TEST BANK',160400,20177340,'WIRE',1,101.000000.80600.000.00000.00000.000.0000.0.0,25/03/2019,31/03/2020,-1,31/03/2020,-1,'GB'"
"LINE1,4140621,'Y',82,31/03/2020 16:20,-1,31/03/2020 16:20,-1,'ITEM','UK Assistance Accident Repair Centres Ltd 404',1,600,101.118414.36890.000.00000.00000.000.SPPY.0.0"
"INV1,4140622,TEST036_2021_07_02_bceh.GBDT00027864.18190.37210,31/03/2020,'SPECIAL PAYMENTS','UIS',1239.7,'NZD',0.526216,'User',31/03/2020,'n177486','SPECIAL PAYMENTS','auckland district health board',,,,,,'InterTransUrgent_Ins',020500041602900,bknznz22xxx,'NZ',56003629711681,'UKI Natwest',54735534/01 x1,'SPECIAL PAYMENTS',82,'TEST BANK',560036,29711681,'WIRE',1,101.000000.80600.000.00000.00000.000.0000.0.0,09/07/2018,31/03/2020,-1,31/03/2020,-1,'NZ'"
"LINE1,4140622,'Y',82,31/03/2020 16:20,-1,31/03/2020 16:20,-1,'ITEM',n177486,1,1239.7,101.000000.74500.000.UIS00.00000.320.SPPY.0.0"
"INV1,4140623,TEST036_2021_07_02_bceh.GBDT00027864.18281.35199,31/03/2020,'SPECIAL PAYMENTS','UIS',732,'EUR',0.8914071,'User',31/03/2020,'plag2018 15','SPECIAL PAYMENTS','regie de recettes champagny',,,,,,'InterTrans_Ins',fr7610071730000000200086550,trpufrp1xxx,'FR',56003629711681,'UKI Natwest',66660158/01  x1,'SPECIAL PAYMENTS',82,'TEST BANK',560036,29711681,'WIRE',1,101.000000.80600.000.00000.00000.000.0000.0.0,08/10/2018,31/03/2020,-1,31/03/2020,-1,'FR'"
"LINE1,4140623,'Y',82,31/03/2020 16:20,-1,31/03/2020 16:20,-1,'ITEM',plag2018 15,1,732,101.000000.74500.000.UIS00.00000.320.SPPY.0.0"
"INV1,4140624,TEST036_2021_07_02_FIYI.GBDT00015303.18165.47218,31/03/2020,'SPECIAL PAYMENTS','UIS',864.1,'CHF',0.7590441,'User',31/03/2020,'9302308','SPECIAL PAYMENTS','Aeroport International de Geneve',,,,,,'InterTrans_Ins',CH6990024024074808800T,UBSWCHZH12A,'CH',16040020177049,'Direct Line',81822377/01 x1,'SPECIAL PAYMENTS',82,'TEST BANK',160400,20177049,'WIRE',1,101.000000.80600.000.00000.00000.000.0000.0.0,14/06/2018,31/03/2020,-1,31/03/2020,-1,'CH'"
"LINE1,4140624,'Y',82,31/03/2020 16:20,-1,31/03/2020 16:20,-1,'ITEM',9302308,1,864.1,101.000000.74500.000.UIS00.00000.320.SPPY.0.0"
"INV1,4140625,TEST036_2021_07_02_BLRN.GBDT00037551.1917.35387,31/03/2020,'SPECIAL PAYMENTS','UIS',1010,'USD',0.709505,'User',31/03/2020,'3455 Robinson','SPECIAL PAYMENTS','Sky Trails',,,,,,'InterTransUrgent_Ins',9130001086719,SBICZMLXxxx,'ZM',16040020177049,'Direct Line',799274541/01 x1,'SPECIAL PAYMENTS',82,'TEST BANK',160400,20177049,'WIRE',1,101.000000.80600.000.00000.00000.000.0000.0.0,17/01/2019,31/03/2020,-1,31/03/2020,-1,'ZM'"
"LINE1,4140625,'Y',82,31/03/2020 16:20,-1,31/03/2020 16:20,-1,'ITEM',3455 Robinson,1,1010,101.000000.74500.000.UIS00.00000.320.SPPY.0.0"
"INV1,4140626,TEST036_2021_07_02_COSY.GBDT00036507.19135.27634,31/03/2020,'SPECIAL PAYMENTS','NON SYSTEM',745.04,'GBP',1,'User',31/03/2020,'005932578','SPECIAL PAYMENTS','RAINTHORPE FARMS LIMITED ','WILKIN CHAPMAN LLP','THE HALL','LAIRGATE','BEVERLEY','HU17 8HL','Check',,,SEND,16040031298026,'NIG Commercial',5932578,'SPECIAL PAYMENTS',82,'TEST BANK',160400,31298026,'CHECK',1,101.000000.80600.000.00000.00000.000.0000.0.0,15/05/2019,31/03/2020,-1,31/03/2020,-1,'GB'"
"LINE1,4140626,'Y',82,31/03/2020 16:20,-1,31/03/2020 16:20,-1,'ITEM',005932578,1,745.04,320.SYS013.71100.000.00000.00000.000.SPPY.0.0"
"INV1,4140627,TEST036_2021_07_02_spnh.DCN3PCXW225.19130.63577,31/03/2020,'SPECIAL PAYMENTS','UIS',1393.1,'CAD',0.5676405,'User',31/03/2020,'0077-19','SPECIAL PAYMENTS','Cambridge Mercantile Corp','212 King Street','Suite 400','Toronto','Ontario M5H1K5','Canada','InterTransUrgent_Ins',1298782,BOFMCAM2XXX,'CA',16040020177790,'UKI',69851299,'SPECIAL PAYMENTS',82,'TEST BANK',160400,20177790,'WIRE',1,101.000000.80600.000.00000.00000.000.0000.0.0,10/05/2019,31/03/2020,-1,31/03/2020,-1,'CA'"
"LINE1,4140627,'Y',82,31/03/2020 16:20,-1,31/03/2020 16:20,-1,'ITEM',0077-19,1,1393.1,101.000000.74500.000.UIS00.00000.320.SPPY.0.0"
"INV1,4140628,TEST036_2021_07_02_kbah.GBDT00001249.1910.48350,31/03/2020,'SPECIAL PAYMENTS','NON SYSTEM',874.8,'GBP',1,'User',31/03/2020,'INVOICE 42384','SPECIAL PAYMENTS','DIRECT SUPPLY UK LTD',,,,,,'FPAYURG_Ins',10343080,202015,'GB',16040020177340,'Direct Line Group Ltd 200',102628,'SPECIAL PAYMENTS',82,'TEST BANK',160400,20177340,'WIRE',1,101.000000.80600.000.00000.00000.000.0000.0.0,10/01/2019,31/03/2020,-1,31/03/2020,-1,'GB'"
"LINE1,4140628,'Y',82,31/03/2020 16:20,-1,31/03/2020 16:20,-1,'ITEM','INVOICE 42384',1,874.8,101.118428.31550.000.00000.00000.000.SPPY.0.0"
"INV1,4140629,TEST036_2021_07_02_mb93.DCN4TCXW201.1980.53218,31/03/2020,'SPECIAL PAYMENTS','NON SYSTEM',900,'EUR',1,'User',31/03/2020,'RQ2019900009','SPECIAL PAYMENTS','Eimear Brogan',,,,,,'InterTrans_Ins',IE47ULSB98628028847045,ULSBIE2D,'IE',56003616207211,'UK Insurance Ltd 320',RQ2019900009,'SPECIAL PAYMENTS',82,'TEST BANK',560036,16207211,'WIRE',1,101.000000.80600.000.00000.00000.000.0000.0.0,21/03/2019,31/03/2020,-1,31/03/2020,-1,'IE'"
"LINE1,4140629,'Y',82,31/03/2020 16:20,-1,31/03/2020 16:20,-1,'ITEM','RQ2019900009',1,900,320.114310.20010.839.FIR01.00000.000.SPPY.0.0"
"INV1,4140630,TEST036_2021_07_02_mb93.DCN4TCXW201.1980.35566,31/03/2020,'SPECIAL PAYMENTS','NON SYSTEM',900,'EUR',1,'User',31/03/2020,'RQ2019900009','SPECIAL PAYMENTS','Eimear Brogan',,,,,,'InterTrans_Ins',IE47ULSB98628028847045,ULSBIE2D,'IE',16040031298026,'UKI',RQ2019900009,'SPECIAL PAYMENTS',82,'TEST BANK',160400,31298026,'WIRE',1,101.000000.80600.000.00000.00000.000.0000.0.0,21/03/2019,31/03/2020,-1,31/03/2020,-1,'IE'"
"LINE1,4140630,'Y',82,31/03/2020 16:20,-1,31/03/2020 16:20,-1,'ITEM',RQ2019900009,1,900,320.PL0000.20165.208.ABC00.00000.000.SPPY.0.0"
"INV1,4140631,TEST036_2021_07_02_bceh.GBDT00027864.18248.44933,31/03/2020,'SPECIAL PAYMENTS','UIS',1550,'USD',0.7519097,'User',31/03/2020,'18-2802','SPECIAL PAYMENTS','one call medical transports',,,,,,'InterTrans_Ins',839536500,chasus33xxx,'US',16040020177049,'Direct Line',various,'SPECIAL PAYMENTS',82,'TEST BANK',160400,20177049,'WIRE',1,101.000000.80600.000.00000.00000.000.0000.0.0,05/09/2018,31/03/2020,-1,31/03/2020,-1,'US'"
"LINE1,4140631,'Y',82,31/03/2020 16:20,-1,31/03/2020 16:20,-1,'ITEM',18-2802,1,1550,101.000000.74500.000.UIS00.00000.320.SPPY.0.0"
"INV1,4140632,TEST036_2021_07_02_spnh.DCN4PCXW228.18260.70398,31/03/2020,'SPECIAL PAYMENTS','UIS',1523.04,'USD',0.7681873,'User',31/03/2020,'0153-18','SPECIAL PAYMENTS','Cambridge - Global Excel Management','71 Fenchurch Street','10th Floor','London','EC3M 4BS','VXX','InterTransUrgent_Ins',GB65BOFA16505029462166,BOFAGB22XXX,'CA',16040020177049,'Direct Line',69515551,'SPECIAL PAYMENTS',82,'TEST BANK',160400,20177049,'WIRE',1,101.000000.80600.000.00000.00000.000.0000.0.0,17/09/2018,31/03/2020,-1,31/03/2020,-1,'CA'"
"LINE1,4140632,'Y',82,31/03/2020 16:20,-1,31/03/2020 16:20,-1,'ITEM',0153-18,1,1523.04,101.000000.74500.000.UIS00.00000.320.SPPY.0.0"
"INV1,4140633,TEST036_2021_07_02_bceh.GBDT00027864.18211.55052,31/03/2020,'SPECIAL PAYMENTS','UIS',22300,'MAD',0.0781664,'User',31/03/2020,'2496/2017','SPECIAL PAYMENTS','polyclinique dar asseha',,,,,,'InterTransUrgent_Ins',022480000015000370253102,sgmbmamcxxx,'MA',56003629711681,'UKI Natwest',79962535/02 x1,'SPECIAL PAYMENTS',82,'TEST BANK',560036,29711681,'WIRE',1,101.000000.80600.000.00000.00000.000.0000.0.0,30/07/2018,31/03/2020,-1,31/03/2020,-1,'MA'"
"LINE1,4140633,'Y',82,31/03/2020 16:20,-1,31/03/2020 16:20,-1,'ITEM',2496/2017,1,22300,101.000000.74500.000.UIS00.00000.320.SPPY.0.0"
"INV1,4140634,TEST036_2021_07_02_BLRN.GBDT00014837.18303.42297,31/03/2020,'SPECIAL PAYMENTS','UIS',35096.4,'ZAR',0.0537297,'User',31/03/2020,'18-3361','SPECIAL PAYMENTS','Alliance International Medical Services',,,,,,'InterTransUrgent_Ins',1284057046,nedszajjxxx,'ZA',56003629711681,'UKI Natwest',VARIOUS,'SPECIAL PAYMENTS',82,'TEST BANK',560036,29711681,'WIRE',1,101.000000.80600.000.00000.00000.000.0000.0.0,30/10/2018,31/03/2020,-1,31/03/2020,-1,'ZA'"
"LINE1,4140634,'Y',82,31/03/2020 16:20,-1,31/03/2020 16:20,-1,'ITEM',18-3361,1,35096.4,101.000000.74500.000.UIS00.00000.320.SPPY.0.0"
"INV1,4140635,TEST036_2021_07_02_fiyi.GBDT00015303.1930.46772,31/03/2020,'SPECIAL PAYMENTS','UIS',2880.04,'USD',0.7174692,'User',31/03/2020,'PQM22633 campbell','SPECIAL PAYMENTS','Carnival Plc',,,,,,'InterTrans_Ins',GB90RBOS16630000374664,RBOSGB2LXXX,'GB',16040020177790,'UKI',69772643/01x 1 ,'SPECIAL PAYMENTS',82,'TEST BANK',160400,20177790,'WIRE',1,101.000000.80600.000.00000.00000.000.0000.0.0,30/01/2019,31/03/2020,-1,31/03/2020,-1,'GB'"
"LINE1,4140635,'Y',82,31/03/2020 16:20,-1,31/03/2020 16:20,-1,'ITEM',PQM22633 campbell,1,2880.04,101.000000.74500.000.UIS00.00000.320.SPPY.0.0"
"INV1,4140636,TEST036_2021_07_02_bceh.GBDT00027864.18282.40570,31/03/2020,'SPECIAL PAYMENTS','UIS',2914.8,'CHF',0.7657918,'User',31/03/2020,'54252','SPECIAL PAYMENTS','air zermatt ag',,,,,,'InterTrans_Ins',ch1804835002362141000,creschzz80a,'CH',56003629711681,'UKI Natwest',81777998/02  x1,'SPECIAL PAYMENTS',82,'TEST BANK',560036,29711681,'WIRE',1,101.000000.80600.000.00000.00000.000.0000.0.0,09/10/2018,31/03/2020,-1,31/03/2020,-1,'CH'"
"LINE1,4140636,'Y',82,31/03/2020 16:20,-1,31/03/2020 16:20,-1,'ITEM',54252,1,2914.8,101.000000.74500.000.UIS00.00000.320.SPPY.0.0"
"INV1,4140637,TEST036_2021_07_02_ln15.DCN3PCXW201.18157.50715,31/03/2020,'SPECIAL PAYMENTS','DL4B',2576.45,'GBP',1,'User',31/03/2020,'Directline Commercial Refunds','SPECIAL PAYMENTS','James R Duff',,,,,,'FPAYURG_Ins',00016000,839135,'GB',16040031275654,'Directline Commercial Refunds',100059067,'SPECIAL PAYMENTS',82,'TEST BANK',160400,31275654,'WIRE',1,101.000000.80600.000.00000.00000.000.0000.0.0,06/06/2018,31/03/2020,-1,31/03/2020,-1,'GB'"
"LINE1,4140637,'Y',82,31/03/2020 16:20,-1,31/03/2020 16:20,-1,'ITEM',Directline Commercial Refunds,1,2576.45,101.000000.83400.000.00000.00000.000.SPPY.0.0"
"INV1,4140638,TEST036_2021_07_02_arjp.DCN3PCXW232.1957.40412,31/03/2020,'SPECIAL PAYMENTS','NON SYSTEM',4679.5,'EUR',0.8614553,'User',31/03/2020,'12437','SPECIAL PAYMENTS','Amoss Solicitors','Warrington House','Mount Street Crescent','Dublin','Dublin 2','Republic of Ireland','InterTrans_Ins',IE499ULSB98501013875885,ULSBIE2D,'IE',16040031298026,'NIG IS2000 Commercial Credit',5906197,'SPECIAL PAYMENTS',82,'TEST BANK',160400,31298026,'WIRE',1,101.000000.80600.000.00000.00000.000.0000.0.0,26/02/2019,31/03/2020,-1,31/03/2020,-1,'IE'"
"LINE1,4140638,'Y',82,31/03/2020 16:20,-1,31/03/2020 16:20,-1,'ITEM',12437,1,4679.5,320.SYS013.71100.000.00000.00000.000.SPPY.0.0"
"INV1,4140639,TEST036_2021_07_02_sgbi.DCN3PCXW210.1953.54020,31/03/2020,'SPECIAL PAYMENTS','NIG / IS2000',4200,'GBP',1,'User',31/03/2020,'NIG Commercial Lines IS2000','SPECIAL PAYMENTS','Smart Island Developments Ltd',,,,,,'FPAY_Ins',11740279,087199,'GB',16040031298026,'NIG Commercial Lines IS2000',6195678,'SPECIAL PAYMENTS',82,'TEST BANK',160400,31298026,'SP-FPAY',1,101.000000.80600.000.00000.00000.000.0000.0.0,22/02/2019,31/03/2020,-1,31/03/2020,-1,'GB'"
"LINE1,4140639,'Y',82,31/03/2020 16:20,-1,31/03/2020 16:20,-1,'ITEM',NIG Commercial Lines IS2000,1,4200,320.SYS013.71090.000.B0001.00000.000.SPPY.0.0"
"INV1,4140640,TEST036_2021_07_02_mjls.DCN3PCXW239.18290.47029,31/03/2020,'SPECIAL PAYMENTS','PI',4884,'GBP',1,'User',31/03/2020,'PC018503','SPECIAL PAYMENTS','Mac Decorating Ltd',,,,,,'FPAY_Ins',36564893,602018,'GB',16040031302384,'MHNW UKI RBS sterling and non euro',P0048115,'SPECIAL PAYMENTS',82,'TEST BANK',160400,31302384,'SP-FPAY',1,101.000000.80600.000.00000.00000.000.0000.0.0,17/10/2018,31/03/2020,-1,31/03/2020,-1,'GB'"
"LINE1,4140640,'Y',82,31/03/2020 16:20,-1,31/03/2020 16:20,-1,'ITEM',PC018503,1,4884,101.000000.83400.000.00000.00000.000.SPPY.0.0"
"INV1,4140641,TEST036_2021_07_02_bxax.DCN4PCXW236.18292.54973,31/03/2020,'SPECIAL PAYMENTS','NON SYSTEM',725266.94,'INR',0.0109579,'User',31/03/2020,'INV/PREM/2018/1435','SPECIAL PAYMENTS','Raheja QBE General Insurance Co.Ltd',,,,,,'InterTrans_Ins',00600350068667,HDFCINBB,'IN',16040020177340,'UK Insurance Ltd 320',102641,'SPECIAL PAYMENTS',82,'TEST BANK',160400,20177340,'WIRE',1,101.000000.80600.000.00000.00000.000.0000.0.0,19/10/2018,31/03/2020,-1,31/03/2020,-1,'IN'"
"LINE1,4140641,'Y',82,31/03/2020 16:20,-1,31/03/2020 16:20,-1,'ITEM','INV/PREM/2018/1435',1,725266.94,101.102251.31330.000.00000.00000.000.SPPY.0.0"
"INV1,4140642,TEST036_2021_07_02_bceh.GBDT00027864.18263.38284,31/03/2020,'SPECIAL PAYMENTS','UIS',70678,'AED',0.2091044,'User',31/03/2020,'18-3013','SPECIAL PAYMENTS','life gulf assistant',,,,,,'InterTrans_Ins',ae560330000019100133153,bomlaeadxxx,'AE',56003629711681,'Nationwide Travel',81795684/01  x2,'SPECIAL PAYMENTS',82,'TEST BANK',560036,29711681,'WIRE',1,101.000000.80600.000.00000.00000.000.0000.0.0,20/09/2018,31/03/2020,-1,31/03/2020,-1,'AE'"
"LINE1,4140642,'Y',82,31/03/2020 16:20,-1,31/03/2020 16:20,-1,'ITEM',18-3013,1,70678,101.000000.74500.000.UIS00.00000.320.SPPY.0.0"
"INV1,4140643,TEST036_2021_07_02_fero.GBDT00011794.19114.58724,31/03/2020,'SPECIAL PAYMENTS','UIS',22470.92,'USD',0.7620614,'User',31/03/2020,'Swan B3836538','SPECIAL PAYMENTS','Global medical management Inc',,,,,,'InterTransUrgent_Ins',0429991509,BUFBUS3MXXX,'US',56003629711681,'UKI Natwest',18408713/01x2,'SPECIAL PAYMENTS',82,'TEST BANK',560036,29711681,'WIRE',1,101.000000.80600.000.00000.00000.000.0000.0.0,24/04/2019,31/03/2020,-1,31/03/2020,-1,'US'"
"LINE1,4140643,'Y',82,31/03/2020 16:20,-1,31/03/2020 16:20,-1,'ITEM',Swan B3836538,1,22470.92,101.000000.74500.000.UIS00.00000.320.SPPY.0.0"
"INV1,4140644,TEST036_2021_07_02_HOMY.DCN4PCXW225.18316.48280,31/03/2020,'SPECIAL PAYMENTS','NON SYSTEM',17263.95,'GBP',1,'User',31/03/2020,'AON ELQ3-18','SPECIAL PAYMENTS','AON UK Limited',,,,,,'FPAYURG_Ins',20543373,200000,'GB',50003616207211,'UK Insurance Ltd 320',102644,'SPECIAL PAYMENTS',82,'TEST BANK',500036,16207211,'WIRE',1,101.000000.80600.000.00000.00000.000.0000.0.0,12/11/2018,31/03/2020,-1,31/03/2020,-1,'GB'"
"LINE1,4140644,'Y',82,31/03/2020 16:20,-1,31/03/2020 16:20,-1,'ITEM','AON ELQ3-18',1,17263.95,320.000000.80130.828.B0001.00000.000.SPPY.0.0"
"INV1,4140645,TEST036_2021_07_02_hjjy.GBDT00037520.1937.51997,31/03/2020,'SPECIAL PAYMENTS','UIS',22000,'USD',0.7851205,'User',31/03/2020,'19-518','SPECIAL PAYMENTS','April Singapore Assistance PTE Ltd',,,,,,'InterTransUrgent_Ins',260845995178,HSBCSGSGXXX,'SG',56003629711681,'UKI Natwest',82761135/01x1,'SPECIAL PAYMENTS',82,'TEST BANK',560036,29711681,'WIRE',1,101.000000.80600.000.00000.00000.000.0000.0.0,06/02/2019,31/03/2020,-1,31/03/2020,-1,'SG'"
"LINE1,4140645,'Y',82,31/03/2020 16:20,-1,31/03/2020 16:20,-1,'ITEM',19-518,1,22000,101.000000.74500.000.UIS00.00000.320.SPPY.0.0"
"INV1,4140646,TEST036_2021_07_02_COSY.GBDT00007000.18227.38049,31/03/2020,'SPECIAL PAYMENTS','NON SYSTEM',17949.18,'GBP',1,'User',31/03/2020,'005293404','SPECIAL PAYMENTS','BLADE MOTOR COMPANY',,,,,,'FPAY_Ins',81390335,601455,'GB',16040031298026,'NIG IS2000 Commercial Credit',5293404,'SPECIAL PAYMENTS',82,'TEST BANK',160400,31298026,'SP-FPAY',1,101.000000.80600.000.00000.00000.000.0000.0.0,15/08/2018,31/03/2020,-1,31/03/2020,-1,'GB'"
"LINE1,4140646,'Y',82,31/03/2020 16:20,-1,31/03/2020 16:20,-1,'ITEM',005293404,1,17949.18,320.SYS013.71100.000.00000.00000.000.SPPY.0.0"
"INV1,4140647,TEST036_2021_07_02_SYAU.DCN4PCXW201.18219.35678,31/03/2020,'SPECIAL PAYMENTS','NON SYSTEM',22204.31,'GBP',1,'User',31/03/2020,'NIG COMM/ 1369','SPECIAL PAYMENTS','HORBURY FINANCIAL SERVICES LTD','40 WAKEFIELD ROAD','PONTEFRACT','WEST YORKSHIRE','WF7 7AB',,'Check',,,SEND,30000201618186,'Direct Line',102647,'SPECIAL PAYMENTS',82,'TEST BANK',300002,01618186,'CHECK',1,101.000000.80600.000.00000.00000.000.0000.0.0,07/08/2018,31/03/2020,-1,31/03/2020,-1,'GB'"
"LINE1,4140647,'Y',82,31/03/2020 16:20,-1,31/03/2020 16:20,-1,'ITEM','NIG COMM/ 1369',1,22204.31,320.SYS013.71100.000.B0001.00000.000.SPPY.0.0"
"INV1,4140648,TEST036_2021_07_02_HAMF.DCN3PCXW233.1935.53194,31/03/2020,'SPECIAL PAYMENTS','NIG / IS2000',32500,'EUR',0.8767354,'User',31/03/2020,'NIG Commercial','SPECIAL PAYMENTS','ANNA SMOLIGA-DZIEDZICKA','Return to','Mark Halliday','Commercial Claims 5th Floor','Direct Line House','M3 3HN','InterDraft_Ins',,,SEND,16040031298026,'NIG Commercial',6127147,'SPECIAL PAYMENTS',82,'TEST BANK',160400,31298026,'CHECK',1,101.000000.80600.000.00000.00000.000.0000.0.0,04/02/2019,31/03/2020,-1,31/03/2020,-1,'IE'"
"LINE1,4140648,'Y',82,31/03/2020 16:20,-1,31/03/2020 16:20,-1,'ITEM',NIG Commercial,1,32500,320.SYS013.71100.000.B0001.00000.000.SPPY.0.0"
"INV1,4140649,TEST036_2021_07_02_gutb.GBDT00015312.18320.41082,31/03/2020,'SPECIAL PAYMENTS','UIS',96334,'CAD',0.5882297,'User',31/03/2020,'18-3488','SPECIAL PAYMENTS','Cambridge Mercantile Corp','212 King Street West','Suite 400','Toronto','Ontario M5H 1K5','Canada','InterTransUrgent_Ins',1298782,BOFMCAM2XXX,'CA',56003629711681,'UKI Natwest',Various,'SPECIAL PAYMENTS',82,'TEST BANK',560036,29711681,'WIRE',1,101.000000.80600.000.00000.00000.000.0000.0.0,16/11/2018,31/03/2020,-1,31/03/2020,-1,'CA'"
"LINE1,4140649,'Y',82,31/03/2020 16:20,-1,31/03/2020 16:20,-1,'ITEM',18-3488,1,96334,101.000000.74500.000.UIS00.00000.320.SPPY.0.0"
"INV1,4140650,TEST036_2021_07_02_dvan.GBDT00012798.18221.53297,31/03/2020,'SPECIAL PAYMENTS','NON SYSTEM',60000,'GBP',1,'User',31/03/2020,'Natasha Loynes','SPECIAL PAYMENTS','Barr Ellison Solicitors','36 Fitzroy Street',,,'Cambridge','CB1 1EW','FPAYURG_Ins',54683653,600441,'GB',16040031298026,'UKI Natwest',89629546,'SPECIAL PAYMENTS',82,'TEST BANK',160400,31298026,'WIRE',1,101.000000.80600.000.00000.00000.000.0000.0.0,09/08/2018,31/03/2020,-1,31/03/2020,-1,'GB'"
"LINE1,4140650,'Y',82,31/03/2020 16:20,-1,31/03/2020 16:20,-1,'ITEM',Natasha Loynes,1,60000,320.PL0000.20165.208.ABC00.00000.000.SPPY.0.0"
"INV1,4140651,TEST036_2021_07_02_BHXC.DCN3PCXW229.19114.46903,31/03/2020,'SPECIAL PAYMENTS','NON SYSTEM',75962.86,'GBP',1,'User',31/03/2020,'NIG COMM/26538','SPECIAL PAYMENTS','PRM BROKER SCOTLAND',,,,,,'FPAYURG_Ins',29435092,151000,'GB',30000201618186,'Direct Line Insurance 320',102651,'SPECIAL PAYMENTS',82,'TEST BANK',300002,01618186,'WIRE',1,101.000000.80600.000.00000.00000.000.0000.0.0,24/04/2019,31/03/2020,-1,31/03/2020,-1,'GB'"
"LINE1,4140651,'Y',82,31/03/2020 16:20,-1,31/03/2020 16:20,-1,'ITEM','NIG COMM/26538',1,75962.86,320.SYS013.71100.000.B0001.00000.000.SPPY.0.0"
"INV1,4140652,TEST036_2021_07_02_bceh.GBDT00027864.19134.45402,31/03/2020,'SPECIAL PAYMENTS','UIS',104687,'USD',0.7642641,'User',31/03/2020,'19-1538','SPECIAL PAYMENTS','life gulf assist',,,,,,'InterTrans_Ins',ae720330000019100133350,bomlaeadxxx,'AE',56003629711681,'Nationwide Travel',various,'SPECIAL PAYMENTS',82,'TEST BANK',560036,29711681,'WIRE',1,101.000000.80600.000.00000.00000.000.0000.0.0,14/05/2019,31/03/2020,-1,31/03/2020,-1,'AE'"
"LINE1,4140652,'Y',82,31/03/2020 16:20,-1,31/03/2020 16:20,-1,'ITEM',19-1538,1,104687,101.000000.74500.000.UIS00.00000.320.SPPY.0.0"
"INV1,4140653,TEST036_2021_07_02_sava.DCN4PCXW210.18340.49399,31/03/2020,'SPECIAL PAYMENTS','NIG / IS2000',108966.39,'GBP',1,'User',31/03/2020,'00527975-2/CYB','SPECIAL PAYMENTS','IMTC as Deputy for Curtis Boylan',,,,,,'CHAPS_Ins',04411050,309751,'GB',16040031298026,'NIG Personal Lines Mainframe',HH122547,'SPECIAL PAYMENTS',82,'TEST BANK',160400,31298026,'WIRE',1,101.000000.80600.000.00000.00000.000.0000.0.0,06/12/2018,31/03/2020,-1,31/03/2020,-1,'GB'"
"LINE1,4140653,'Y',82,31/03/2020 16:20,-1,31/03/2020 16:20,-1,'ITEM',00527975-2/CYB,1,108966.39,320.SYS011.71090.000.B0001.00000.000.SPPY.0.0"
"INV1,4140654,TEST036_2021_07_02_fero.GBDT00011794.1985.58385,31/03/2020,'SPECIAL PAYMENTS','UIS',152731.86,'EUR',0.85661,'User',31/03/2020,'19-1093','SPECIAL PAYMENTS','Medical Claims International',,,,,,'InterTransUrgent_Ins',ES0320381539116000035605,CAHMESMMXXX,'ES',16040020177049,'Direct Line',65489237/01x2,'SPECIAL PAYMENTS',82,'TEST BANK',160400,20177049,'WIRE',1,101.000000.80600.000.00000.00000.000.0000.0.0,26/03/2019,31/03/2020,-1,31/03/2020,-1,'ES'"
"LINE1,4140654,'Y',82,31/03/2020 16:20,-1,31/03/2020 16:20,-1,'ITEM',19-1093,1,152731.86,101.000000.74500.000.UIS00.00000.320.SPPY.0.0"
"INV1,4140655,TEST036_2021_07_02_grmu.DCN3TCXW201.18325.36284,31/03/2020,'SPECIAL PAYMENTS','NIG / IS2000',208000,'GBP',1,'User',31/03/2020,'PAA/92.1604','SPECIAL PAYMENTS','BLM Client Account',,,,,,'CHAPS_Ins',93448096,200000,'GB',16040031298026,'NIG Commercial Lines IS2000',2935593,'SPECIAL PAYMENTS',82,'TEST BANK',160400,31298026,'WIRE',1,101.000000.80600.000.00000.00000.000.0000.0.0,21/11/2018,31/03/2020,-1,31/03/2020,-1,'GB'"
"LINE1,4140655,'Y',82,31/03/2020 16:20,-1,31/03/2020 16:20,-1,'ITEM',PAA/92.1604,1,208000,320.SYS013.71090.000.B0001.00000.000.SPPY.0.0"
"INV1,4140656,TEST036_2021_07_02_edoh.DCN3PCXW209.18235.60405,31/03/2020,'SPECIAL PAYMENTS','UIS',441567,'GBP',1,'User',31/03/2020,'Direct Line','SPECIAL PAYMENTS','Miss Siobhan Mary Smyth',,,,,,'CHAPS_Ins',31605372,400316,'GB',16040020177049,'Direct Line',26667365,'SPECIAL PAYMENTS',82,'TEST BANK',160400,20177049,'WIRE',1,101.000000.80600.000.00000.00000.000.0000.0.0,23/08/2018,31/03/2020,-1,31/03/2020,-1,'GB'"
"LINE1,4140656,'Y',82,31/03/2020 16:20,-1,31/03/2020 16:20,-1,'ITEM',Direct Line,1,441567,101.000000.74500.000.UIS00.00000.320.SPPY.0.0"
"INV1,4140657,TEST036_2021_07_02_HHHA.DCN4PCXW203.18267.39807,31/03/2020,'SPECIAL PAYMENTS','NON SYSTEM',719595,'GBP',1,'User',31/03/2020,'GB158418391','SPECIAL PAYMENTS','HMRC VAT',,,,,,'CHAPS_Ins',11963155,083200,'GB',16040020177340,'Direct Line Insurance 320',102657,'SPECIAL PAYMENTS',82,'TEST BANK',160400,20177340,'WIRE',1,101.000000.80600.000.00000.00000.000.0000.0.0,24/09/2018,31/03/2020,-1,31/03/2020,-1,'GB'"
"LINE1,4140657,'Y',82,31/03/2020 16:20,-1,31/03/2020 16:20,-1,'ITEM','GB158418391',1,719595,101.000000.81600.000.00000.00000.000.SPPY.0.0"
"INV1,4140658,TEST036_2021_07_02_ks51.GBDT00007433.18309.37796,31/03/2020,'SPECIAL PAYMENTS','NON SYSTEM',10,'GBP',1,'User',31/03/2020,'Miss Keery','SPECIAL PAYMENTS','Miss Melissa A Keery',,,,,,'FPAY_Ins',01142320,804619,'GB',16040020177340,'UK Assistance Accident Repair Centres Ltd 404',102658,'SPECIAL PAYMENTS',82,'TEST BANK',160400,20177340,'SP-FPAY',1,101.000000.80600.000.00000.00000.000.0000.0.0,05/11/2018,31/03/2020,-1,31/03/2020,-1,'GB'"
"LINE1,4140658,'Y',82,31/03/2020 16:20,-1,31/03/2020 16:20,-1,'ITEM','Miss Keery',1,10,101.118413.36890.000.00000.00000.000.SPPY.0.0"
"INV1,4140659,TEST036_2021_07_02_KHZQ.DCN3PCXW226.1944.40969,31/03/2020,'SPECIAL PAYMENTS','NON SYSTEM',10,'GBP',1,'User',31/03/2020,'26790883','SPECIAL PAYMENTS','MR NICHOLAS HARDY',,,,,,'FPAY_Ins',35081651,601721,'GB',16040031298026,'Green Flag Compensation Payments',NH60172199163160,'SPECIAL PAYMENTS',82,'TEST BANK',160400,31298026,'SP-FPAY',1,101.000000.80600.000.00000.00000.000.0000.0.0,13/02/2019,31/03/2020,-1,31/03/2020,-1,'GB'"
"LINE1,4140659,'Y',82,31/03/2020 16:20,-1,31/03/2020 16:20,-1,'ITEM',26790883,1,10,302.120061.36980.841.GFL01.00000.000.SPPY.0.0"
"INV1,4140660,TEST036_2021_07_02_ATYD.DCN4PCXW222.18234.68594,31/03/2020,'SPECIAL PAYMENTS','NON SYSTEM',15.5,'GBP',1,'User',31/03/2020,'26312880','SPECIAL PAYMENTS','Mrs Barbra Wynne ',,,,,,'FPAYURG_Ins',00226972,833300,'GB',16040031298026,'Green Flag Compensation Payments',59826195,'SPECIAL PAYMENTS',82,'TEST BANK',160400,31298026,'WIRE',1,101.000000.80600.000.00000.00000.000.0000.0.0,22/08/2018,31/03/2020,-1,31/03/2020,-1,'GB'"
"LINE1,4140660,'Y',82,31/03/2020 16:20,-1,31/03/2020 16:20,-1,'ITEM',26312880,1,15.5,302.120061.36980.841.GFL01.00000.000.SPPY.0.0"
"INV1,4140661,TEST036_2021_07_02_bubu.DCN3PCXW237.1971.52962,31/03/2020,'SPECIAL PAYMENTS','NON SYSTEM',25,'GBP',1,'User',31/03/2020,'64264334','SPECIAL PAYMENTS','Mrs Emma Jane Wiley',,,,,,'FPAYURG_Ins',45998429,071016,'GB',16040031298026,'Nationwide Travel',54872462,'SPECIAL PAYMENTS',82,'TEST BANK',160400,31298026,'WIRE',1,101.000000.80600.000.00000.00000.000.0000.0.0,12/03/2019,31/03/2020,-1,31/03/2020,-1,'GB'"
"LINE1,4140661,'Y',82,31/03/2020 16:20,-1,31/03/2020 16:20,-1,'ITEM',64264334,1,25,320.PL0000.20165.830.NWD00.00000.000.SPPY.0.0"
"INV1,4140662,TEST036_2021_07_02_MBDH.DCN4PCXW206.18303.44921,31/03/2020,'SPECIAL PAYMENTS','NON SYSTEM',50,'GBP',1,'User',31/03/2020,'61359842','SPECIAL PAYMENTS','Mrs Jacqueline McGinty',,,,,,'FPAY_Ins',00331362,800746,'GB',16040031298026,'Privilege Rhumba UKI 2001-2003',73619031,'SPECIAL PAYMENTS',82,'TEST BANK',160400,31298026,'SP-FPAY',1,101.000000.80600.000.00000.00000.000.0000.0.0,30/10/2018,31/03/2020,-1,31/03/2020,-1,'GB'"
"LINE1,4140662,'Y',82,31/03/2020 16:20,-1,31/03/2020 16:20,-1,'ITEM',61359842,1,50,320.000000.80360.000.00000.00000.000.SPPY.0.0"
"INV1,4140663,TEST036_2021_07_02_hdfu.DCN4PCXW240.1917.43362,31/03/2020,'SPECIAL PAYMENTS','PAYROLL',726.23,'GBP',1,'User',31/03/2020,'','SPECIAL PAYMENTS','Miss M Begum',,,,,,'FPAYURG_Ins',13564968,110581,'GB',16040031327441,'',102663,'SPECIAL PAYMENTS',82,'TEST BANK',160400,31327441,'WIRE',1,101.000000.80600.000.00000.00000.000.0000.0.0,17/01/2019,31/03/2020,-1,31/03/2020,-1,'GB'"
"LINE1,4140663,'Y',82,31/03/2020 16:20,-1,31/03/2020 16:20,-1,'ITEM',,1,726.23,101.000000.72810.000.00000.00000.000.SPPY.0.0"
"INV1,4140664,TEST036_2021_07_02_djt3.DCN3PCXW222.1942.28614,31/03/2020,'SPECIAL PAYMENTS','NON SYSTEM',2280,'GBP',1,'User',31/03/2020,'cms 62998538','SPECIAL PAYMENTS','MR DEREK STUBBS ','18 Limedale Avenue','Oakwood','Derby','Derbyshire','DE21 2UE','Check',,,SEND,16040031298026,'Direct Line',37812473,'SPECIAL PAYMENTS',82,'TEST BANK',160400,31298026,'CHECK',1,101.000000.80600.000.00000.00000.000.0000.0.0,11/02/2019,31/03/2020,-1,31/03/2020,-1,'GB'"
"LINE1,4140664,'Y',82,31/03/2020 16:20,-1,31/03/2020 16:20,-1,'ITEM',cms 62998538,1,2280,302.120061.36980.841.GFL01.00000.000.SPPY.0.0"
"INV1,4140665,TEST036_2021_07_02_rsfs.DCN3PCXW239.18304.33243,31/03/2020,'SPECIAL PAYMENTS','PAYROLL',2570.78,'GBP',1,'User',31/03/2020,'','SPECIAL PAYMENTS','Mr D Williams',,,,,,'FPAYURG_Ins',45148504,070436,'GB',16040031327441,'',102665,'SPECIAL PAYMENTS',82,'TEST BANK',160400,31327441,'WIRE',1,101.000000.80600.000.00000.00000.000.0000.0.0,31/10/2018,31/03/2020,-1,31/03/2020,-1,'GB'"
"LINE1,4140665,'Y',82,31/03/2020 16:20,-1,31/03/2020 16:20,-1,'ITEM',,1,2570.78,101.000000.72810.000.00000.00000.000.SPPY.0.0"
"INV1,4140666,TEST036_2021_07_02_CHUN.GBDT00038957.19135.32592,31/03/2020,'SPECIAL PAYMENTS','PAYROLL',265556.87,'GBP',1,'User',31/03/2020,'BAYE DLG','SPECIAL PAYMENTS','RBOS SIP UK Collections Account',,,,,,'CHAPS_Ins',10027883,160887,'GB',16040031327441,'',102666,'SPECIAL PAYMENTS',82,'TEST BANK',160400,31327441,'WIRE',1,101.000000.80600.000.00000.00000.000.0000.0.0,15/05/2019,31/03/2020,-1,31/03/2020,-1,'GB'"
"LINE1,4140666,'Y',82,31/03/2020 16:20,-1,31/03/2020 16:20,-1,'ITEM',BAYE DLG,1,265556.87,101.000000.82850.000.00000.00000.000.SPPY.0.0"
"TRL1,74,3270220.69"
