<dlg_ap_invoices xmlns:xsi="http://www.w3.org/2001/XMLSchema-instance" xmlns="http://www.directlinegroup.co.uk/travel/invoice" xsi:schemaLocation="http://www.directlinegroup.co.uk/travel/invoice invoice.xsd" source="AQUA" version="1.0.0">
	<dlg_ap_invoice_header>
		<id>74684345</id>
		<version>0</version>
		<create_dt>2020-01-26T21:02:25</create_dt>
		<cc_public_id>AQUA065:74684345</cc_public_id>
		<invoice_num>0</invoice_num>
		<invoice_net_amount>175.00</invoice_net_amount>
		<invoice_currency_cd>GBP</invoice_currency_cd>
		<exchange_rate>1.0000</exchange_rate>
		<exchange_rate_type>Daily</exchange_rate_type>
		<exchange_date>2020-01-23T15:00:53</exchange_date>
		<invoice_vat_amount>0.00</invoice_vat_amount>
		<invoice_gross_amount>175.00</invoice_gross_amount>
		<base_currency_gross_amount>175.00</base_currency_gross_amount>
		<base_currency_amount>175.00</base_currency_amount>
		<base_currency_vat_amount>0.00</base_currency_vat_amount>
		<cheque_delivery>Send</cheque_delivery>
		<payee_description>Mr MARK DANBY </payee_description>
		<policy_num>29658288</policy_num>
		<payee_address_line1>MR M A DANBY &amp; MRS J DANBY</payee_address_line1>
		<payee_address_line2>34 FAIRFIELD AVENUE</payee_address_line2>
		<payee_city>KIRK ELLA</payee_city>
		<payee_county>HULL</payee_county>
		<payee_country>United Kingdom</payee_country>
		<payee_postcode>HU10 7UH</payee_postcode>
		<bank_account_number>12776475</bank_account_number>
		<bank_sort_code>558123</bank_sort_code>
		<payment_method_cd>BACS_Ins</payment_method_cd>
		<underwriter>9999</underwriter>
		<brand>NatWest_Tvl</brand>
		<product_type>TVNATPLAT</product_type>
		<product>TVANNUAL</product>
		<policy_term_months>12</policy_term_months>
		<claimnumber>32559819</claimnumber>
		<payment_status>Requesting</payment_status>
		<loss_date>2019-07-11T00:00:00</loss_date>
		<oracleupdated>0</oracleupdated>
		<payee_type>TPH</payee_type>
		<deductions_total>0</deductions_total>
		<last_update_date>2020-01-26T21:02:25</last_update_date>
		<dlg_ap_invoice_lineitem>
			<id>220067110</id>
			<version>0</version>
			<create_dt>2020-01-26T21:02:25</create_dt>
			<category>compensation_Ins</category>
			<ap_header_id>74684345</ap_header_id>
			<cc_public_id>AQUA065:220067110</cc_public_id>
			<cc_header_public_id>AQUA065:74684345</cc_header_public_id>
			<line_num>1</line_num>
			<line_item_amount>175.00</line_item_amount>
			<last_update_date>2020-01-26T21:02:25</last_update_date>
			<tax_code>T9</tax_code>
		</dlg_ap_invoice_lineitem>
	</dlg_ap_invoice_header>
	<dlg_ap_invoice_header>
		<id>74684646</id>
		<version>0</version>
		<create_dt>2020-01-26T19:29:50</create_dt>
		<cc_public_id>AQUA065:74684646</cc_public_id>
		<invoice_num>0</invoice_num>
		<invoice_net_amount>175.00</invoice_net_amount>
		<invoice_currency_cd>GBP</invoice_currency_cd>
		<exchange_rate>1.0000</exchange_rate>
		<exchange_rate_type>Daily</exchange_rate_type>
		<exchange_date>2020-01-23T15:06:20</exchange_date>
		<invoice_vat_amount>0.00</invoice_vat_amount>
		<invoice_gross_amount>175.00</invoice_gross_amount>
		<base_currency_gross_amount>175.00</base_currency_gross_amount>
		<base_currency_amount>175.00</base_currency_amount>
		<base_currency_vat_amount>0.00</base_currency_vat_amount>
		<cheque_delivery>Send</cheque_delivery>
		<payee_description>Mr BALBIR BAKHSHI </payee_description>
		<policy_num>28548756</policy_num>
		<payee_address_line1>MR B S BAKHSHI &amp;</payee_address_line1>
		<payee_address_line2>101 TOTTERIDGE LANE</payee_address_line2>
		<payee_city>LONDON</payee_city>
		<payee_country>United Kingdom</payee_country>
		<payee_postcode>N20 8DX</payee_postcode>
		<bank_account_number>06206956</bank_account_number>
		<bank_sort_code>516134</bank_sort_code>
		<payment_method_cd>BACS_Ins</payment_method_cd>
		<underwriter>9999</underwriter>
		<brand>NatWest_Tvl</brand>
		<product_type>TVNATBLAC</product_type>
		<product>TVANNUAL</product>
		<policy_term_months>12</policy_term_months>
		<claimnumber>32995613</claimnumber>
		<payment_status>Requesting</payment_status>
		<loss_date>2019-11-28T00:00:00</loss_date>
		<oracleupdated>0</oracleupdated>
		<payee_type>TPH</payee_type>
		<deductions_total>0</deductions_total>
		<last_update_date>2020-01-26T19:29:50</last_update_date>
		<dlg_ap_invoice_lineitem>
			<id>220072651</id>
			<version>0</version>
			<create_dt>2020-01-26T19:29:50</create_dt>
			<category>compensation_Ins</category>
			<ap_header_id>74684646</ap_header_id>
			<cc_public_id>AQUA065:220072651</cc_public_id>
			<cc_header_public_id>AQUA065:74684646</cc_header_public_id>
			<line_num>1</line_num>
			<line_item_amount>175.00</line_item_amount>
			<last_update_date>2020-01-26T19:29:50</last_update_date>
			<tax_code>T9</tax_code>
		</dlg_ap_invoice_lineitem>
	</dlg_ap_invoice_header>
	<dlg_ap_invoice_header>
		<id>74729745</id>
		<version>0</version>
		<create_dt>2020-01-26T19:24:30</create_dt>
		<cc_public_id>AQUA065:74729745</cc_public_id>
		<invoice_num>0</invoice_num>
		<invoice_net_amount>100.00</invoice_net_amount>
		<invoice_currency_cd>GBP</invoice_currency_cd>
		<exchange_rate>1.0000</exchange_rate>
		<exchange_rate_type>Daily</exchange_rate_type>
		<exchange_date>2020-01-24T15:41:00</exchange_date>
		<invoice_vat_amount>0.00</invoice_vat_amount>
		<invoice_gross_amount>100.00</invoice_gross_amount>
		<base_currency_gross_amount>100.00</base_currency_gross_amount>
		<base_currency_amount>100.00</base_currency_amount>
		<base_currency_vat_amount>0.00</base_currency_vat_amount>
		<cheque_delivery>Send</cheque_delivery>
		<payee_description>MRS KENT JACQUELINE KENT </payee_description>
		<policy_num>26962376</policy_num>
		<payee_address_line1>MR &amp; MRS M KENT</payee_address_line1>
		<payee_address_line2>2 WOODVALE</payee_address_line2>
		<payee_city>213 TWENTYWELL LANE</payee_city>
		<payee_county>BRADWAY SHEFFIELD</payee_county>
		<payee_country>United Kingdom</payee_country>
		<payee_postcode>S17 4QG</payee_postcode>
		<bank_account_number>11812475</bank_account_number>
		<bank_sort_code>163120</bank_sort_code>
		<payment_method_cd>BACS_Ins</payment_method_cd>
		<underwriter>9999</underwriter>
		<brand>RBS_Tvl</brand>
		<product_type>TVRBSBLAC</product_type>
		<product>TVANNUAL</product>
		<policy_term_months>12</policy_term_months>
		<claimnumber>28214891</claimnumber>
		<payment_status>Requesting</payment_status>
		<loss_date>2019-10-03T00:00:00</loss_date>
		<oracleupdated>0</oracleupdated>
		<payee_type>TPH</payee_type>
		<deductions_total>0</deductions_total>
		<last_update_date>2020-01-26T19:24:30</last_update_date>
		<dlg_ap_invoice_lineitem>
			<id>220688366</id>
			<version>0</version>
			<create_dt>2020-01-26T19:24:30</create_dt>
			<category>compensation_Ins</category>
			<ap_header_id>74729745</ap_header_id>
			<cc_public_id>AQUA065:220688366</cc_public_id>
			<cc_header_public_id>AQUA065:74729745</cc_header_public_id>
			<line_num>1</line_num>
			<line_item_amount>100.00</line_item_amount>
			<last_update_date>2020-01-26T19:24:30</last_update_date>
			<tax_code>T9</tax_code>
		</dlg_ap_invoice_lineitem>
	</dlg_ap_invoice_header>
	<dlg_ap_invoice_header>
		<id>74743937</id>
		<version>0</version>
		<create_dt>2020-01-26T12:03:24</create_dt>
		<cc_public_id>AQUA065:74743937</cc_public_id>
		<invoice_num>0</invoice_num>
		<invoice_net_amount>893.57</invoice_net_amount>
		<invoice_currency_cd>GBP</invoice_currency_cd>
		<exchange_rate>1.0000</exchange_rate>
		<exchange_rate_type>Daily</exchange_rate_type>
		<exchange_date>2020-01-25T09:56:52</exchange_date>
		<invoice_vat_amount>0.00</invoice_vat_amount>
		<invoice_gross_amount>893.57</invoice_gross_amount>
		<base_currency_gross_amount>893.57</base_currency_gross_amount>
		<base_currency_amount>893.57</base_currency_amount>
		<base_currency_vat_amount>0.00</base_currency_vat_amount>
		<cheque_delivery>Send</cheque_delivery>
		<payee_description>Mrs SALLY PRICE </payee_description>
		<policy_num>30561360</policy_num>
		<payee_address_line1>MRS S A PRICE &amp; MR J PRICE</payee_address_line1>
		<payee_address_line2>20 CAMUSET CLOSE</payee_address_line2>
		<payee_city>HAKIN</payee_city>
		<payee_county>MILFORD HAVEN</payee_county>
		<payee_country>United Kingdom</payee_country>
		<payee_postcode>SA73 3NN</payee_postcode>
		<bank_account_number>08334188</bank_account_number>
		<bank_sort_code>541007</bank_sort_code>
		<payment_method_cd>BACS_Ins</payment_method_cd>
		<underwriter>9999</underwriter>
		<brand>NatWest_Tvl</brand>
		<product_type>TVNATPLAT</product_type>
		<product>TVANNUAL</product>
		<policy_term_months>12</policy_term_months>
		<claimnumber>32886148</claimnumber>
		<payment_status>Requesting</payment_status>
		<loss_date>2019-10-09T00:00:00</loss_date>
		<oracleupdated>0</oracleupdated>
		<payee_type>TPH</payee_type>
		<deductions_total>0</deductions_total>
		<last_update_date>2020-01-26T12:03:24</last_update_date>
		<dlg_ap_invoice_lineitem>
			<id>220870192</id>
			<version>0</version>
			<create_dt>2020-01-26T12:03:24</create_dt>
			<category>claimsettle_Ins</category>
			<ap_header_id>74743937</ap_header_id>
			<cc_public_id>AQUA065:220870192</cc_public_id>
			<cc_header_public_id>AQUA065:74743937</cc_header_public_id>
			<line_num>1</line_num>
			<line_item_amount>649.00</line_item_amount>
			<last_update_date>2020-01-26T12:03:24</last_update_date>
			<tax_code>T9</tax_code>
		</dlg_ap_invoice_lineitem>
		<dlg_ap_invoice_lineitem>
			<id>220870196</id>
			<version>0</version>
			<create_dt>2020-01-26T12:03:24</create_dt>
			<category>claimsettle_Ins</category>
			<ap_header_id>74743937</ap_header_id>
			<cc_public_id>AQUA065:220870196</cc_public_id>
			<cc_header_public_id>AQUA065:74743937</cc_header_public_id>
			<line_num>2</line_num>
			<line_item_amount>244.57</line_item_amount>
			<last_update_date>2020-01-26T12:03:24</last_update_date>
			<tax_code>T9</tax_code>
		</dlg_ap_invoice_lineitem>
	</dlg_ap_invoice_header>
	<dlg_ap_invoice_header>
		<id>74761329</id>
		<version>0</version>
		<create_dt>2020-01-26T12:38:49</create_dt>
		<cc_public_id>AQUA065:74761329</cc_public_id>
		<invoice_num>0</invoice_num>
		<invoice_net_amount>225.10</invoice_net_amount>
		<invoice_currency_cd>GBP</invoice_currency_cd>
		<exchange_rate>1.0000</exchange_rate>
		<exchange_rate_type>Daily</exchange_rate_type>
		<exchange_date>2020-01-26T12:38:50</exchange_date>
		<invoice_vat_amount>0.00</invoice_vat_amount>
		<invoice_gross_amount>225.10</invoice_gross_amount>
		<base_currency_gross_amount>225.10</base_currency_gross_amount>
		<base_currency_amount>225.10</base_currency_amount>
		<base_currency_vat_amount>0.00</base_currency_vat_amount>
		<cheque_delivery>Send</cheque_delivery>
		<payee_description>Miss JULIE BANKS </payee_description>
		<policy_num>28862983</policy_num>
		<payee_address_line1>MR J P COOPER&amp;MISS J BANKS</payee_address_line1>
		<payee_address_line2>17 LODER ROAD</payee_address_line2>
		<payee_city>BRIGHTON</payee_city>
		<payee_country>United Kingdom</payee_country>
		<payee_postcode>BN1 6PL</payee_postcode>
		<bank_account_number>46311327</bank_account_number>
		<bank_sort_code>603030</bank_sort_code>
		<payment_method_cd>BACS_Ins</payment_method_cd>
		<underwriter>9999</underwriter>
		<brand>NatWest_Tvl</brand>
		<product_type>TVNATPLAT</product_type>
		<product>TVANNUAL</product>
		<policy_term_months>12</policy_term_months>
		<claimnumber>32830500</claimnumber>
		<payment_status>Requesting</payment_status>
		<loss_date>2019-05-09T00:00:00</loss_date>
		<oracleupdated>0</oracleupdated>
		<payee_type>TPH</payee_type>
		<deductions_total>0</deductions_total>
		<last_update_date>2020-01-26T12:38:49</last_update_date>
		<dlg_ap_invoice_lineitem>
			<id>221106788</id>
			<version>0</version>
			<create_dt>2020-01-26T12:38:49</create_dt>
			<category>claimsettle_Ins</category>
			<ap_header_id>74761329</ap_header_id>
			<cc_public_id>AQUA065:221106788</cc_public_id>
			<cc_header_public_id>AQUA065:74761329</cc_header_public_id>
			<line_num>1</line_num>
			<line_item_amount>112.00</line_item_amount>
			<last_update_date>2020-01-26T12:38:49</last_update_date>
			<tax_code>T9</tax_code>
		</dlg_ap_invoice_lineitem>
		<dlg_ap_invoice_lineitem>
			<id>221106792</id>
			<version>0</version>
			<create_dt>2020-01-26T12:38:49</create_dt>
			<category>claimsettle_Ins</category>
			<ap_header_id>74761329</ap_header_id>
			<cc_public_id>AQUA065:221106792</cc_public_id>
			<cc_header_public_id>AQUA065:74761329</cc_header_public_id>
			<line_num>2</line_num>
			<line_item_amount>67.15</line_item_amount>
			<last_update_date>2020-01-26T12:38:49</last_update_date>
			<tax_code>T9</tax_code>
		</dlg_ap_invoice_lineitem>
		<dlg_ap_invoice_lineitem>
			<id>221106796</id>
			<version>0</version>
			<create_dt>2020-01-26T12:38:49</create_dt>
			<category>claimsettle_Ins</category>
			<ap_header_id>74761329</ap_header_id>
			<cc_public_id>AQUA065:221106796</cc_public_id>
			<cc_header_public_id>AQUA065:74761329</cc_header_public_id>
			<line_num>3</line_num>
			<line_item_amount>29.75</line_item_amount>
			<last_update_date>2020-01-26T12:38:49</last_update_date>
			<tax_code>T9</tax_code>
		</dlg_ap_invoice_lineitem>
		<dlg_ap_invoice_lineitem>
			<id>221106800</id>
			<version>0</version>
			<create_dt>2020-01-26T12:38:49</create_dt>
			<category>claimsettle_Ins</category>
			<ap_header_id>74761329</ap_header_id>
			<cc_public_id>AQUA065:221106800</cc_public_id>
			<cc_header_public_id>AQUA065:74761329</cc_header_public_id>
			<line_num>4</line_num>
			<line_item_amount>16.20</line_item_amount>
			<last_update_date>2020-01-26T12:38:49</last_update_date>
			<tax_code>T9</tax_code>
		</dlg_ap_invoice_lineitem>
	</dlg_ap_invoice_header>
	<dlg_ap_invoice_header>
		<id>74762410</id>
		<version>0</version>
		<create_dt>2020-01-26T15:30:42</create_dt>
		<cc_public_id>AQUA065:74762410</cc_public_id>
		<invoice_num>0</invoice_num>
		<invoice_net_amount>1830.70</invoice_net_amount>
		<invoice_currency_cd>GBP</invoice_currency_cd>
		<exchange_rate>1.0000</exchange_rate>
		<exchange_rate_type>Daily</exchange_rate_type>
		<exchange_date>2020-01-26T14:15:25</exchange_date>
		<invoice_vat_amount>0.00</invoice_vat_amount>
		<invoice_gross_amount>1830.70</invoice_gross_amount>
		<base_currency_gross_amount>1830.70</base_currency_gross_amount>
		<base_currency_amount>1830.70</base_currency_amount>
		<base_currency_vat_amount>0.00</base_currency_vat_amount>
		<cheque_delivery>Send</cheque_delivery>
		<payee_description>Mr CHRISTOPHER O'BRIEN </payee_description>
		<policy_num>28468809</policy_num>
		<payee_address_line1>MR &amp; MRS C B O'BRIEN</payee_address_line1>
		<payee_address_line2>BRACKENS</payee_address_line2>
		<payee_city>BLACKHALL LANE</payee_city>
		<payee_county>SEVENOAKS</payee_county>
		<payee_country>United Kingdom</payee_country>
		<payee_postcode>TN15 0HU</payee_postcode>
		<bank_account_number>16135970</bank_account_number>
		<bank_sort_code>602426</bank_sort_code>
		<payment_method_cd>BACS_Ins</payment_method_cd>
		<underwriter>9999</underwriter>
		<brand>NatWest_Tvl</brand>
		<product_type>TVNATBLAC</product_type>
		<product>TVANNUAL</product>
		<policy_term_months>12</policy_term_months>
		<claimnumber>32946930</claimnumber>
		<payment_status>Requesting</payment_status>
		<loss_date>2019-11-07T00:00:00</loss_date>
		<oracleupdated>0</oracleupdated>
		<payee_type>TPH</payee_type>
		<deductions_total>0</deductions_total>
		<last_update_date>2020-01-26T15:30:42</last_update_date>
		<dlg_ap_invoice_lineitem>
			<id>221115583</id>
			<version>0</version>
			<create_dt>2020-01-26T15:30:42</create_dt>
			<category>claimsettle_Ins</category>
			<ap_header_id>74762410</ap_header_id>
			<cc_public_id>AQUA065:221115583</cc_public_id>
			<cc_header_public_id>AQUA065:74762410</cc_header_public_id>
			<line_num>1</line_num>
			<line_item_amount>50.00</line_item_amount>
			<last_update_date>2020-01-26T15:30:42</last_update_date>
			<tax_code>T9</tax_code>
		</dlg_ap_invoice_lineitem>
		<dlg_ap_invoice_lineitem>
			<id>221115595</id>
			<version>0</version>
			<create_dt>2020-01-26T15:30:42</create_dt>
			<category>claimsettle_Ins</category>
			<ap_header_id>74762410</ap_header_id>
			<cc_public_id>AQUA065:221115595</cc_public_id>
			<cc_header_public_id>AQUA065:74762410</cc_header_public_id>
			<line_num>2</line_num>
			<line_item_amount>35.20</line_item_amount>
			<last_update_date>2020-01-26T15:30:42</last_update_date>
			<tax_code>T9</tax_code>
		</dlg_ap_invoice_lineitem>
		<dlg_ap_invoice_lineitem>
			<id>221115599</id>
			<version>0</version>
			<create_dt>2020-01-26T15:30:42</create_dt>
			<category>claimsettle_Ins</category>
			<ap_header_id>74762410</ap_header_id>
			<cc_public_id>AQUA065:221115599</cc_public_id>
			<cc_header_public_id>AQUA065:74762410</cc_header_public_id>
			<line_num>3</line_num>
			<line_item_amount>38.25</line_item_amount>
			<last_update_date>2020-01-26T15:30:42</last_update_date>
			<tax_code>T9</tax_code>
		</dlg_ap_invoice_lineitem>
		<dlg_ap_invoice_lineitem>
			<id>221115603</id>
			<version>0</version>
			<create_dt>2020-01-26T15:30:42</create_dt>
			<category>claimsettle_Ins</category>
			<ap_header_id>74762410</ap_header_id>
			<cc_public_id>AQUA065:221115603</cc_public_id>
			<cc_header_public_id>AQUA065:74762410</cc_header_public_id>
			<line_num>4</line_num>
			<line_item_amount>42.00</line_item_amount>
			<last_update_date>2020-01-26T15:30:42</last_update_date>
			<tax_code>T9</tax_code>
		</dlg_ap_invoice_lineitem>
		<dlg_ap_invoice_lineitem>
			<id>221115607</id>
			<version>0</version>
			<create_dt>2020-01-26T15:30:42</create_dt>
			<category>claimsettle_Ins</category>
			<ap_header_id>74762410</ap_header_id>
			<cc_public_id>AQUA065:221115607</cc_public_id>
			<cc_header_public_id>AQUA065:74762410</cc_header_public_id>
			<line_num>5</line_num>
			<line_item_amount>26.60</line_item_amount>
			<last_update_date>2020-01-26T15:30:42</last_update_date>
			<tax_code>T9</tax_code>
		</dlg_ap_invoice_lineitem>
		<dlg_ap_invoice_lineitem>
			<id>221115611</id>
			<version>0</version>
			<create_dt>2020-01-26T15:30:42</create_dt>
			<category>claimsettle_Ins</category>
			<ap_header_id>74762410</ap_header_id>
			<cc_public_id>AQUA065:221115611</cc_public_id>
			<cc_header_public_id>AQUA065:74762410</cc_header_public_id>
			<line_num>6</line_num>
			<line_item_amount>13.65</line_item_amount>
			<last_update_date>2020-01-26T15:30:42</last_update_date>
			<tax_code>T9</tax_code>
		</dlg_ap_invoice_lineitem>
		<dlg_ap_invoice_lineitem>
			<id>221115615</id>
			<version>0</version>
			<create_dt>2020-01-26T15:30:42</create_dt>
			<category>claimsettle_Ins</category>
			<ap_header_id>74762410</ap_header_id>
			<cc_public_id>AQUA065:221115615</cc_public_id>
			<cc_header_public_id>AQUA065:74762410</cc_header_public_id>
			<line_num>7</line_num>
			<line_item_amount>625.00</line_item_amount>
			<last_update_date>2020-01-26T15:30:42</last_update_date>
			<tax_code>T9</tax_code>
		</dlg_ap_invoice_lineitem>
		<dlg_ap_invoice_lineitem>
			<id>221115619</id>
			<version>0</version>
			<create_dt>2020-01-26T15:30:42</create_dt>
			<category>claimsettle_Ins</category>
			<ap_header_id>74762410</ap_header_id>
			<cc_public_id>AQUA065:221115619</cc_public_id>
			<cc_header_public_id>AQUA065:74762410</cc_header_public_id>
			<line_num>8</line_num>
			<line_item_amount>1000.00</line_item_amount>
			<last_update_date>2020-01-26T15:30:42</last_update_date>
			<tax_code>T9</tax_code>
		</dlg_ap_invoice_lineitem>
	</dlg_ap_invoice_header>
	<dlg_ap_invoice_header>
		<id>74764829</id>
		<version>0</version>
		<create_dt>2020-01-26T17:34:24</create_dt>
		<cc_public_id>AQUA065:74764829</cc_public_id>
		<invoice_num>0</invoice_num>
		<invoice_net_amount>96.24</invoice_net_amount>
		<invoice_currency_cd>GBP</invoice_currency_cd>
		<exchange_rate>1.0000</exchange_rate>
		<exchange_rate_type>Daily</exchange_rate_type>
		<exchange_date>2020-01-26T17:34:24</exchange_date>
		<invoice_vat_amount>0.00</invoice_vat_amount>
		<invoice_gross_amount>96.24</invoice_gross_amount>
		<base_currency_gross_amount>96.24</base_currency_gross_amount>
		<base_currency_amount>96.24</base_currency_amount>
		<base_currency_vat_amount>0.00</base_currency_vat_amount>
		<cheque_delivery>Send</cheque_delivery>
		<payee_description>Mr PAUL KIMBER </payee_description>
		<policy_num>30004524</policy_num>
		<payee_address_line1>MR PAUL E KIMBER</payee_address_line1>
		<payee_address_line2>105 CORONATION ROAD</payee_address_line2>
		<payee_city>GREAT BARR</payee_city>
		<payee_county>BIRMINGHAM</payee_county>
		<payee_country>United Kingdom</payee_country>
		<payee_postcode>B43 7AU</payee_postcode>
		<bank_account_number>67227465</bank_account_number>
		<bank_sort_code>600235</bank_sort_code>
		<payment_method_cd>BACS_Ins</payment_method_cd>
		<underwriter>9999</underwriter>
		<brand>NatWest_Tvl</brand>
		<product_type>TVNATSILV</product_type>
		<product>TVANNUAL</product>
		<policy_term_months>12</policy_term_months>
		<claimnumber>33149464</claimnumber>
		<payment_status>Requesting</payment_status>
		<loss_date>2019-12-27T00:00:00</loss_date>
		<oracleupdated>0</oracleupdated>
		<payee_type>TPH</payee_type>
		<deductions_total>0</deductions_total>
		<last_update_date>2020-01-26T17:34:24</last_update_date>
		<dlg_ap_invoice_lineitem>
			<id>221151447</id>
			<version>0</version>
			<create_dt>2020-01-26T17:34:24</create_dt>
			<category>claimsettle_Ins</category>
			<ap_header_id>74764829</ap_header_id>
			<cc_public_id>AQUA065:221151447</cc_public_id>
			<cc_header_public_id>AQUA065:74764829</cc_header_public_id>
			<line_num>1</line_num>
			<line_item_amount>96.24</line_item_amount>
			<last_update_date>2020-01-26T17:34:24</last_update_date>
			<tax_code>T9</tax_code>
		</dlg_ap_invoice_lineitem>
	</dlg_ap_invoice_header>
	<dlg_ap_invoice_header>
		<id>74833415</id>
		<version>0</version>
		<create_dt>2019-12-06T16:14:47</create_dt>
		<cc_public_id>AQUA065:74833415</cc_public_id>
		<invoice_num>0</invoice_num>
		<invoice_date>2020-01-15T00:00:00</invoice_date>
		<vendor_id>28188059</vendor_id>
		<vendor_name>HEALIX ESPANA</vendor_name>
		<vendor_site_cd>28188059</vendor_site_cd>
		<invoice_net_amount>150.00</invoice_net_amount>
		<invoice_currency_cd>EUR</invoice_currency_cd>
		<exchange_rate>0.8437</exchange_rate>
		<exchange_rate_type>Daily</exchange_rate_type>
		<exchange_date>2020-01-28T00:00:00</exchange_date>
		<invoice_vat_amount>0.00</invoice_vat_amount>
		<invoice_gross_amount>150.00</invoice_gross_amount>
		<base_currency_gross_amount>126.56</base_currency_gross_amount>
		<base_currency_amount>126.56</base_currency_amount>
		<base_currency_vat_amount>0.00</base_currency_vat_amount>
		<cheque_delivery>Send</cheque_delivery>
		<policy_num>28456782</policy_num>
		<payment_method_cd>InterTrans_Ins</payment_method_cd>
		<invoice_received_date>2020-01-28T00:00:00</invoice_received_date>
		<underwriter>9999</underwriter>
		<brand>NatWest_Tvl</brand>
		<product_type>TVNATBLAC</product_type>
		<product>TVANNUAL</product>
		<policy_term_months>12</policy_term_months>
		<claimnumber>33010017</claimnumber>
		<payment_status>Requesting</payment_status>
		<loss_date>2019-12-06T00:00:00</loss_date>
		<oracleupdated>0</oracleupdated>
		<payee_type>TPS</payee_type>
		<deductions_total>0</deductions_total>
		<last_update_date>2019-12-06T16:14:47</last_update_date>
		<dlg_ap_invoice_lineitem>
			<id>221524785</id>
			<version>0</version>
			<create_dt>2019-12-06T16:14:47</create_dt>
			<category>agents_Ins</category>
			<ap_header_id>74833415</ap_header_id>
			<cc_public_id>AQUA065:221524785</cc_public_id>
			<cc_header_public_id>AQUA065:74833415</cc_header_public_id>
			<line_num>1</line_num>
			<line_item_amount>150.00</line_item_amount>
			<last_update_date>2019-12-06T16:14:47</last_update_date>
			<tax_code>T9</tax_code>
		</dlg_ap_invoice_lineitem>
	</dlg_ap_invoice_header>
	<dlg_ap_invoice_header>
		<id>74833432</id>
		<version>0</version>
		<create_dt>2019-12-22T13:41:48</create_dt>
		<cc_public_id>AQUA065:74833432</cc_public_id>
		<invoice_num>0</invoice_num>
		<invoice_date>2020-01-15T00:00:00</invoice_date>
		<vendor_id>28188059</vendor_id>
		<vendor_name>HEALIX ESPANA</vendor_name>
		<vendor_site_cd>28188059</vendor_site_cd>
		<invoice_net_amount>450.00</invoice_net_amount>
		<invoice_currency_cd>EUR</invoice_currency_cd>
		<exchange_rate>0.8437</exchange_rate>
		<exchange_rate_type>Daily</exchange_rate_type>
		<exchange_date>2020-01-28T00:00:00</exchange_date>
		<invoice_vat_amount>0.00</invoice_vat_amount>
		<invoice_gross_amount>450.00</invoice_gross_amount>
		<base_currency_gross_amount>379.68</base_currency_gross_amount>
		<base_currency_amount>379.68</base_currency_amount>
		<base_currency_vat_amount>0.00</base_currency_vat_amount>
		<cheque_delivery>Send</cheque_delivery>
		<policy_num>27012868</policy_num>
		<payment_method_cd>InterTrans_Ins</payment_method_cd>
		<invoice_received_date>2020-01-28T00:00:00</invoice_received_date>
		<underwriter>9999</underwriter>
		<brand>RBS_Tvl</brand>
		<product_type>TVRBSPLAT</product_type>
		<product>TVANNUAL</product>
		<policy_term_months>12</policy_term_months>
		<claimnumber>33043105</claimnumber>
		<payment_status>Requesting</payment_status>
		<loss_date>2019-12-22T00:00:00</loss_date>
		<oracleupdated>0</oracleupdated>
		<payee_type>TPS</payee_type>
		<deductions_total>0</deductions_total>
		<last_update_date>2019-12-22T13:41:48</last_update_date>
		<dlg_ap_invoice_lineitem>
			<id>221526158</id>
			<version>0</version>
			<create_dt>2019-12-22T13:41:48</create_dt>
			<category>agents_Ins</category>
			<ap_header_id>74833432</ap_header_id>
			<cc_public_id>AQUA065:221526158</cc_public_id>
			<cc_header_public_id>AQUA065:74833432</cc_header_public_id>
			<line_num>1</line_num>
			<line_item_amount>450.00</line_item_amount>
			<last_update_date>2019-12-22T13:41:48</last_update_date>
			<tax_code>T9</tax_code>
		</dlg_ap_invoice_lineitem>
	</dlg_ap_invoice_header>
	<dlg_ap_invoice_header>
		<id>74833464</id>
		<version>0</version>
		<create_dt>2019-12-28T22:56:07</create_dt>
		<cc_public_id>AQUA065:74833464</cc_public_id>
		<invoice_num>0</invoice_num>
		<invoice_date>2020-01-15T00:00:00</invoice_date>
		<vendor_id>28188059</vendor_id>
		<vendor_name>HEALIX ESPANA</vendor_name>
		<vendor_site_cd>28188059</vendor_site_cd>
		<invoice_net_amount>235.00</invoice_net_amount>
		<invoice_currency_cd>EUR</invoice_currency_cd>
		<exchange_rate>0.8437</exchange_rate>
		<exchange_rate_type>Daily</exchange_rate_type>
		<exchange_date>2020-01-28T00:00:00</exchange_date>
		<invoice_vat_amount>0.00</invoice_vat_amount>
		<invoice_gross_amount>235.00</invoice_gross_amount>
		<base_currency_gross_amount>198.28</base_currency_gross_amount>
		<base_currency_amount>198.28</base_currency_amount>
		<base_currency_vat_amount>0.00</base_currency_vat_amount>
		<cheque_delivery>Send</cheque_delivery>
		<policy_num>28522665</policy_num>
		<payment_method_cd>InterTrans_Ins</payment_method_cd>
		<invoice_received_date>2020-01-28T00:00:00</invoice_received_date>
		<underwriter>9999</underwriter>
		<brand>NatWest_Tvl</brand>
		<product_type>TVNATBLAC</product_type>
		<product>TVANNUAL</product>
		<policy_term_months>12</policy_term_months>
		<claimnumber>33050796</claimnumber>
		<payment_status>Requesting</payment_status>
		<loss_date>2019-12-28T00:00:00</loss_date>
		<oracleupdated>0</oracleupdated>
		<payee_type>TPS</payee_type>
		<deductions_total>0</deductions_total>
		<last_update_date>2019-12-28T22:56:07</last_update_date>
		<dlg_ap_invoice_lineitem>
			<id>221527436</id>
			<version>0</version>
			<create_dt>2019-12-28T22:56:07</create_dt>
			<category>agents_Ins</category>
			<ap_header_id>74833464</ap_header_id>
			<cc_public_id>AQUA065:221527436</cc_public_id>
			<cc_header_public_id>AQUA065:74833464</cc_header_public_id>
			<line_num>1</line_num>
			<line_item_amount>235.00</line_item_amount>
			<last_update_date>2019-12-28T22:56:07</last_update_date>
			<tax_code>T9</tax_code>
		</dlg_ap_invoice_lineitem>
	</dlg_ap_invoice_header>
	<dlg_ap_invoice_header>
		<id>74838329</id>
		<version>0</version>
		<create_dt>2019-06-17T19:18:01</create_dt>
		<cc_public_id>AQUA065:74838329</cc_public_id>
		<invoice_num>0</invoice_num>
		<invoice_date>2019-06-28T00:00:00</invoice_date>
		<vendor_id>28188595</vendor_id>
		<vendor_name>MEDICAL CLAIMS INTERNATIONAL</vendor_name>
		<vendor_site_cd>28188595</vendor_site_cd>
		<invoice_net_amount>245.00</invoice_net_amount>
		<invoice_currency_cd>EUR</invoice_currency_cd>
		<exchange_rate>0.8437</exchange_rate>
		<exchange_rate_type>Daily</exchange_rate_type>
		<exchange_date>2020-01-28T00:00:00</exchange_date>
		<invoice_vat_amount>0.00</invoice_vat_amount>
		<invoice_gross_amount>245.00</invoice_gross_amount>
		<base_currency_gross_amount>206.72</base_currency_gross_amount>
		<base_currency_amount>206.72</base_currency_amount>
		<base_currency_vat_amount>0.00</base_currency_vat_amount>
		<cheque_delivery>Send</cheque_delivery>
		<policy_num>28405949</policy_num>
		<payment_method_cd>InterTrans_Ins</payment_method_cd>
		<invoice_received_date>2020-01-28T00:00:00</invoice_received_date>
		<underwriter>9999</underwriter>
		<brand>NatWest_Tvl</brand>
		<product_type>TVNATBLAC</product_type>
		<product>TVANNUAL</product>
		<policy_term_months>12</policy_term_months>
		<claimnumber>32481995</claimnumber>
		<payment_status>Requesting</payment_status>
		<loss_date>2019-06-17T00:00:00</loss_date>
		<oracleupdated>0</oracleupdated>
		<payee_type>TPS</payee_type>
		<deductions_total>0</deductions_total>
		<last_update_date>2019-06-17T19:18:01</last_update_date>
		<dlg_ap_invoice_lineitem>
			<id>221545001</id>
			<version>0</version>
			<create_dt>2019-06-17T19:18:01</create_dt>
			<category>agents_Ins</category>
			<ap_header_id>74838329</ap_header_id>
			<cc_public_id>AQUA065:221545001</cc_public_id>
			<cc_header_public_id>AQUA065:74838329</cc_header_public_id>
			<line_num>1</line_num>
			<line_item_amount>245.00</line_item_amount>
			<last_update_date>2019-06-17T19:18:01</last_update_date>
			<tax_code>T9</tax_code>
		</dlg_ap_invoice_lineitem>
	</dlg_ap_invoice_header>
	<dlg_ap_invoice_header>
		<id>74838343</id>
		<version>0</version>
		<create_dt>2019-09-18T11:06:25</create_dt>
		<cc_public_id>AQUA065:74838343</cc_public_id>
		<invoice_num>0</invoice_num>
		<invoice_date>2020-01-24T00:00:00</invoice_date>
		<vendor_id>28188595</vendor_id>
		<vendor_name>MEDICAL CLAIMS INTERNATIONAL</vendor_name>
		<vendor_site_cd>28188595</vendor_site_cd>
		<invoice_net_amount>250.00</invoice_net_amount>
		<invoice_currency_cd>EUR</invoice_currency_cd>
		<exchange_rate>0.8437</exchange_rate>
		<exchange_rate_type>Daily</exchange_rate_type>
		<exchange_date>2020-01-28T00:00:00</exchange_date>
		<invoice_vat_amount>0.00</invoice_vat_amount>
		<invoice_gross_amount>250.00</invoice_gross_amount>
		<base_currency_gross_amount>210.94</base_currency_gross_amount>
		<base_currency_amount>210.94</base_currency_amount>
		<base_currency_vat_amount>0.00</base_currency_vat_amount>
		<cheque_delivery>Send</cheque_delivery>
		<policy_num>26787948</policy_num>
		<payment_method_cd>InterTrans_Ins</payment_method_cd>
		<invoice_received_date>2020-01-28T00:00:00</invoice_received_date>
		<underwriter>9999</underwriter>
		<brand>RBS_Tvl</brand>
		<product_type>TVRBSPLAT</product_type>
		<product>TVANNUAL</product>
		<policy_term_months>12</policy_term_months>
		<claimnumber>32801901</claimnumber>
		<payment_status>Requesting</payment_status>
		<loss_date>2019-09-18T00:00:00</loss_date>
		<oracleupdated>0</oracleupdated>
		<payee_type>TPS</payee_type>
		<deductions_total>0</deductions_total>
		<last_update_date>2019-09-18T11:06:25</last_update_date>
		<dlg_ap_invoice_lineitem>
			<id>221578661</id>
			<version>0</version>
			<create_dt>2019-09-18T11:06:25</create_dt>
			<category>agents_Ins</category>
			<ap_header_id>74838343</ap_header_id>
			<cc_public_id>AQUA065:221578661</cc_public_id>
			<cc_header_public_id>AQUA065:74838343</cc_header_public_id>
			<line_num>1</line_num>
			<line_item_amount>250.00</line_item_amount>
			<last_update_date>2019-09-18T11:06:25</last_update_date>
			<tax_code>T9</tax_code>
		</dlg_ap_invoice_lineitem>
	</dlg_ap_invoice_header>
	<dlg_ap_invoice_header>
		<id>74838354</id>
		<version>0</version>
		<create_dt>2020-01-10T15:53:44</create_dt>
		<cc_public_id>AQUA065:74838354</cc_public_id>
		<invoice_num>0</invoice_num>
		<invoice_date>2020-01-24T00:00:00</invoice_date>
		<vendor_id>28188595</vendor_id>
		<vendor_name>MEDICAL CLAIMS INTERNATIONAL</vendor_name>
		<vendor_site_cd>28188595</vendor_site_cd>
		<invoice_net_amount>225.63</invoice_net_amount>
		<invoice_currency_cd>EUR</invoice_currency_cd>
		<exchange_rate>0.8437</exchange_rate>
		<exchange_rate_type>Daily</exchange_rate_type>
		<exchange_date>2020-01-28T00:00:00</exchange_date>
		<invoice_vat_amount>0.00</invoice_vat_amount>
		<invoice_gross_amount>225.63</invoice_gross_amount>
		<base_currency_gross_amount>190.37</base_currency_gross_amount>
		<base_currency_amount>190.37</base_currency_amount>
		<base_currency_vat_amount>0.00</base_currency_vat_amount>
		<cheque_delivery>Send</cheque_delivery>
		<policy_num>29202014</policy_num>
		<payment_method_cd>InterTrans_Ins</payment_method_cd>
		<invoice_received_date>2020-01-28T00:00:00</invoice_received_date>
		<underwriter>9999</underwriter>
		<brand>NatWest_Tvl</brand>
		<product_type>TVNATBLAC</product_type>
		<product>TVANNUAL</product>
		<policy_term_months>12</policy_term_months>
		<claimnumber>33095063</claimnumber>
		<payment_status>Requesting</payment_status>
		<loss_date>2020-01-06T00:00:00</loss_date>
		<oracleupdated>0</oracleupdated>
		<payee_type>TPS</payee_type>
		<deductions_total>0</deductions_total>
		<last_update_date>2020-01-10T15:53:44</last_update_date>
		<dlg_ap_invoice_lineitem>
			<id>221598089</id>
			<version>0</version>
			<create_dt>2020-01-10T15:53:44</create_dt>
			<category>agents_Ins</category>
			<ap_header_id>74838354</ap_header_id>
			<cc_public_id>AQUA065:221598089</cc_public_id>
			<cc_header_public_id>AQUA065:74838354</cc_header_public_id>
			<line_num>1</line_num>
			<line_item_amount>225.63</line_item_amount>
			<last_update_date>2020-01-10T15:53:44</last_update_date>
			<tax_code>T9</tax_code>
		</dlg_ap_invoice_lineitem>
	</dlg_ap_invoice_header>
</dlg_ap_invoices>
