
{
  "Debit":
    {
      "DLG_Company": "320",
      "DLG_Interco": "000",
      "DLG_Spare1": "0",
      "DLG_Spare2": "0",
      "DLG_CostCentre": "000000",
      "DLG_Account": "71041",
      "DLG_Channel": "00000",
      "DLG_Origin": {
        "GWPCGLPremium": "GWPC"
      },
      "DLG_Product": {
        "Motor": "208",
        "Legal_Ext": "831",
        "CommercialMotor":"214",
        "CommercialProperty":"626",
        "CommercialLiability":"000"
      },
      "DLG_Brand": {
        "Churchill": "R0002",
        "DirectLine": "R0001",
        "Privilege": "CD000",
        "FJ WEDDING HIRE SCHEME - 581": "B0121",
        "DL4B":"DFB04"
      }
    }
  ,
  "Credit":
    {
      "DLG_Company": "320",
      "DLG_Interco": "000",
      "DLG_Spare1": "0",
      "DLG_Spare2": "0",
      "DLG_Origin": {
        "GWPCGLPremium": "GWPC"
      },
      "DLG_Brand": {
        "Privilege_Comprehensive": "CD000",
        "Privilege_ComprehensivePlus": "CD00E",
        "Privilege_Telematics": "CD000",
        "Privilege_TPFT":"CD000",
        "Churchill_Comprehensive":"R0002",
        "Churchill_ComprehensivePlus":"R002E",
        "Churchill_Telematics":"R0002",
        "Churchill_TPFT":"R0002",
        "DirectLine_Comprehensive":"R0001",
        "DirectLine_ComprehensivePlus":"R000E",
        "DirectLine_compplustelematics":"R0001",
        "DirectLine_Telematics":"R0001",
        "DirectLine_TPFT":"R0001"

      },
      "DLG_Product": {
        "compplus": "208",
        "Comprehensive": "208",
        "Fees": "208",
        "fulluk": "841",
        "IPT": "208",
        "MLP_Ext": "831",
        "MOTForeignUseCov": "208",
        "MOTGuaranteedHireCarCov": "216",
        "MOTGuaranteedHireCarPlusCov": "216",
        "MOTNoClaimDiscCov": "208",
        "MOTLegalCoverCov":"831",
        "Motor": "208",
        "MTA": "208",
        "RESEuroBrkdownLongTermCov": "841 ",
        "RESEuroBrkdownShortTermCov": "841",
        "roadside": "841",
        "roadsidehome": "841",
        "Telematics": "208",
        "tpft": "208",
        "TPFT": "208"
      },
      "DLG_Product_Type": {
        "IPT":{
          "DLG_CostCentre": "000000",
          "DLG_Account": "81500",
          "DLG_Channel": "00000"
        },

        "VAT": {
          "DLG_CostCentre": "000000",
          "DLG_Account": "81600",
          "DLG_Channel": "00000"
        },
        "ADMIN": {
          "DLG_CostCentre": "SYS000",
          "DLG_Account": "14327",
          "DLG_Channel": {
            "boughtbymany": "PCW00",
            "breakdowncover": "PCW00",
            "breakdowncovercompare": "PCW00",
            "comparesave": "PCW00",
            "comparethemarket": "PCW00",
            "confused": "PCW00",
            "discvouch": "PCW00",
            "fairinvest": "PCW00",
            "gocompare": "PCW00",
            "kidstart": "PCW00",
            "knowyourmoney": "PCW00",
            "Money": "PCW00",
            "moneysavingexpert": "PCW00",
            "MVC": "PCW00",
            "noselect": "PCW00",
            "quidco": "PCW00",
            "quotesearch": "PCW00",
            "rescuecomp": "PCW00",
            "topcash": "PCW00",
            "uksimple": "PCW00",
            "uswitch": "PCW00",
            "voucher": "PCW00",
            "vouchercloud": "PCW00",
            "ContactCentre":"PHONE",
            "Digital":"WEB00",
            "Other":"OTH00",
            "PCW":"PCW00",
            "moneysupermarket":"PCW00"
          }
        },

        "Comprehensive": {
          "DLG_CostCentre": "SYS000",
          "DLG_Account": "10000",
          "DLG_Channel": {
            "boughtbymany": "PCW00",
            "breakdowncover": "PCW00",
            "breakdowncovercompare": "PCW00",
            "comparesave": "PCW00",
            "comparethemarket": "PCW00",
            "confused": "PCW00",
            "discvouch": "PCW00",
            "fairinvest": "PCW00",
            "gocompare": "PCW00",
            "kidstart": "PCW00",
            "knowyourmoney": "PCW00",
            "Money": "PCW00",
            "moneysavingexpert": "PCW00",
            "MVC": "PCW00",
            "noselect": "PCW00",
            "quidco": "PCW00",
            "quotesearch": "PCW00",
            "rescuecomp": "PCW00",
            "topcash": "PCW00",
            "uksimple": "PCW00",
            "uswitch": "PCW00",
            "voucher": "PCW00",
            "vouchercloud": "PCW00",
            "ContactCentre":"PHONE",
            "Digital":"WEB00",
            "Other":"OTH00",
            "PCW":"PCW00",
            "moneysupermarket":"PCW00"
          }
        },
        "compplus": {
          "DLG_CostCentre": "SYS000",
          "DLG_Account": "10000",
          "DLG_Channel":  {
            "boughtbymany": "PCW00",
            "breakdowncover": "PCW00",
            "breakdowncovercompare": "PCW00",
            "comparesave": "PCW00",
            "comparethemarket": "PCW00",
            "confused": "PCW00",
            "discvouch": "PCW00",
            "fairinvest": "PCW00",
            "gocompare": "PCW00",
            "kidstart": "PCW00",
            "knowyourmoney": "PCW00",
            "Money": "PCW00",
            "moneysavingexpert": "PCW00",
            "MVC": "PCW00",
            "noselect": "PCW00",
            "quidco": "PCW00",
            "quotesearch": "PCW00",
            "rescuecomp": "PCW00",
            "topcash": "PCW00",
            "uksimple": "PCW00",
            "uswitch": "PCW00",
            "voucher": "PCW00",
            "vouchercloud": "PCW00",
            "ContactCentre":"PHONE",
            "Digital":"WEB00",
            "Other":"OTH00",
            "PCW":"PCW00",
            "moneysupermarket":"PCW00"
          }
        },
        "Fees": {
          "DLG_CostCentre": "SYS000",
          "DLG_Account": "10000",
          "DLG_Channel": {
            "boughtbymany": "PCW00",
            "breakdowncover": "PCW00",
            "breakdowncovercompare": "PCW00",
            "comparesave": "PCW00",
            "comparethemarket": "PCW00",
            "confused": "PCW00",
            "discvouch": "PCW00",
            "fairinvest": "PCW00",
            "gocompare": "PCW00",
            "kidstart": "PCW00",
            "knowyourmoney": "PCW00",
            "Money": "PCW00",
            "moneysavingexpert": "PCW00",
            "MVC": "PCW00",
            "noselect": "PCW00",
            "quidco": "PCW00",
            "quotesearch": "PCW00",
            "rescuecomp": "PCW00",
            "topcash": "PCW00",
            "uksimple": "PCW00",
            "uswitch": "PCW00",
            "voucher": "PCW00",
            "vouchercloud": "PCW00",
            "ContactCentre":"PHONE",
            "Digital":"WEB00",
            "Other":"OTH00",
            "PCW":"PCW00",
            "moneysupermarket":"PCW00"
          }
        },
        "fulluk": {
          "DLG_CostCentre": "SYS000",
          "DLG_Account": "10000",
          "DLG_Channel": {
            "boughtbymany": "PCW00",
            "breakdowncover": "PCW00",
            "breakdowncovercompare": "PCW00",
            "comparesave": "PCW00",
            "comparethemarket": "PCW00",
            "confused": "PCW00",
            "discvouch": "PCW00",
            "fairinvest": "PCW00",
            "gocompare": "PCW00",
            "kidstart": "PCW00",
            "knowyourmoney": "PCW00",
            "Money": "PCW00",
            "moneysavingexpert": "PCW00",
            "MVC": "PCW00",
            "noselect": "PCW00",
            "quidco": "PCW00",
            "quotesearch": "PCW00",
            "rescuecomp": "PCW00",
            "topcash": "PCW00",
            "uksimple": "PCW00",
            "uswitch": "PCW00",
            "voucher": "PCW00",
            "vouchercloud": "PCW00",
            "ContactCentre":"PHONE",
            "Digital":"WEB00",
            "Other":"OTH00",
            "PCW":"PCW00",
            "moneysupermarket":"PCW00"
          }
        },
        "MOTForeignUseCov": {
          "DLG_CostCentre": "SYS000",
          "DLG_Account": "10000",
          "DLG_Channel": {"boughtbymany": "PCW00",
            "breakdowncover": "PCW00",
            "breakdowncovercompare": "PCW00",
            "comparesave": "PCW00",
            "comparethemarket": "PCW00",
            "confused": "PCW00",
            "discvouch": "PCW00",
            "fairinvest": "PCW00",
            "gocompare": "PCW00",
            "kidstart": "PCW00",
            "knowyourmoney": "PCW00",
            "Money": "PCW00",
            "moneysavingexpert": "PCW00",
            "MVC": "PCW00",
            "noselect": "PCW00",
            "quidco": "PCW00",
            "quotesearch": "PCW00",
            "rescuecomp": "PCW00",
            "topcash": "PCW00",
            "uksimple": "PCW00",
            "uswitch": "PCW00",
            "voucher": "PCW00",
            "vouchercloud": "PCW00",
            "ContactCentre":"PHONE",
            "Digital":"WEB00",
            "Other":"OTH00",
            "PCW":"PCW00",
            "moneysupermarket":"PCW00"}
        },
        "MOTGuaranteedHireCarCov": {
          "DLG_CostCentre": "SYS000",
          "DLG_Account": "10000",
          "DLG_Channel": {
            "boughtbymany": "PCW00",
            "breakdowncover": "PCW00",
            "breakdowncovercompare": "PCW00",
            "comparesave": "PCW00",
            "comparethemarket": "PCW00",
            "confused": "PCW00",
            "discvouch": "PCW00",
            "fairinvest": "PCW00",
            "gocompare": "PCW00",
            "kidstart": "PCW00",
            "knowyourmoney": "PCW00",
            "Money": "PCW00",
            "moneysavingexpert": "PCW00",
            "MVC": "PCW00",
            "noselect": "PCW00",
            "quidco": "PCW00",
            "quotesearch": "PCW00",
            "rescuecomp": "PCW00",
            "topcash": "PCW00",
            "uksimple": "PCW00",
            "uswitch": "PCW00",
            "voucher": "PCW00",
            "vouchercloud": "PCW00",
            "ContactCentre":"PHONE",
            "Digital":"WEB00",
            "Other":"OTH00",
            "PCW":"PCW00",
            "moneysupermarket":"PCW00"
          }
        },
        "MOTGuaranteedHireCarPlusCov": {
          "DLG_CostCentre": "SYS000",
          "DLG_Account": "10000",
          "DLG_Channel": {
            "boughtbymany": "PCW00",
            "breakdowncover": "PCW00",
            "breakdowncovercompare": "PCW00",
            "comparesave": "PCW00",
            "comparethemarket": "PCW00",
            "confused": "PCW00",
            "discvouch": "PCW00",
            "fairinvest": "PCW00",
            "gocompare": "PCW00",
            "kidstart": "PCW00",
            "knowyourmoney": "PCW00",
            "Money": "PCW00",
            "moneysavingexpert": "PCW00",
            "MVC": "PCW00",
            "noselect": "PCW00",
            "quidco": "PCW00",
            "quotesearch": "PCW00",
            "rescuecomp": "PCW00",
            "topcash": "PCW00",
            "uksimple": "PCW00",
            "uswitch": "PCW00",
            "voucher": "PCW00",
            "vouchercloud": "PCW00",
            "ContactCentre":"PHONE",
            "Digital":"WEB00",
            "Other":"OTH00",
            "PCW":"PCW00",
            "moneysupermarket":"PCW00"
          }
        },
        "MOTNoClaimDiscCov": {
          "DLG_CostCentre": "SYS000",
          "DLG_Account": "10000",
          "DLG_Channel": {
            "boughtbymany": "PCW00",
            "breakdowncover": "PCW00",
            "breakdowncovercompare": "PCW00",
            "comparesave": "PCW00",
            "comparethemarket": "PCW00",
            "confused": "PCW00",
            "discvouch": "PCW00",
            "fairinvest": "PCW00",
            "gocompare": "PCW00",
            "kidstart": "PCW00",
            "knowyourmoney": "PCW00",
            "Money": "PCW00",
            "moneysavingexpert": "PCW00",
            "MVC": "PCW00",
            "noselect": "PCW00",
            "quidco": "PCW00",
            "quotesearch": "PCW00",
            "rescuecomp": "PCW00",
            "topcash": "PCW00",
            "uksimple": "PCW00",
            "uswitch": "PCW00",
            "voucher": "PCW00",
            "vouchercloud": "PCW00",
            "ContactCentre":"PHONE",
            "Digital":"WEB00",
            "Other":"OTH00",
            "PCW":"PCW00",
            "moneysupermarket":"PCW00"
          }
        },
        "MOTLegalCoverCov": {
          "DLG_CostCentre": "SYS000",
          "DLG_Account": "10000",
          "DLG_Channel": {
            "boughtbymany": "PCW00",
            "breakdowncover": "PCW00",
            "breakdowncovercompare": "PCW00",
            "comparesave": "PCW00",
            "comparethemarket": "PCW00",
            "confused": "PCW00",
            "discvouch": "PCW00",
            "fairinvest": "PCW00",
            "gocompare": "PCW00",
            "kidstart": "PCW00",
            "knowyourmoney": "PCW00",
            "Money": "PCW00",
            "moneysavingexpert": "PCW00",
            "MVC": "PCW00",
            "noselect": "PCW00",
            "quidco": "PCW00",
            "quotesearch": "PCW00",
            "rescuecomp": "PCW00",
            "topcash": "PCW00",
            "uksimple": "PCW00",
            "uswitch": "PCW00",
            "voucher": "PCW00",
            "vouchercloud": "PCW00",
            "ContactCentre":"PHONE",
            "Digital":"WEB00",
            "Other":"OTH00",
            "PCW":"PCW00",
            "moneysupermarket":"PCW00"
          }
        },
        "RESEuroBrkdownLongTermCov": {
          "DLG_CostCentre": "SYS000",
          "DLG_Account": "10000",
          "DLG_Channel": {
            "boughtbymany": "PCW00",
            "breakdowncover": "PCW00",
            "breakdowncovercompare": "PCW00",
            "comparesave": "PCW00",
            "comparethemarket": "PCW00",
            "confused": "PCW00",
            "discvouch": "PCW00",
            "fairinvest": "PCW00",
            "gocompare": "PCW00",
            "kidstart": "PCW00",
            "knowyourmoney": "PCW00",
            "Money": "PCW00",
            "moneysavingexpert": "PCW00",
            "MVC": "PCW00",
            "noselect": "PCW00",
            "quidco": "PCW00",
            "quotesearch": "PCW00",
            "rescuecomp": "PCW00",
            "topcash": "PCW00",
            "uksimple": "PCW00",
            "uswitch": "PCW00",
            "voucher": "PCW00",
            "vouchercloud": "PCW00",
            "ContactCentre":"PHONE",
            "Digital":"WEB00",
            "Other":"OTH00",
            "PCW":"PCW00",
            "moneysupermarket":"PCW00"
          }
        },
        "RESEuroBrkdownShortTermCov": {
          "DLG_CostCentre": "SYS000",
          "DLG_Account": "10000",
          "DLG_Channel": {
            "boughtbymany": "PCW00",
            "breakdowncover": "PCW00",
            "breakdowncovercompare": "PCW00",
            "comparesave": "PCW00",
            "comparethemarket": "PCW00",
            "confused": "PCW00",
            "discvouch": "PCW00",
            "fairinvest": "PCW00",
            "gocompare": "PCW00",
            "kidstart": "PCW00",
            "knowyourmoney": "PCW00",
            "Money": "PCW00",
            "moneysavingexpert": "PCW00",
            "MVC": "PCW00",
            "noselect": "PCW00",
            "quidco": "PCW00",
            "quotesearch": "PCW00",
            "rescuecomp": "PCW00",
            "topcash": "PCW00",
            "uksimple": "PCW00",
            "uswitch": "PCW00",
            "voucher": "PCW00",
            "vouchercloud": "PCW00",
            "ContactCentre":"PHONE",
            "Digital":"WEB00",
            "Other":"OTH00",
            "PCW":"PCW00",
            "moneysupermarket":"PCW00"
          }
        },
        "roadsidehome": {
          "DLG_CostCentre": "SYS000",
          "DLG_Account": "10000",
          "DLG_Channel": {
            "boughtbymany": "PCW00",
            "breakdowncover": "PCW00",
            "breakdowncovercompare": "PCW00",
            "comparesave": "PCW00",
            "comparethemarket": "PCW00",
            "confused": "PCW00",
            "discvouch": "PCW00",
            "fairinvest": "PCW00",
            "gocompare": "PCW00",
            "kidstart": "PCW00",
            "knowyourmoney": "PCW00",
            "Money": "PCW00",
            "moneysavingexpert": "PCW00",
            "MVC": "PCW00",
            "noselect": "PCW00",
            "quidco": "PCW00",
            "quotesearch": "PCW00",
            "rescuecomp": "PCW00",
            "topcash": "PCW00",
            "uksimple": "PCW00",
            "uswitch": "PCW00",
            "voucher": "PCW00",
            "vouchercloud": "PCW00",
            "ContactCentre":"PHONE",
            "Digital":"WEB00",
            "Other":"OTH00",
            "PCW":"PCW00",
            "moneysupermarket":"PCW00"
          }
        },
        "roadside": {
          "DLG_CostCentre": "SYS000",
          "DLG_Account": "10000",
          "DLG_Channel": {
            "boughtbymany": "PCW00",
            "breakdowncover": "PCW00",
            "breakdowncovercompare": "PCW00",
            "comparesave": "PCW00",
            "comparethemarket": "PCW00",
            "confused": "PCW00",
            "discvouch": "PCW00",
            "fairinvest": "PCW00",
            "gocompare": "PCW00",
            "kidstart": "PCW00",
            "knowyourmoney": "PCW00",
            "Money": "PCW00",
            "moneysavingexpert": "PCW00",
            "MVC": "PCW00",
            "noselect": "PCW00",
            "quidco": "PCW00",
            "quotesearch": "PCW00",
            "rescuecomp": "PCW00",
            "topcash": "PCW00",
            "uksimple": "PCW00",
            "uswitch": "PCW00",
            "voucher": "PCW00",
            "vouchercloud": "PCW00",
            "ContactCentre":"PHONE",
            "Digital":"WEB00",
            "Other":"OTH00",
            "PCW":"PCW00",
            "moneysupermarket":"PCW00"
          }
        },
        "Telematics": {
          "DLG_CostCentre": "SYS000",
          "DLG_Account": "10000",
          "DLG_Channel": {
            "boughtbymany": "PCW00",
            "breakdowncover": "PCW00",
            "breakdowncovercompare": "PCW00",
            "comparesave": "PCW00",
            "comparethemarket": "PCW00",
            "confused": "PCW00",
            "discvouch": "PCW00",
            "fairinvest": "PCW00",
            "gocompare": "PCW00",
            "kidstart": "PCW00",
            "knowyourmoney": "PCW00",
            "Money": "PCW00",
            "moneysavingexpert": "PCW00",
            "MVC": "PCW00",
            "noselect": "PCW00",
            "quidco": "PCW00",
            "quotesearch": "PCW00",
            "rescuecomp": "PCW00",
            "topcash": "PCW00",
            "uksimple": "PCW00",
            "uswitch": "PCW00",
            "voucher": "PCW00",
            "vouchercloud": "PCW00",
            "ContactCentre":"PHONE",
            "Digital":"WEB00",
            "Other":"OTH00",
            "PCW":"PCW00",
            "moneysupermarket":"PCW00"
          }
        },
        "tpft": {
          "DLG_CostCentre": "SYS000",
          "DLG_Account": "10000",
          "DLG_Channel": {
            "boughtbymany": "PCW00",
            "breakdowncover": "PCW00",
            "breakdowncovercompare": "PCW00",
            "comparesave": "PCW00",
            "comparethemarket": "PCW00",
            "confused": "PCW00",
            "discvouch": "PCW00",
            "fairinvest": "PCW00",
            "gocompare": "PCW00",
            "kidstart": "PCW00",
            "knowyourmoney": "PCW00",
            "Money": "PCW00",
            "moneysavingexpert": "PCW00",
            "MVC": "PCW00",
            "noselect": "PCW00",
            "quidco": "PCW00",
            "quotesearch": "PCW00",
            "rescuecomp": "PCW00",
            "topcash": "PCW00",
            "uksimple": "PCW00",
            "uswitch": "PCW00",
            "voucher": "PCW00",
            "vouchercloud": "PCW00",
            "ContactCentre":"PHONE",
            "Digital":"WEB00",
            "Other":"OTH00",
            "PCW":"PCW00",
            "moneysupermarket":"PCW00"
          }
        },
        "TPFT": {
          "DLG_CostCentre": "SYS000",
          "DLG_Account": "10000",
          "DLG_Channel": {
            "boughtbymany": "PCW00",
            "breakdowncover": "PCW00",
            "breakdowncovercompare": "PCW00",
            "comparesave": "PCW00",
            "comparethemarket": "PCW00",
            "confused": "PCW00",
            "discvouch": "PCW00",
            "fairinvest": "PCW00",
            "gocompare": "PCW00",
            "kidstart": "PCW00",
            "knowyourmoney": "PCW00",
            "Money": "PCW00",
            "moneysavingexpert": "PCW00",
            "MVC": "PCW00",
            "noselect": "PCW00",
            "quidco": "PCW00",
            "quotesearch": "PCW00",
            "rescuecomp": "PCW00",
            "topcash": "PCW00",
            "uksimple": "PCW00",
            "uswitch": "PCW00",
            "voucher": "PCW00",
            "vouchercloud": "PCW00",
            "ContactCentre":"PHONE",
            "Digital":"WEB00",
            "Other":"OTH00",
            "PCW":"PCW00",
            "moneysupermarket":"PCW00"
          }
        },
        "MTA": {
          "DLG_CostCentre": "SYS000",
          "DLG_Account": "10000",
          "DLG_Channel": {
            "boughtbymany": "PCW00",
            "breakdowncover": "PCW00",
            "breakdowncovercompare": "PCW00",
            "comparesave": "PCW00",
            "comparethemarket": "PCW00",
            "confused": "PCW00",
            "discvouch": "PCW00",
            "fairinvest": "PCW00",
            "gocompare": "PCW00",
            "kidstart": "PCW00",
            "knowyourmoney": "PCW00",
            "Money": "PCW00",
            "moneysavingexpert": "PCW00",
            "MVC": "PCW00",
            "noselect": "PCW00",
            "quidco": "PCW00",
            "quotesearch": "PCW00",
            "rescuecomp": "PCW00",
            "topcash": "PCW00",
            "uksimple": "PCW00",
            "uswitch": "PCW00",
            "voucher": "PCW00",
            "vouchercloud": "PCW00",
            "ContactCentre":"PHONE",
            "Digital":"WEB00",
            "Other":"OTH00",
            "PCW":"PCW00",
            "moneysupermarket":"PCW00"
          }
        }
      }
    }

}

