<?xml version="1.0" encoding="UTF-8" standalone="no"?>
<nsl:dlg_file_header source="GWCCGLReserves" version="2.6.0" sequence_no="1" job_id="52950472" create_date_time="2020-04-15T00:59:20" xmlns:nsl="http://www.directlinegroup.co.uk/b4c/reserves" xsi:schemaLocation="http://www.directlinegroup.co.uk/b4c/reserves GWCCGLReserves_v2.6.0.xsd" xmlns:xsi="http://www.w3.org/2001/XMLSchema-instance">
  <nsl:dlg_header>
     <nsl:header_id>tbj:36378</nsl:header_id>
    <nsl:source>GWCCGLReserves</nsl:source>
    <nsl:policy_number>5000319714</nsl:policy_number>
    <nsl:claim_number>200021194</nsl:claim_number>
    <nsl:underwriter>ukinsurance_dlg</nsl:underwriter>
    <nsl:brand>privilege</nsl:brand>
    <nsl:line_of_business>MOTLine</nsl:line_of_business>
    <nsl:product_type>comp</nsl:product_type>
    <nsl:channel>digital</nsl:channel>
    <nsl:event_id>1B</nsl:event_id>
    <nsl:transaction_date>2020-04-14T13:17:58</nsl:transaction_date>
    <nsl:loss_date>2020-04-08T09:05:00</nsl:loss_date>
    <nsl:product>Motor</nsl:product>
    <nsl:transaction_amount currency_code="GBP">-4551.000</nsl:transaction_amount>
    <nsl:exchange_rate>1.00000</nsl:exchange_rate>
    <nsl:exchange_rate_type>DAILY</nsl:exchange_rate_type>
    <nsl:base_currency_amount>-4551.00</nsl:base_currency_amount>
  </nsl:dlg_header>
  <nsl:dlg_header>
     <nsl:header_id>tbj:36384</nsl:header_id>
    <nsl:source>GWCCGLReserves</nsl:source>
    <nsl:policy_number>5000212695</nsl:policy_number>
    <nsl:claim_number>200021665</nsl:claim_number>
    <nsl:underwriter>ukinsurance_dlg</nsl:underwriter>
    <nsl:brand>privilege</nsl:brand>
    <nsl:line_of_business>MOTLine</nsl:line_of_business>
    <nsl:product_type>comp</nsl:product_type>
    <nsl:channel>contactcentre</nsl:channel>
    <nsl:event_id>1A</nsl:event_id>
    <nsl:transaction_date>2020-04-14T14:20:11</nsl:transaction_date>
    <nsl:loss_date>2020-04-08T17:00:00</nsl:loss_date>
    <nsl:product>Motor</nsl:product>
    <nsl:transaction_amount currency_code="GBP">1971.000</nsl:transaction_amount>
    <nsl:exchange_rate>1.00000</nsl:exchange_rate>
    <nsl:exchange_rate_type>DAILY</nsl:exchange_rate_type>
    <nsl:base_currency_amount>1971.00</nsl:base_currency_amount>
  </nsl:dlg_header>
  <nsl:dlg_header>
     <nsl:header_id>tbj:36179</nsl:header_id>
    <nsl:source>GWCCGLReserves</nsl:source>
    <nsl:policy_number>5000047794</nsl:policy_number>
    <nsl:claim_number>200019677</nsl:claim_number>
    <nsl:underwriter>ukinsurance_dlg</nsl:underwriter>
    <nsl:brand>privilege</nsl:brand>
    <nsl:line_of_business>MOTLine</nsl:line_of_business>
    <nsl:product_type>compplus</nsl:product_type>
    <nsl:channel>pcw</nsl:channel>
    <nsl:event_id>2B</nsl:event_id>
    <nsl:transaction_date>2020-04-14T14:35:07</nsl:transaction_date>
    <nsl:loss_date>2020-03-20T13:00:00</nsl:loss_date>
    <nsl:product>Motor</nsl:product>
    <nsl:transaction_amount currency_code="GBP">-600.000</nsl:transaction_amount>
    <nsl:exchange_rate>1.00000</nsl:exchange_rate>
    <nsl:exchange_rate_type>DAILY</nsl:exchange_rate_type>
    <nsl:base_currency_amount>-600.00</nsl:base_currency_amount>
  </nsl:dlg_header>
  <nsl:dlg_header>
     <nsl:header_id>tbj:36180</nsl:header_id>
    <nsl:source>GWCCGLReserves</nsl:source>
    <nsl:policy_number>5000047794</nsl:policy_number>
    <nsl:claim_number>200019677</nsl:claim_number>
    <nsl:underwriter>ukinsurance_dlg</nsl:underwriter>
    <nsl:brand>privilege</nsl:brand>
    <nsl:line_of_business>MOTLine</nsl:line_of_business>
    <nsl:product_type>compplus</nsl:product_type>
    <nsl:channel>pcw</nsl:channel>
    <nsl:event_id>2A</nsl:event_id>
    <nsl:transaction_date>2020-04-14T14:35:07</nsl:transaction_date>
    <nsl:loss_date>2020-03-20T13:00:00</nsl:loss_date>
    <nsl:product>Motor</nsl:product>
    <nsl:transaction_amount currency_code="GBP">600.000</nsl:transaction_amount>
    <nsl:exchange_rate>1.00000</nsl:exchange_rate>
    <nsl:exchange_rate_type>DAILY</nsl:exchange_rate_type>
    <nsl:base_currency_amount>600.00</nsl:base_currency_amount>
  </nsl:dlg_header>
  <nsl:dlg_header>
     <nsl:header_id>tbj:36432</nsl:header_id>
    <nsl:source>GWCCGLReserves</nsl:source>
    <nsl:policy_number>5000171750</nsl:policy_number>
    <nsl:claim_number>200017416</nsl:claim_number>
    <nsl:underwriter>ukinsurance_dlg</nsl:underwriter>
    <nsl:brand>privilege</nsl:brand>
    <nsl:line_of_business>MOTLine</nsl:line_of_business>
    <nsl:product_type>comp</nsl:product_type>
    <nsl:channel>pcw</nsl:channel>
    <nsl:event_id>1B</nsl:event_id>
    <nsl:transaction_date>2020-04-14T14:47:47</nsl:transaction_date>
    <nsl:loss_date>2020-03-03T13:45:00</nsl:loss_date>
    <nsl:product>Motor</nsl:product>
    <nsl:transaction_amount currency_code="GBP">-1971.000</nsl:transaction_amount>
    <nsl:exchange_rate>1.00000</nsl:exchange_rate>
    <nsl:exchange_rate_type>DAILY</nsl:exchange_rate_type>
    <nsl:base_currency_amount>-1971.00</nsl:base_currency_amount>
  </nsl:dlg_header>
  <nsl:dlg_header>
     <nsl:header_id>tbj:36507</nsl:header_id>
    <nsl:source>GWCCGLReserves</nsl:source>
    <nsl:policy_number>5000328020</nsl:policy_number>
    <nsl:claim_number>200019362</nsl:claim_number>
    <nsl:underwriter>ukinsurance_dlg</nsl:underwriter>
    <nsl:brand>privilege</nsl:brand>
    <nsl:line_of_business>MOTLine</nsl:line_of_business>
    <nsl:product_type>comp</nsl:product_type>
    <nsl:channel>pcw</nsl:channel>
    <nsl:event_id>2A</nsl:event_id>
    <nsl:transaction_date>2020-04-14T22:00:44</nsl:transaction_date>
    <nsl:loss_date>2020-03-18T08:00:00</nsl:loss_date>
    <nsl:product>Motor</nsl:product>
    <nsl:transaction_amount currency_code="GBP">400.000</nsl:transaction_amount>
    <nsl:exchange_rate>1.00000</nsl:exchange_rate>
    <nsl:exchange_rate_type>DAILY</nsl:exchange_rate_type>
    <nsl:base_currency_amount>400.00</nsl:base_currency_amount>
  </nsl:dlg_header>
  <nsl:dlg_header>
     <nsl:header_id>tbj:36175</nsl:header_id>
    <nsl:source>GWCCGLReserves</nsl:source>
    <nsl:policy_number>5000053859</nsl:policy_number>
    <nsl:claim_number>200020493</nsl:claim_number>
    <nsl:underwriter>ukinsurance_dlg</nsl:underwriter>
    <nsl:brand>privilege</nsl:brand>
    <nsl:line_of_business>MOTLine</nsl:line_of_business>
    <nsl:product_type>comp</nsl:product_type>
    <nsl:channel>pcw</nsl:channel>
    <nsl:event_id>1B</nsl:event_id>
    <nsl:transaction_date>2020-04-14T11:02:10</nsl:transaction_date>
    <nsl:loss_date>2020-03-19T14:40:00</nsl:loss_date>
    <nsl:product>Motor</nsl:product>
    <nsl:transaction_amount currency_code="GBP">-6501.000</nsl:transaction_amount>
    <nsl:exchange_rate>1.00000</nsl:exchange_rate>
    <nsl:exchange_rate_type>DAILY</nsl:exchange_rate_type>
    <nsl:base_currency_amount>-6501.00</nsl:base_currency_amount>
  </nsl:dlg_header>
  <nsl:dlg_header>
     <nsl:header_id>tbj:36429</nsl:header_id>
    <nsl:source>GWCCGLReserves</nsl:source>
    <nsl:policy_number>5000129444</nsl:policy_number>
    <nsl:claim_number>200021038</nsl:claim_number>
    <nsl:underwriter>ukinsurance_dlg</nsl:underwriter>
    <nsl:brand>privilege</nsl:brand>
    <nsl:line_of_business>MOTLine</nsl:line_of_business>
    <nsl:product_type>comp</nsl:product_type>
    <nsl:channel>pcw</nsl:channel>
    <nsl:event_id>2B</nsl:event_id>
    <nsl:transaction_date>2020-04-14T11:23:23</nsl:transaction_date>
    <nsl:loss_date>2020-03-11T12:00:00</nsl:loss_date>
    <nsl:product>Motor</nsl:product>
    <nsl:transaction_amount currency_code="GBP">-850.000</nsl:transaction_amount>
    <nsl:exchange_rate>1.00000</nsl:exchange_rate>
    <nsl:exchange_rate_type>DAILY</nsl:exchange_rate_type>
    <nsl:base_currency_amount>-850.00</nsl:base_currency_amount>
  </nsl:dlg_header>
  <nsl:dlg_header>
     <nsl:header_id>tbj:36430</nsl:header_id>
    <nsl:source>GWCCGLReserves</nsl:source>
    <nsl:policy_number>5000232719</nsl:policy_number>
    <nsl:claim_number>200017184</nsl:claim_number>
    <nsl:underwriter>ukinsurance_dlg</nsl:underwriter>
    <nsl:brand>privilege</nsl:brand>
    <nsl:line_of_business>MOTLine</nsl:line_of_business>
    <nsl:product_type>comp</nsl:product_type>
    <nsl:channel>pcw</nsl:channel>
    <nsl:event_id>1A</nsl:event_id>
    <nsl:transaction_date>2020-04-14T11:59:16</nsl:transaction_date>
    <nsl:loss_date>2020-03-02T10:29:00</nsl:loss_date>
    <nsl:product>Motor</nsl:product>
    <nsl:transaction_amount currency_code="GBP">10.000</nsl:transaction_amount>
    <nsl:exchange_rate>1.00000</nsl:exchange_rate>
    <nsl:exchange_rate_type>DAILY</nsl:exchange_rate_type>
    <nsl:base_currency_amount>10.00</nsl:base_currency_amount>
  </nsl:dlg_header>
  <nsl:dlg_header>
     <nsl:header_id>tbj:36372</nsl:header_id>
    <nsl:source>GWCCGLReserves</nsl:source>
    <nsl:policy_number>5000082684</nsl:policy_number>
    <nsl:claim_number>200015493</nsl:claim_number>
    <nsl:underwriter>ukinsurance_dlg</nsl:underwriter>
    <nsl:brand>privilege</nsl:brand>
    <nsl:line_of_business>MOTLine</nsl:line_of_business>
    <nsl:product_type>compplus</nsl:product_type>
    <nsl:channel>contactcentre</nsl:channel>
    <nsl:event_id>2B</nsl:event_id>
    <nsl:transaction_date>2020-04-14T12:22:57</nsl:transaction_date>
    <nsl:loss_date>2020-02-21T13:30:00</nsl:loss_date>
    <nsl:product>Motor</nsl:product>
    <nsl:transaction_amount currency_code="GBP">-500.000</nsl:transaction_amount>
    <nsl:exchange_rate>1.00000</nsl:exchange_rate>
    <nsl:exchange_rate_type>DAILY</nsl:exchange_rate_type>
    <nsl:base_currency_amount>-500.00</nsl:base_currency_amount>
  </nsl:dlg_header>
  <nsl:dlg_header>
     <nsl:header_id>tbj:36373</nsl:header_id>
    <nsl:source>GWCCGLReserves</nsl:source>
    <nsl:policy_number>5000082684</nsl:policy_number>
    <nsl:claim_number>200015493</nsl:claim_number>
    <nsl:underwriter>ukinsurance_dlg</nsl:underwriter>
    <nsl:brand>privilege</nsl:brand>
    <nsl:line_of_business>MOTLine</nsl:line_of_business>
    <nsl:product_type>compplus</nsl:product_type>
    <nsl:channel>contactcentre</nsl:channel>
    <nsl:event_id>2A</nsl:event_id>
    <nsl:transaction_date>2020-04-14T12:22:57</nsl:transaction_date>
    <nsl:loss_date>2020-02-21T13:30:00</nsl:loss_date>
    <nsl:product>Motor</nsl:product>
    <nsl:transaction_amount currency_code="GBP">500.000</nsl:transaction_amount>
    <nsl:exchange_rate>1.00000</nsl:exchange_rate>
    <nsl:exchange_rate_type>DAILY</nsl:exchange_rate_type>
    <nsl:base_currency_amount>500.00</nsl:base_currency_amount>
  </nsl:dlg_header>
  <nsl:dlg_header>
     <nsl:header_id>tbj:36296</nsl:header_id>
    <nsl:source>GWCCGLReserves</nsl:source>
    <nsl:policy_number>5000337039</nsl:policy_number>
    <nsl:claim_number>200019990</nsl:claim_number>
    <nsl:underwriter>ukinsurance_dlg</nsl:underwriter>
    <nsl:brand>privilege</nsl:brand>
    <nsl:line_of_business>MOTLine</nsl:line_of_business>
    <nsl:product_type>comp</nsl:product_type>
    <nsl:channel>pcw</nsl:channel>
    <nsl:event_id>1B</nsl:event_id>
    <nsl:transaction_date>2020-04-14T13:12:22</nsl:transaction_date>
    <nsl:loss_date>2020-03-20T19:00:00</nsl:loss_date>
    <nsl:product>Motor</nsl:product>
    <nsl:transaction_amount currency_code="GBP">-3901.000</nsl:transaction_amount>
    <nsl:exchange_rate>1.00000</nsl:exchange_rate>
    <nsl:exchange_rate_type>DAILY</nsl:exchange_rate_type>
    <nsl:base_currency_amount>-3901.00</nsl:base_currency_amount>
  </nsl:dlg_header>
  <nsl:dlg_header>
     <nsl:header_id>tbj:36297</nsl:header_id>
    <nsl:source>GWCCGLReserves</nsl:source>
    <nsl:policy_number>5000337039</nsl:policy_number>
    <nsl:claim_number>200019990</nsl:claim_number>
    <nsl:underwriter>ukinsurance_dlg</nsl:underwriter>
    <nsl:brand>privilege</nsl:brand>
    <nsl:line_of_business>MOTLine</nsl:line_of_business>
    <nsl:product_type>comp</nsl:product_type>
    <nsl:channel>pcw</nsl:channel>
    <nsl:event_id>1A</nsl:event_id>
    <nsl:transaction_date>2020-04-14T13:12:22</nsl:transaction_date>
    <nsl:loss_date>2020-03-20T19:00:00</nsl:loss_date>
    <nsl:product>Motor</nsl:product>
    <nsl:transaction_amount currency_code="GBP">600.000</nsl:transaction_amount>
    <nsl:exchange_rate>1.00000</nsl:exchange_rate>
    <nsl:exchange_rate_type>DAILY</nsl:exchange_rate_type>
    <nsl:base_currency_amount>600.00</nsl:base_currency_amount>
  </nsl:dlg_header>
  <nsl:dlg_header>
     <nsl:header_id>tbj:36298</nsl:header_id>
    <nsl:source>GWCCGLReserves</nsl:source>
    <nsl:policy_number>5000337039</nsl:policy_number>
    <nsl:claim_number>200019990</nsl:claim_number>
    <nsl:underwriter>ukinsurance_dlg</nsl:underwriter>
    <nsl:brand>privilege</nsl:brand>
    <nsl:line_of_business>MOTLine</nsl:line_of_business>
    <nsl:product_type>comp</nsl:product_type>
    <nsl:channel>pcw</nsl:channel>
    <nsl:event_id>1A</nsl:event_id>
    <nsl:transaction_date>2020-04-14T13:12:22</nsl:transaction_date>
    <nsl:loss_date>2020-03-20T19:00:00</nsl:loss_date>
    <nsl:product>Motor</nsl:product>
    <nsl:transaction_amount currency_code="GBP">220.000</nsl:transaction_amount>
    <nsl:exchange_rate>1.00000</nsl:exchange_rate>
    <nsl:exchange_rate_type>DAILY</nsl:exchange_rate_type>
    <nsl:base_currency_amount>220.00</nsl:base_currency_amount>
  </nsl:dlg_header>
  <nsl:dlg_header>
     <nsl:header_id>tbj:36177</nsl:header_id>
    <nsl:source>GWCCGLReserves</nsl:source>
    <nsl:policy_number>5000169127</nsl:policy_number>
    <nsl:claim_number>200020980</nsl:claim_number>
    <nsl:underwriter>ukinsurance_dlg</nsl:underwriter>
    <nsl:brand>privilege</nsl:brand>
    <nsl:line_of_business>MOTLine</nsl:line_of_business>
    <nsl:product_type>comp</nsl:product_type>
    <nsl:channel>pcw</nsl:channel>
    <nsl:event_id>2B</nsl:event_id>
    <nsl:transaction_date>2020-04-14T13:59:02</nsl:transaction_date>
    <nsl:loss_date>2020-04-03T09:00:00</nsl:loss_date>
    <nsl:product>Motor</nsl:product>
    <nsl:transaction_amount currency_code="GBP">-600.000</nsl:transaction_amount>
    <nsl:exchange_rate>1.00000</nsl:exchange_rate>
    <nsl:exchange_rate_type>DAILY</nsl:exchange_rate_type>
    <nsl:base_currency_amount>-600.00</nsl:base_currency_amount>
  </nsl:dlg_header>
  <nsl:dlg_header>
     <nsl:header_id>tbj:36178</nsl:header_id>
    <nsl:source>GWCCGLReserves</nsl:source>
    <nsl:policy_number>5000169127</nsl:policy_number>
    <nsl:claim_number>200020980</nsl:claim_number>
    <nsl:underwriter>ukinsurance_dlg</nsl:underwriter>
    <nsl:brand>privilege</nsl:brand>
    <nsl:line_of_business>MOTLine</nsl:line_of_business>
    <nsl:product_type>comp</nsl:product_type>
    <nsl:channel>pcw</nsl:channel>
    <nsl:event_id>2A</nsl:event_id>
    <nsl:transaction_date>2020-04-14T13:59:02</nsl:transaction_date>
    <nsl:loss_date>2020-04-03T09:00:00</nsl:loss_date>
    <nsl:product>Motor</nsl:product>
    <nsl:transaction_amount currency_code="GBP">600.000</nsl:transaction_amount>
    <nsl:exchange_rate>1.00000</nsl:exchange_rate>
    <nsl:exchange_rate_type>DAILY</nsl:exchange_rate_type>
    <nsl:base_currency_amount>600.00</nsl:base_currency_amount>
  </nsl:dlg_header>
  <nsl:dlg_header>
     <nsl:header_id>tbj:36385</nsl:header_id>
    <nsl:source>GWCCGLReserves</nsl:source>
    <nsl:policy_number>5000212695</nsl:policy_number>
    <nsl:claim_number>200021665</nsl:claim_number>
    <nsl:underwriter>ukinsurance_dlg</nsl:underwriter>
    <nsl:brand>privilege</nsl:brand>
    <nsl:line_of_business>MOTLine</nsl:line_of_business>
    <nsl:product_type>comp</nsl:product_type>
    <nsl:channel>contactcentre</nsl:channel>
    <nsl:event_id>2A</nsl:event_id>
    <nsl:transaction_date>2020-04-14T14:22:49</nsl:transaction_date>
    <nsl:loss_date>2020-04-08T17:00:00</nsl:loss_date>
    <nsl:product>Motor</nsl:product>
    <nsl:transaction_amount currency_code="GBP">500.000</nsl:transaction_amount>
    <nsl:exchange_rate>1.00000</nsl:exchange_rate>
    <nsl:exchange_rate_type>DAILY</nsl:exchange_rate_type>
    <nsl:base_currency_amount>500.00</nsl:base_currency_amount>
  </nsl:dlg_header>
  <nsl:dlg_header>
     <nsl:header_id>tbj:36386</nsl:header_id>
    <nsl:source>GWCCGLReserves</nsl:source>
    <nsl:policy_number>5000212695</nsl:policy_number>
    <nsl:claim_number>200021665</nsl:claim_number>
    <nsl:underwriter>ukinsurance_dlg</nsl:underwriter>
    <nsl:brand>privilege</nsl:brand>
    <nsl:line_of_business>MOTLine</nsl:line_of_business>
    <nsl:product_type>comp</nsl:product_type>
    <nsl:channel>contactcentre</nsl:channel>
    <nsl:event_id>2B</nsl:event_id>
    <nsl:transaction_date>2020-04-14T14:22:49</nsl:transaction_date>
    <nsl:loss_date>2020-04-08T17:00:00</nsl:loss_date>
    <nsl:product>Motor</nsl:product>
    <nsl:transaction_amount currency_code="GBP">-500.000</nsl:transaction_amount>
    <nsl:exchange_rate>1.00000</nsl:exchange_rate>
    <nsl:exchange_rate_type>DAILY</nsl:exchange_rate_type>
    <nsl:base_currency_amount>-500.00</nsl:base_currency_amount>
  </nsl:dlg_header>
  <nsl:dlg_header>
     <nsl:header_id>tbj:36181</nsl:header_id>
    <nsl:source>GWCCGLReserves</nsl:source>
    <nsl:policy_number>5000047794</nsl:policy_number>
    <nsl:claim_number>200019677</nsl:claim_number>
    <nsl:underwriter>ukinsurance_dlg</nsl:underwriter>
    <nsl:brand>privilege</nsl:brand>
    <nsl:line_of_business>MOTLine</nsl:line_of_business>
    <nsl:product_type>compplus</nsl:product_type>
    <nsl:channel>pcw</nsl:channel>
    <nsl:event_id>2B</nsl:event_id>
    <nsl:transaction_date>2020-04-14T14:37:18</nsl:transaction_date>
    <nsl:loss_date>2020-03-20T13:00:00</nsl:loss_date>
    <nsl:product>Motor</nsl:product>
    <nsl:transaction_amount currency_code="GBP">-600.000</nsl:transaction_amount>
    <nsl:exchange_rate>1.00000</nsl:exchange_rate>
    <nsl:exchange_rate_type>DAILY</nsl:exchange_rate_type>
    <nsl:base_currency_amount>-600.00</nsl:base_currency_amount>
  </nsl:dlg_header>
  <nsl:dlg_header>
     <nsl:header_id>tbj:36182</nsl:header_id>
    <nsl:source>GWCCGLReserves</nsl:source>
    <nsl:policy_number>5000047794</nsl:policy_number>
    <nsl:claim_number>200019677</nsl:claim_number>
    <nsl:underwriter>ukinsurance_dlg</nsl:underwriter>
    <nsl:brand>privilege</nsl:brand>
    <nsl:line_of_business>MOTLine</nsl:line_of_business>
    <nsl:product_type>compplus</nsl:product_type>
    <nsl:channel>pcw</nsl:channel>
    <nsl:event_id>2A</nsl:event_id>
    <nsl:transaction_date>2020-04-14T14:37:18</nsl:transaction_date>
    <nsl:loss_date>2020-03-20T13:00:00</nsl:loss_date>
    <nsl:product>Motor</nsl:product>
    <nsl:transaction_amount currency_code="GBP">600.000</nsl:transaction_amount>
    <nsl:exchange_rate>1.00000</nsl:exchange_rate>
    <nsl:exchange_rate_type>DAILY</nsl:exchange_rate_type>
    <nsl:base_currency_amount>600.00</nsl:base_currency_amount>
  </nsl:dlg_header>
  <nsl:dlg_header>
     <nsl:header_id>tbj:36433</nsl:header_id>
    <nsl:source>GWCCGLReserves</nsl:source>
    <nsl:policy_number>5000237064</nsl:policy_number>
    <nsl:claim_number>200020576</nsl:claim_number>
    <nsl:underwriter>ukinsurance_dlg</nsl:underwriter>
    <nsl:brand>privilege</nsl:brand>
    <nsl:line_of_business>MOTLine</nsl:line_of_business>
    <nsl:product_type>comp</nsl:product_type>
    <nsl:channel>pcw</nsl:channel>
    <nsl:event_id>2B</nsl:event_id>
    <nsl:transaction_date>2020-04-14T15:08:48</nsl:transaction_date>
    <nsl:loss_date>2020-03-29T18:30:00</nsl:loss_date>
    <nsl:product>Motor</nsl:product>
    <nsl:transaction_amount currency_code="GBP">-950.000</nsl:transaction_amount>
    <nsl:exchange_rate>1.00000</nsl:exchange_rate>
    <nsl:exchange_rate_type>DAILY</nsl:exchange_rate_type>
    <nsl:base_currency_amount>-950.00</nsl:base_currency_amount>
  </nsl:dlg_header>
  <nsl:dlg_header>
     <nsl:header_id>tbj:36300</nsl:header_id>
    <nsl:source>GWCCGLReserves</nsl:source>
    <nsl:policy_number>5000194349</nsl:policy_number>
    <nsl:claim_number>200021590</nsl:claim_number>
    <nsl:underwriter>ukinsurance_dlg</nsl:underwriter>
    <nsl:brand>privilege</nsl:brand>
    <nsl:line_of_business>MOTLine</nsl:line_of_business>
    <nsl:product_type>compplus</nsl:product_type>
    <nsl:channel>pcw</nsl:channel>
    <nsl:event_id>1A</nsl:event_id>
    <nsl:transaction_date>2020-04-14T16:12:07</nsl:transaction_date>
    <nsl:loss_date>2020-04-11T18:00:00</nsl:loss_date>
    <nsl:product>Motor</nsl:product>
    <nsl:transaction_amount currency_code="GBP">1801.000</nsl:transaction_amount>
    <nsl:exchange_rate>1.00000</nsl:exchange_rate>
    <nsl:exchange_rate_type>DAILY</nsl:exchange_rate_type>
    <nsl:base_currency_amount>1801.00</nsl:base_currency_amount>
  </nsl:dlg_header>
  <nsl:dlg_header>
     <nsl:header_id>tbj:36601</nsl:header_id>
    <nsl:source>GWCCGLReserves</nsl:source>
    <nsl:policy_number>5000194349</nsl:policy_number>
    <nsl:claim_number>200021590</nsl:claim_number>
    <nsl:underwriter>ukinsurance_dlg</nsl:underwriter>
    <nsl:brand>privilege</nsl:brand>
    <nsl:line_of_business>MOTLine</nsl:line_of_business>
    <nsl:product_type>compplus</nsl:product_type>
    <nsl:channel>pcw</nsl:channel>
    <nsl:event_id>1A</nsl:event_id>
    <nsl:transaction_date>2020-04-14T16:12:43</nsl:transaction_date>
    <nsl:loss_date>2020-04-11T18:00:00</nsl:loss_date>
    <nsl:product>Motor</nsl:product>
    <nsl:transaction_amount currency_code="GBP">1971.000</nsl:transaction_amount>
    <nsl:exchange_rate>1.00000</nsl:exchange_rate>
    <nsl:exchange_rate_type>DAILY</nsl:exchange_rate_type>
    <nsl:base_currency_amount>1971.00</nsl:base_currency_amount>
  </nsl:dlg_header>
  <nsl:dlg_header>
     <nsl:header_id>tbj:36376</nsl:header_id>
    <nsl:source>GWCCGLReserves</nsl:source>
    <nsl:policy_number>5000054030</nsl:policy_number>
    <nsl:claim_number>200015725</nsl:claim_number>
    <nsl:underwriter>ukinsurance_dlg</nsl:underwriter>
    <nsl:brand>privilege</nsl:brand>
    <nsl:line_of_business>MOTLine</nsl:line_of_business>
    <nsl:product_type>comp</nsl:product_type>
    <nsl:channel>contactcentre</nsl:channel>
    <nsl:event_id>2A</nsl:event_id>
    <nsl:transaction_date>2020-04-14T12:49:36</nsl:transaction_date>
    <nsl:loss_date>2020-02-22T12:00:00</nsl:loss_date>
    <nsl:product>Motor</nsl:product>
    <nsl:transaction_amount currency_code="GBP">350.000</nsl:transaction_amount>
    <nsl:exchange_rate>1.00000</nsl:exchange_rate>
    <nsl:exchange_rate_type>DAILY</nsl:exchange_rate_type>
    <nsl:base_currency_amount>350.00</nsl:base_currency_amount>
  </nsl:dlg_header>
  <nsl:dlg_header>
     <nsl:header_id>tbj:36379</nsl:header_id>
    <nsl:source>GWCCGLReserves</nsl:source>
    <nsl:policy_number>5000319714</nsl:policy_number>
    <nsl:claim_number>200021194</nsl:claim_number>
    <nsl:underwriter>ukinsurance_dlg</nsl:underwriter>
    <nsl:brand>privilege</nsl:brand>
    <nsl:line_of_business>MOTLine</nsl:line_of_business>
    <nsl:product_type>comp</nsl:product_type>
    <nsl:channel>digital</nsl:channel>
    <nsl:event_id>1A</nsl:event_id>
    <nsl:transaction_date>2020-04-14T13:17:58</nsl:transaction_date>
    <nsl:loss_date>2020-04-08T09:05:00</nsl:loss_date>
    <nsl:product>Motor</nsl:product>
    <nsl:transaction_amount currency_code="GBP">200.000</nsl:transaction_amount>
    <nsl:exchange_rate>1.00000</nsl:exchange_rate>
    <nsl:exchange_rate_type>DAILY</nsl:exchange_rate_type>
    <nsl:base_currency_amount>200.00</nsl:base_currency_amount>
  </nsl:dlg_header>
  <nsl:dlg_header>
     <nsl:header_id>tbj:36184</nsl:header_id>
    <nsl:source>GWCCGLReserves</nsl:source>
    <nsl:policy_number>5000280981</nsl:policy_number>
    <nsl:claim_number>200020584</nsl:claim_number>
    <nsl:underwriter>ukinsurance_dlg</nsl:underwriter>
    <nsl:brand>privilege</nsl:brand>
    <nsl:line_of_business>MOTLine</nsl:line_of_business>
    <nsl:product_type>comp</nsl:product_type>
    <nsl:channel>pcw</nsl:channel>
    <nsl:event_id>1B</nsl:event_id>
    <nsl:transaction_date>2020-04-14T15:47:55</nsl:transaction_date>
    <nsl:loss_date>2020-03-05T13:00:00</nsl:loss_date>
    <nsl:product>Motor</nsl:product>
    <nsl:transaction_amount currency_code="GBP">-929.580</nsl:transaction_amount>
    <nsl:exchange_rate>1.00000</nsl:exchange_rate>
    <nsl:exchange_rate_type>DAILY</nsl:exchange_rate_type>
    <nsl:base_currency_amount>-929.58</nsl:base_currency_amount>
  </nsl:dlg_header>
  <nsl:dlg_header>
     <nsl:header_id>tbj:36383</nsl:header_id>
    <nsl:source>GWCCGLReserves</nsl:source>
    <nsl:policy_number>5000082684</nsl:policy_number>
    <nsl:claim_number>200015493</nsl:claim_number>
    <nsl:underwriter>ukinsurance_dlg</nsl:underwriter>
    <nsl:brand>privilege</nsl:brand>
    <nsl:line_of_business>MOTLine</nsl:line_of_business>
    <nsl:product_type>compplus</nsl:product_type>
    <nsl:channel>contactcentre</nsl:channel>
    <nsl:event_id>1B</nsl:event_id>
    <nsl:transaction_date>2020-04-14T13:31:33</nsl:transaction_date>
    <nsl:loss_date>2020-02-21T13:30:00</nsl:loss_date>
    <nsl:product>Motor</nsl:product>
    <nsl:transaction_amount currency_code="GBP">-1901.000</nsl:transaction_amount>
    <nsl:exchange_rate>1.00000</nsl:exchange_rate>
    <nsl:exchange_rate_type>DAILY</nsl:exchange_rate_type>
    <nsl:base_currency_amount>-1901.00</nsl:base_currency_amount>
  </nsl:dlg_header>
  <nsl:dlg_header>
     <nsl:header_id>tbj:36375</nsl:header_id>
    <nsl:source>GWCCGLReserves</nsl:source>
    <nsl:policy_number>5000054030</nsl:policy_number>
    <nsl:claim_number>200015725</nsl:claim_number>
    <nsl:underwriter>ukinsurance_dlg</nsl:underwriter>
    <nsl:brand>privilege</nsl:brand>
    <nsl:line_of_business>MOTLine</nsl:line_of_business>
    <nsl:product_type>comp</nsl:product_type>
    <nsl:channel>contactcentre</nsl:channel>
    <nsl:event_id>2B</nsl:event_id>
    <nsl:transaction_date>2020-04-14T12:49:36</nsl:transaction_date>
    <nsl:loss_date>2020-02-22T12:00:00</nsl:loss_date>
    <nsl:product>Motor</nsl:product>
    <nsl:transaction_amount currency_code="GBP">-350.000</nsl:transaction_amount>
    <nsl:exchange_rate>1.00000</nsl:exchange_rate>
    <nsl:exchange_rate_type>DAILY</nsl:exchange_rate_type>
    <nsl:base_currency_amount>-350.00</nsl:base_currency_amount>
  </nsl:dlg_header>
  <nsl:dlg_header>
     <nsl:header_id>tbj:36369</nsl:header_id>
    <nsl:source>GWCCGLReserves</nsl:source>
    <nsl:policy_number>5000117720</nsl:policy_number>
    <nsl:claim_number>200007573</nsl:claim_number>
    <nsl:underwriter>ukinsurance_dlg</nsl:underwriter>
    <nsl:brand>privilege</nsl:brand>
    <nsl:line_of_business>MOTLine</nsl:line_of_business>
    <nsl:product_type>comp</nsl:product_type>
    <nsl:channel>pcw</nsl:channel>
    <nsl:event_id>1B</nsl:event_id>
    <nsl:transaction_date>2020-04-14T08:33:06</nsl:transaction_date>
    <nsl:loss_date>2019-12-08T10:45:00</nsl:loss_date>
    <nsl:product>Motor</nsl:product>
    <nsl:transaction_amount currency_code="GBP">-17.000</nsl:transaction_amount>
    <nsl:exchange_rate>1.00000</nsl:exchange_rate>
    <nsl:exchange_rate_type>DAILY</nsl:exchange_rate_type>
    <nsl:base_currency_amount>-17.00</nsl:base_currency_amount>
  </nsl:dlg_header>
  <nsl:dlg_header>
     <nsl:header_id>tbj:36370</nsl:header_id>
    <nsl:source>GWCCGLReserves</nsl:source>
    <nsl:policy_number>5000117720</nsl:policy_number>
    <nsl:claim_number>200007573</nsl:claim_number>
    <nsl:underwriter>ukinsurance_dlg</nsl:underwriter>
    <nsl:brand>privilege</nsl:brand>
    <nsl:line_of_business>MOTLine</nsl:line_of_business>
    <nsl:product_type>comp</nsl:product_type>
    <nsl:channel>pcw</nsl:channel>
    <nsl:event_id>1B</nsl:event_id>
    <nsl:transaction_date>2020-04-14T08:33:06</nsl:transaction_date>
    <nsl:loss_date>2019-12-08T10:45:00</nsl:loss_date>
    <nsl:product>Motor</nsl:product>
    <nsl:transaction_amount currency_code="GBP">-25.000</nsl:transaction_amount>
    <nsl:exchange_rate>1.00000</nsl:exchange_rate>
    <nsl:exchange_rate_type>DAILY</nsl:exchange_rate_type>
    <nsl:base_currency_amount>-25.00</nsl:base_currency_amount>
  </nsl:dlg_header>
  <nsl:dlg_header>
     <nsl:header_id>tbj:36176</nsl:header_id>
    <nsl:source>GWCCGLReserves</nsl:source>
    <nsl:policy_number>5000053859</nsl:policy_number>
    <nsl:claim_number>200020493</nsl:claim_number>
    <nsl:underwriter>ukinsurance_dlg</nsl:underwriter>
    <nsl:brand>privilege</nsl:brand>
    <nsl:line_of_business>MOTLine</nsl:line_of_business>
    <nsl:product_type>comp</nsl:product_type>
    <nsl:channel>pcw</nsl:channel>
    <nsl:event_id>1B</nsl:event_id>
    <nsl:transaction_date>2020-04-14T11:02:31</nsl:transaction_date>
    <nsl:loss_date>2020-03-19T14:40:00</nsl:loss_date>
    <nsl:product>Motor</nsl:product>
    <nsl:transaction_amount currency_code="GBP">-6501.000</nsl:transaction_amount>
    <nsl:exchange_rate>1.00000</nsl:exchange_rate>
    <nsl:exchange_rate_type>DAILY</nsl:exchange_rate_type>
    <nsl:base_currency_amount>-6501.00</nsl:base_currency_amount>
  </nsl:dlg_header>
  <nsl:dlg_header>
     <nsl:header_id>tbj:36380</nsl:header_id>
    <nsl:source>GWCCGLReserves</nsl:source>
    <nsl:policy_number>5000197631</nsl:policy_number>
    <nsl:claim_number>200013142</nsl:claim_number>
    <nsl:underwriter>ukinsurance_dlg</nsl:underwriter>
    <nsl:brand>privilege</nsl:brand>
    <nsl:line_of_business>MOTLine</nsl:line_of_business>
    <nsl:product_type>comp</nsl:product_type>
    <nsl:channel>pcw</nsl:channel>
    <nsl:event_id>2B</nsl:event_id>
    <nsl:transaction_date>2020-04-14T13:25:21</nsl:transaction_date>
    <nsl:loss_date>2020-02-04T12:01:00</nsl:loss_date>
    <nsl:product>Motor</nsl:product>
    <nsl:transaction_amount currency_code="GBP">-150.000</nsl:transaction_amount>
    <nsl:exchange_rate>1.00000</nsl:exchange_rate>
    <nsl:exchange_rate_type>DAILY</nsl:exchange_rate_type>
    <nsl:base_currency_amount>-150.00</nsl:base_currency_amount>
  </nsl:dlg_header>
  <nsl:dlg_header>
     <nsl:header_id>tbj:36381</nsl:header_id>
    <nsl:source>GWCCGLReserves</nsl:source>
    <nsl:policy_number>5000197631</nsl:policy_number>
    <nsl:claim_number>200013142</nsl:claim_number>
    <nsl:underwriter>ukinsurance_dlg</nsl:underwriter>
    <nsl:brand>privilege</nsl:brand>
    <nsl:line_of_business>MOTLine</nsl:line_of_business>
    <nsl:product_type>comp</nsl:product_type>
    <nsl:channel>pcw</nsl:channel>
    <nsl:event_id>2A</nsl:event_id>
    <nsl:transaction_date>2020-04-14T13:25:21</nsl:transaction_date>
    <nsl:loss_date>2020-02-04T12:01:00</nsl:loss_date>
    <nsl:product>Motor</nsl:product>
    <nsl:transaction_amount currency_code="GBP">150.000</nsl:transaction_amount>
    <nsl:exchange_rate>1.00000</nsl:exchange_rate>
    <nsl:exchange_rate_type>DAILY</nsl:exchange_rate_type>
    <nsl:base_currency_amount>150.00</nsl:base_currency_amount>
  </nsl:dlg_header>
  <nsl:dlg_header>
     <nsl:header_id>tbj:36387</nsl:header_id>
    <nsl:source>GWCCGLReserves</nsl:source>
    <nsl:policy_number>5000324987</nsl:policy_number>
    <nsl:claim_number>200020394</nsl:claim_number>
    <nsl:underwriter>ukinsurance_dlg</nsl:underwriter>
    <nsl:brand>privilege</nsl:brand>
    <nsl:line_of_business>MOTLine</nsl:line_of_business>
    <nsl:product_type>drivexpert</nsl:product_type>
    <nsl:channel>pcw</nsl:channel>
    <nsl:event_id>2A</nsl:event_id>
    <nsl:transaction_date>2020-04-14T14:44:23</nsl:transaction_date>
    <nsl:loss_date>2020-03-25T21:15:00</nsl:loss_date>
    <nsl:product>Motor</nsl:product>
    <nsl:transaction_amount currency_code="GBP">1169.700</nsl:transaction_amount>
    <nsl:exchange_rate>1.00000</nsl:exchange_rate>
    <nsl:exchange_rate_type>DAILY</nsl:exchange_rate_type>
    <nsl:base_currency_amount>1169.70</nsl:base_currency_amount>
  </nsl:dlg_header>
  <nsl:dlg_header>
     <nsl:header_id>tbj:36388</nsl:header_id>
    <nsl:source>GWCCGLReserves</nsl:source>
    <nsl:policy_number>5000180900</nsl:policy_number>
    <nsl:claim_number>200021673</nsl:claim_number>
    <nsl:underwriter>ukinsurance_dlg</nsl:underwriter>
    <nsl:brand>privilege</nsl:brand>
    <nsl:line_of_business>MOTLine</nsl:line_of_business>
    <nsl:product_type>comp</nsl:product_type>
    <nsl:channel>pcw</nsl:channel>
    <nsl:event_id>1A</nsl:event_id>
    <nsl:transaction_date>2020-04-14T15:01:06</nsl:transaction_date>
    <nsl:loss_date>2020-01-17T12:00:00</nsl:loss_date>
    <nsl:product>Motor</nsl:product>
    <nsl:transaction_amount currency_code="GBP">1971.000</nsl:transaction_amount>
    <nsl:exchange_rate>1.00000</nsl:exchange_rate>
    <nsl:exchange_rate_type>DAILY</nsl:exchange_rate_type>
    <nsl:base_currency_amount>1971.00</nsl:base_currency_amount>
  </nsl:dlg_header>
  <nsl:dlg_header>
     <nsl:header_id>tbj:36390</nsl:header_id>
    <nsl:source>GWCCGLReserves</nsl:source>
    <nsl:policy_number>5000212695</nsl:policy_number>
    <nsl:claim_number>200021665</nsl:claim_number>
    <nsl:underwriter>ukinsurance_dlg</nsl:underwriter>
    <nsl:brand>privilege</nsl:brand>
    <nsl:line_of_business>MOTLine</nsl:line_of_business>
    <nsl:product_type>comp</nsl:product_type>
    <nsl:channel>contactcentre</nsl:channel>
    <nsl:event_id>1A</nsl:event_id>
    <nsl:transaction_date>2020-04-14T16:55:30</nsl:transaction_date>
    <nsl:loss_date>2020-04-08T17:00:00</nsl:loss_date>
    <nsl:product>Motor</nsl:product>
    <nsl:transaction_amount currency_code="GBP">401.000</nsl:transaction_amount>
    <nsl:exchange_rate>1.00000</nsl:exchange_rate>
    <nsl:exchange_rate_type>DAILY</nsl:exchange_rate_type>
    <nsl:base_currency_amount>401.00</nsl:base_currency_amount>
  </nsl:dlg_header>
  <nsl:dlg_header>
     <nsl:header_id>tbj:36391</nsl:header_id>
    <nsl:source>GWCCGLReserves</nsl:source>
    <nsl:policy_number>5000184100</nsl:policy_number>
    <nsl:claim_number>200016368</nsl:claim_number>
    <nsl:underwriter>ukinsurance_dlg</nsl:underwriter>
    <nsl:brand>privilege</nsl:brand>
    <nsl:line_of_business>MOTLine</nsl:line_of_business>
    <nsl:product_type>comp</nsl:product_type>
    <nsl:channel>pcw</nsl:channel>
    <nsl:event_id>2A</nsl:event_id>
    <nsl:transaction_date>2020-04-14T17:47:07</nsl:transaction_date>
    <nsl:loss_date>2020-02-27T12:15:00</nsl:loss_date>
    <nsl:product>Motor</nsl:product>
    <nsl:transaction_amount currency_code="GBP">249.500</nsl:transaction_amount>
    <nsl:exchange_rate>1.00000</nsl:exchange_rate>
    <nsl:exchange_rate_type>DAILY</nsl:exchange_rate_type>
    <nsl:base_currency_amount>249.50</nsl:base_currency_amount>
  </nsl:dlg_header>
  <nsl:dlg_header>
     <nsl:header_id>tbj:36434</nsl:header_id>
    <nsl:source>GWCCGLReserves</nsl:source>
    <nsl:policy_number>5000194919</nsl:policy_number>
    <nsl:claim_number>200021178</nsl:claim_number>
    <nsl:underwriter>ukinsurance_dlg</nsl:underwriter>
    <nsl:brand>privilege</nsl:brand>
    <nsl:line_of_business>MOTLine</nsl:line_of_business>
    <nsl:product_type>comp</nsl:product_type>
    <nsl:channel>pcw</nsl:channel>
    <nsl:event_id>2B</nsl:event_id>
    <nsl:transaction_date>2020-04-14T18:24:59</nsl:transaction_date>
    <nsl:loss_date>2020-03-23T20:45:00</nsl:loss_date>
    <nsl:product>Motor</nsl:product>
    <nsl:transaction_amount currency_code="GBP">-700.000</nsl:transaction_amount>
    <nsl:exchange_rate>1.00000</nsl:exchange_rate>
    <nsl:exchange_rate_type>DAILY</nsl:exchange_rate_type>
    <nsl:base_currency_amount>-700.00</nsl:base_currency_amount>
  </nsl:dlg_header>
  <nsl:dlg_header>
     <nsl:header_id>tbj:36508</nsl:header_id>
    <nsl:source>GWCCGLReserves</nsl:source>
    <nsl:policy_number>5000091255</nsl:policy_number>
    <nsl:claim_number>200019040</nsl:claim_number>
    <nsl:underwriter>ukinsurance_dlg</nsl:underwriter>
    <nsl:brand>privilege</nsl:brand>
    <nsl:line_of_business>MOTLine</nsl:line_of_business>
    <nsl:product_type>compplus</nsl:product_type>
    <nsl:channel>contactcentre</nsl:channel>
    <nsl:event_id>2B</nsl:event_id>
    <nsl:transaction_date>2020-04-14T22:00:46</nsl:transaction_date>
    <nsl:loss_date>2020-03-14T11:00:00</nsl:loss_date>
    <nsl:product>Motor</nsl:product>
    <nsl:transaction_amount currency_code="GBP">-350.000</nsl:transaction_amount>
    <nsl:exchange_rate>1.00000</nsl:exchange_rate>
    <nsl:exchange_rate_type>DAILY</nsl:exchange_rate_type>
    <nsl:base_currency_amount>-350.00</nsl:base_currency_amount>
  </nsl:dlg_header>
  <nsl:dlg_header>
     <nsl:header_id>tbj:36509</nsl:header_id>
    <nsl:source>GWCCGLReserves</nsl:source>
    <nsl:policy_number>5000235837</nsl:policy_number>
    <nsl:claim_number>200019370</nsl:claim_number>
    <nsl:underwriter>ukinsurance_dlg</nsl:underwriter>
    <nsl:brand>privilege</nsl:brand>
    <nsl:line_of_business>MOTLine</nsl:line_of_business>
    <nsl:product_type>comp</nsl:product_type>
    <nsl:channel>pcw</nsl:channel>
    <nsl:event_id>2B</nsl:event_id>
    <nsl:transaction_date>2020-04-14T22:00:47</nsl:transaction_date>
    <nsl:loss_date>2020-03-17T17:30:00</nsl:loss_date>
    <nsl:product>Motor</nsl:product>
    <nsl:transaction_amount currency_code="GBP">-650.000</nsl:transaction_amount>
    <nsl:exchange_rate>1.00000</nsl:exchange_rate>
    <nsl:exchange_rate_type>DAILY</nsl:exchange_rate_type>
    <nsl:base_currency_amount>-650.00</nsl:base_currency_amount>
  </nsl:dlg_header>
  <nsl:dlg_header>
     <nsl:header_id>tbj:36510</nsl:header_id>
    <nsl:source>GWCCGLReserves</nsl:source>
    <nsl:policy_number>5000276567</nsl:policy_number>
    <nsl:claim_number>200019826</nsl:claim_number>
    <nsl:underwriter>ukinsurance_dlg</nsl:underwriter>
    <nsl:brand>privilege</nsl:brand>
    <nsl:line_of_business>MOTLine</nsl:line_of_business>
    <nsl:product_type>comp</nsl:product_type>
    <nsl:channel>pcw</nsl:channel>
    <nsl:event_id>2B</nsl:event_id>
    <nsl:transaction_date>2020-04-14T22:00:48</nsl:transaction_date>
    <nsl:loss_date>2020-03-20T22:45:00</nsl:loss_date>
    <nsl:product>Motor</nsl:product>
    <nsl:transaction_amount currency_code="GBP">-100.000</nsl:transaction_amount>
    <nsl:exchange_rate>1.00000</nsl:exchange_rate>
    <nsl:exchange_rate_type>DAILY</nsl:exchange_rate_type>
    <nsl:base_currency_amount>-100.00</nsl:base_currency_amount>
  </nsl:dlg_header>
  <nsl:dlg_header>
     <nsl:header_id>tbj:36511</nsl:header_id>
    <nsl:source>GWCCGLReserves</nsl:source>
    <nsl:policy_number>5000218668</nsl:policy_number>
    <nsl:claim_number>200021434</nsl:claim_number>
    <nsl:underwriter>ukinsurance_dlg</nsl:underwriter>
    <nsl:brand>privilege</nsl:brand>
    <nsl:line_of_business>MOTLine</nsl:line_of_business>
    <nsl:product_type>comp</nsl:product_type>
    <nsl:channel>pcw</nsl:channel>
    <nsl:event_id>2B</nsl:event_id>
    <nsl:transaction_date>2020-04-14T22:00:49</nsl:transaction_date>
    <nsl:loss_date>2020-03-14T00:00:00</nsl:loss_date>
    <nsl:product>Motor</nsl:product>
    <nsl:transaction_amount currency_code="GBP">-75.000</nsl:transaction_amount>
    <nsl:exchange_rate>1.00000</nsl:exchange_rate>
    <nsl:exchange_rate_type>DAILY</nsl:exchange_rate_type>
    <nsl:base_currency_amount>-75.00</nsl:base_currency_amount>
  </nsl:dlg_header>
  <nsl:dlg_header>
     <nsl:header_id>tbj:36512</nsl:header_id>
    <nsl:source>GWCCGLReserves</nsl:source>
    <nsl:policy_number>5000189372</nsl:policy_number>
    <nsl:claim_number>200021228</nsl:claim_number>
    <nsl:underwriter>ukinsurance_dlg</nsl:underwriter>
    <nsl:brand>privilege</nsl:brand>
    <nsl:line_of_business>MOTLine</nsl:line_of_business>
    <nsl:product_type>compplus</nsl:product_type>
    <nsl:channel>pcw</nsl:channel>
    <nsl:event_id>2B</nsl:event_id>
    <nsl:transaction_date>2020-04-14T22:00:50</nsl:transaction_date>
    <nsl:loss_date>2020-04-07T07:00:00</nsl:loss_date>
    <nsl:product>Motor</nsl:product>
    <nsl:transaction_amount currency_code="GBP">-75.000</nsl:transaction_amount>
    <nsl:exchange_rate>1.00000</nsl:exchange_rate>
    <nsl:exchange_rate_type>DAILY</nsl:exchange_rate_type>
    <nsl:base_currency_amount>-75.00</nsl:base_currency_amount>
  </nsl:dlg_header>
  <nsl:dlg_header>
     <nsl:header_id>tbj:36513</nsl:header_id>
    <nsl:source>GWCCGLReserves</nsl:source>
    <nsl:policy_number>5000214360</nsl:policy_number>
    <nsl:claim_number>200021319</nsl:claim_number>
    <nsl:underwriter>ukinsurance_dlg</nsl:underwriter>
    <nsl:brand>privilege</nsl:brand>
    <nsl:line_of_business>MOTLine</nsl:line_of_business>
    <nsl:product_type>compplus</nsl:product_type>
    <nsl:channel>pcw</nsl:channel>
    <nsl:event_id>2B</nsl:event_id>
    <nsl:transaction_date>2020-04-14T22:00:50</nsl:transaction_date>
    <nsl:loss_date>2020-04-01T00:00:00</nsl:loss_date>
    <nsl:product>Motor</nsl:product>
    <nsl:transaction_amount currency_code="GBP">-75.000</nsl:transaction_amount>
    <nsl:exchange_rate>1.00000</nsl:exchange_rate>
    <nsl:exchange_rate_type>DAILY</nsl:exchange_rate_type>
    <nsl:base_currency_amount>-75.00</nsl:base_currency_amount>
  </nsl:dlg_header>
  <nsl:dlg_header>
     <nsl:header_id>tbj:36514</nsl:header_id>
    <nsl:source>GWCCGLReserves</nsl:source>
    <nsl:policy_number>5000074673</nsl:policy_number>
    <nsl:claim_number>200021616</nsl:claim_number>
    <nsl:underwriter>ukinsurance_dlg</nsl:underwriter>
    <nsl:brand>privilege</nsl:brand>
    <nsl:line_of_business>MOTLine</nsl:line_of_business>
    <nsl:product_type>compplus</nsl:product_type>
    <nsl:channel>digital</nsl:channel>
    <nsl:event_id>2B</nsl:event_id>
    <nsl:transaction_date>2020-04-14T22:00:51</nsl:transaction_date>
    <nsl:loss_date>2020-03-04T00:00:00</nsl:loss_date>
    <nsl:product>Motor</nsl:product>
    <nsl:transaction_amount currency_code="GBP">-75.000</nsl:transaction_amount>
    <nsl:exchange_rate>1.00000</nsl:exchange_rate>
    <nsl:exchange_rate_type>DAILY</nsl:exchange_rate_type>
    <nsl:base_currency_amount>-75.00</nsl:base_currency_amount>
  </nsl:dlg_header>
  <nsl:dlg_header>
     <nsl:header_id>tbj:36515</nsl:header_id>
    <nsl:source>GWCCGLReserves</nsl:source>
    <nsl:policy_number>5000203652</nsl:policy_number>
    <nsl:claim_number>200021624</nsl:claim_number>
    <nsl:underwriter>ukinsurance_dlg</nsl:underwriter>
    <nsl:brand>privilege</nsl:brand>
    <nsl:line_of_business>MOTLine</nsl:line_of_business>
    <nsl:product_type>comp</nsl:product_type>
    <nsl:channel>pcw</nsl:channel>
    <nsl:event_id>2B</nsl:event_id>
    <nsl:transaction_date>2020-04-14T22:00:51</nsl:transaction_date>
    <nsl:loss_date>2020-03-12T00:00:00</nsl:loss_date>
    <nsl:product>Motor</nsl:product>
    <nsl:transaction_amount currency_code="GBP">-75.000</nsl:transaction_amount>
    <nsl:exchange_rate>1.00000</nsl:exchange_rate>
    <nsl:exchange_rate_type>DAILY</nsl:exchange_rate_type>
    <nsl:base_currency_amount>-75.00</nsl:base_currency_amount>
  </nsl:dlg_header>
  <nsl:dlg_header>
     <nsl:header_id>tbj:36516</nsl:header_id>
    <nsl:source>GWCCGLReserves</nsl:source>
    <nsl:policy_number>5000302082</nsl:policy_number>
    <nsl:claim_number>200021632</nsl:claim_number>
    <nsl:underwriter>ukinsurance_dlg</nsl:underwriter>
    <nsl:brand>privilege</nsl:brand>
    <nsl:line_of_business>MOTLine</nsl:line_of_business>
    <nsl:product_type>comp</nsl:product_type>
    <nsl:channel>pcw</nsl:channel>
    <nsl:event_id>2B</nsl:event_id>
    <nsl:transaction_date>2020-04-14T22:00:52</nsl:transaction_date>
    <nsl:loss_date>2020-04-05T00:00:00</nsl:loss_date>
    <nsl:product>Motor</nsl:product>
    <nsl:transaction_amount currency_code="GBP">-75.000</nsl:transaction_amount>
    <nsl:exchange_rate>1.00000</nsl:exchange_rate>
    <nsl:exchange_rate_type>DAILY</nsl:exchange_rate_type>
    <nsl:base_currency_amount>-75.00</nsl:base_currency_amount>
  </nsl:dlg_header>
  <nsl:dlg_header>
     <nsl:header_id>tbj:36517</nsl:header_id>
    <nsl:source>GWCCGLReserves</nsl:source>
    <nsl:policy_number>5000108760</nsl:policy_number>
    <nsl:claim_number>200021640</nsl:claim_number>
    <nsl:underwriter>ukinsurance_dlg</nsl:underwriter>
    <nsl:brand>privilege</nsl:brand>
    <nsl:line_of_business>MOTLine</nsl:line_of_business>
    <nsl:product_type>compplus</nsl:product_type>
    <nsl:channel>contactcentre</nsl:channel>
    <nsl:event_id>2B</nsl:event_id>
    <nsl:transaction_date>2020-04-14T22:00:53</nsl:transaction_date>
    <nsl:loss_date>2020-03-17T00:00:00</nsl:loss_date>
    <nsl:product>Motor</nsl:product>
    <nsl:transaction_amount currency_code="GBP">-75.000</nsl:transaction_amount>
    <nsl:exchange_rate>1.00000</nsl:exchange_rate>
    <nsl:exchange_rate_type>DAILY</nsl:exchange_rate_type>
    <nsl:base_currency_amount>-75.00</nsl:base_currency_amount>
  </nsl:dlg_header>
  <nsl:dlg_header>
     <nsl:header_id>tbj:36518</nsl:header_id>
    <nsl:source>GWCCGLReserves</nsl:source>
    <nsl:policy_number>5000206341</nsl:policy_number>
    <nsl:claim_number>200021657</nsl:claim_number>
    <nsl:underwriter>ukinsurance_dlg</nsl:underwriter>
    <nsl:brand>privilege</nsl:brand>
    <nsl:line_of_business>MOTLine</nsl:line_of_business>
    <nsl:product_type>comp</nsl:product_type>
    <nsl:channel>pcw</nsl:channel>
    <nsl:event_id>2B</nsl:event_id>
    <nsl:transaction_date>2020-04-14T22:00:53</nsl:transaction_date>
    <nsl:loss_date>2020-04-07T00:00:00</nsl:loss_date>
    <nsl:product>Motor</nsl:product>
    <nsl:transaction_amount currency_code="GBP">-75.000</nsl:transaction_amount>
    <nsl:exchange_rate>1.00000</nsl:exchange_rate>
    <nsl:exchange_rate_type>DAILY</nsl:exchange_rate_type>
    <nsl:base_currency_amount>-75.00</nsl:base_currency_amount>
  </nsl:dlg_header>
  <nsl:dlg_header>
     <nsl:header_id>tbj:36519</nsl:header_id>
    <nsl:source>GWCCGLReserves</nsl:source>
    <nsl:policy_number>5000198910</nsl:policy_number>
    <nsl:claim_number>200020766</nsl:claim_number>
    <nsl:underwriter>ukinsurance_dlg</nsl:underwriter>
    <nsl:brand>privilege</nsl:brand>
    <nsl:line_of_business>MOTLine</nsl:line_of_business>
    <nsl:product_type>comp</nsl:product_type>
    <nsl:channel>contactcentre</nsl:channel>
    <nsl:event_id>2B</nsl:event_id>
    <nsl:transaction_date>2020-04-14T22:00:54</nsl:transaction_date>
    <nsl:loss_date>2020-03-31T10:30:00</nsl:loss_date>
    <nsl:product>Motor</nsl:product>
    <nsl:transaction_amount currency_code="GBP">-350.000</nsl:transaction_amount>
    <nsl:exchange_rate>1.00000</nsl:exchange_rate>
    <nsl:exchange_rate_type>DAILY</nsl:exchange_rate_type>
    <nsl:base_currency_amount>-350.00</nsl:base_currency_amount>
  </nsl:dlg_header>
  <nsl:dlg_header>
     <nsl:header_id>tbj:36520</nsl:header_id>
    <nsl:source>GWCCGLReserves</nsl:source>
    <nsl:policy_number>5000206788</nsl:policy_number>
    <nsl:claim_number>200021335</nsl:claim_number>
    <nsl:underwriter>ukinsurance_dlg</nsl:underwriter>
    <nsl:brand>privilege</nsl:brand>
    <nsl:line_of_business>MOTLine</nsl:line_of_business>
    <nsl:product_type>comp</nsl:product_type>
    <nsl:channel>pcw</nsl:channel>
    <nsl:event_id>2B</nsl:event_id>
    <nsl:transaction_date>2020-04-14T22:00:57</nsl:transaction_date>
    <nsl:loss_date>2020-03-02T00:00:00</nsl:loss_date>
    <nsl:product>Motor</nsl:product>
    <nsl:transaction_amount currency_code="GBP">-75.000</nsl:transaction_amount>
    <nsl:exchange_rate>1.00000</nsl:exchange_rate>
    <nsl:exchange_rate_type>DAILY</nsl:exchange_rate_type>
    <nsl:base_currency_amount>-75.00</nsl:base_currency_amount>
  </nsl:dlg_header>
  <nsl:dlg_header>
     <nsl:header_id>tbj:36521</nsl:header_id>
    <nsl:source>GWCCGLReserves</nsl:source>
    <nsl:policy_number>5000159862</nsl:policy_number>
    <nsl:claim_number>200021343</nsl:claim_number>
    <nsl:underwriter>ukinsurance_dlg</nsl:underwriter>
    <nsl:brand>privilege</nsl:brand>
    <nsl:line_of_business>MOTLine</nsl:line_of_business>
    <nsl:product_type>compplus</nsl:product_type>
    <nsl:channel>pcw</nsl:channel>
    <nsl:event_id>2B</nsl:event_id>
    <nsl:transaction_date>2020-04-14T22:00:58</nsl:transaction_date>
    <nsl:loss_date>2020-03-14T00:00:00</nsl:loss_date>
    <nsl:product>Motor</nsl:product>
    <nsl:transaction_amount currency_code="GBP">-75.000</nsl:transaction_amount>
    <nsl:exchange_rate>1.00000</nsl:exchange_rate>
    <nsl:exchange_rate_type>DAILY</nsl:exchange_rate_type>
    <nsl:base_currency_amount>-75.00</nsl:base_currency_amount>
  </nsl:dlg_header>

  <nsl:control_total record_count="52" total_value="-20033.38" currency_code="GBP"/>
</nsl:dlg_file_header>
