TRANSACTION_DATE,TRANSACTION_NUMBER,AHCS_EVENT_CODE,FSH_SOURCE,SOURCE_FILE_NAME,ACCOUNT_NUMBER,UNDERWRITER,ON_RISK_DATE,OFF_RISK_DATE,CREDIT_IND,TAX_REGION,EVENT_ID,LINE_NUMBER,APPLICATION_ID,BASE_AMOUNT,CURRENCY_CODE,ORIGINAL_AMOUNT,LINE_OF_BUSINESS,FSH_BRAND,FSH_CHANNEL,FSH_PRODUCT,PRODUCT_TYPE,EXCHANGE_RATE,EXCHANGE_RATE_TYPE,EXCHANGE_DATE,PRODUCT_KEY,DR/CR,CODE_COMBINATION_ID,SEGMNT1,SEGMENT2,SEGMENT3,SEGMENT4,SEGMENT5,SEGMENT6,SEGMENT7,SEGMENT8,SEGMENT9,SEGMENT10
2020-12-08T00:00:00.000+00:00,68558001,DLG_PREMIUM,GWPCGLPremium,GWPCGLPremium_20200415050702F126.xml,SUMMARISED,UKInsurance,2020-04-15T00:00:00.000+00:00,2021-04-14T00:00:00.000+00:00,N,SUMMARISED,517932,1,300000002172889,1309.75,GBP,1309.75,Motor,Privilege,Digital,Comprehensive,Comprehensive,1,User,,Privilege_Comprehensive,DR,74150,320,000000,71041,208,CD000,00000,000,GWPC,0,0
2020-12-08T00:00:00.000+00:00,68558001,DLG_PREMIUM,GWPCGLPremium,GWPCGLPremium_20200415050702F126.xml,SUMMARISED,UKInsurance,2020-04-15T00:00:00.000+00:00,2021-04-14T00:00:00.000+00:00,N,SUMMARISED,517932,1,300000002172889,1309.75,GBP,1309.75,Motor,Privilege,Digital,Comprehensive,Comprehensive,1,User,,Privilege_Comprehensive,CR,74160,320,SYS000,10000,208,CD000,WEB00,000,GWPC,0,0
2020-12-08T00:00:00.000+00:00,68558001,DLG_PREMIUM,GWPCGLPremium,GWPCGLPremium_20200415050702F126.xml,SUMMARISED,UKInsurance,2020-04-15T00:00:00.000+00:00,2021-04-14T00:00:00.000+00:00,N,SUMMARISED,517932,2,300000002172889,157.16,GBP,157.16,Motor,Privilege,Digital,IPT,Comprehensive,1,User,,Privilege_Comprehensive,DR,74150,320,000000,71041,208,CD000,00000,000,GWPC,0,0
2020-12-08T00:00:00.000+00:00,68558001,DLG_PREMIUM,GWPCGLPremium,GWPCGLPremium_20200415050702F126.xml,SUMMARISED,UKInsurance,2020-04-15T00:00:00.000+00:00,2021-04-14T00:00:00.000+00:00,N,SUMMARISED,517932,2,300000002172889,157.16,GBP,157.16,Motor,Privilege,Digital,IPT,Comprehensive,1,User,,Privilege_Comprehensive,CR,74152,320,000000,81500,208,CD000,00000,000,GWPC,0,0
2020-12-08T00:00:00.000+00:00,68558002,DLG_PREMIUM,GWPCGLPremium,GWPCGLPremium_20200415050702F126.xml,SUMMARISED,UKInsurance,2020-04-17T00:00:00.000+00:00,2021-04-16T00:00:00.000+00:00,Y,SUMMARISED,517933,3,300000002172889,227.54,GBP,227.54,Motor,Privilege,Digital,Comprehensive,Comprehensive,1,User,,Privilege_Comprehensive,DR,74150,320,000000,71041,208,CD000,00000,000,GWPC,0,0
2020-12-08T00:00:00.000+00:00,68558002,DLG_PREMIUM,GWPCGLPremium,GWPCGLPremium_20200415050702F126.xml,SUMMARISED,UKInsurance,2020-04-17T00:00:00.000+00:00,2021-04-16T00:00:00.000+00:00,Y,SUMMARISED,517933,3,300000002172889,227.54,GBP,227.54,Motor,Privilege,Digital,Comprehensive,Comprehensive,1,User,,Privilege_Comprehensive,CR,74160,320,SYS000,10000,208,CD000,WEB00,000,GWPC,0,0
2020-12-08T00:00:00.000+00:00,68558002,DLG_PREMIUM,GWPCGLPremium,GWPCGLPremium_20200415050702F126.xml,SUMMARISED,UKInsurance,2020-04-17T00:00:00.000+00:00,2021-04-16T00:00:00.000+00:00,Y,SUMMARISED,517933,4,300000002172889,28.66,GBP,28.66,Motor,Privilege,Digital,IPT,Comprehensive,1,User,,Privilege_Comprehensive,DR,74150,320,000000,71041,208,CD000,00000,000,GWPC,0,0
2020-12-08T00:00:00.000+00:00,68558002,DLG_PREMIUM,GWPCGLPremium,GWPCGLPremium_20200415050702F126.xml,SUMMARISED,UKInsurance,2020-04-17T00:00:00.000+00:00,2021-04-16T00:00:00.000+00:00,Y,SUMMARISED,517933,4,300000002172889,28.66,GBP,28.66,Motor,Privilege,Digital,IPT,Comprehensive,1,User,,Privilege_Comprehensive,CR,74152,320,000000,81500,208,CD000,00000,000,GWPC,0,0
2020-12-08T00:00:00.000+00:00,68558002,DLG_PREMIUM,GWPCGLPremium,GWPCGLPremium_20200415050702F126.xml,SUMMARISED,UKInsurance,2020-04-17T00:00:00.000+00:00,2021-04-16T00:00:00.000+00:00,Y,SUMMARISED,517933,5,300000002172889,11.37,GBP,11.37,Motor,Privilege,Digital,MOTNoClaimDiscCov,Comprehensive,1,User,,Privilege_Comprehensive,DR,74150,320,000000,71041,208,CD000,00000,000,GWPC,0,0
2020-12-08T00:00:00.000+00:00,68558002,DLG_PREMIUM,GWPCGLPremium,GWPCGLPremium_20200415050702F126.xml,SUMMARISED,UKInsurance,2020-04-17T00:00:00.000+00:00,2021-04-16T00:00:00.000+00:00,Y,SUMMARISED,517933,5,300000002172889,11.37,GBP,11.37,Motor,Privilege,Digital,MOTNoClaimDiscCov,Comprehensive,1,User,,Privilege_Comprehensive,CR,74160,320,SYS000,10000,208,CD000,WEB00,000,GWPC,0,0
2020-12-08T00:00:00.000+00:00,68558003,DLG_PREMIUM,GWPCGLPremium,GWPCGLPremium_20200415050702F126.xml,SUMMARISED,UKInsurance,2020-04-14T00:00:00.000+00:00,2021-02-17T00:00:00.000+00:00,N,SUMMARISED,517934,6,300000002172889,-4745.47,GBP,-4745.47,Motor,Privilege,PCW,Comprehensive,Comprehensive,1,User,,Privilege_Comprehensive,DR,74150,320,000000,71041,208,CD000,00000,000,GWPC,0,0
2020-12-08T00:00:00.000+00:00,68558003,DLG_PREMIUM,GWPCGLPremium,GWPCGLPremium_20200415050702F126.xml,SUMMARISED,UKInsurance,2020-04-14T00:00:00.000+00:00,2021-02-17T00:00:00.000+00:00,N,SUMMARISED,517934,6,300000002172889,-4745.47,GBP,-4745.47,Motor,Privilege,PCW,Comprehensive,Comprehensive,1,User,,Privilege_Comprehensive,CR,74151,320,SYS000,10000,208,CD000,PCW00,000,GWPC,0,0
2020-12-08T00:00:00.000+00:00,68558003,DLG_PREMIUM,GWPCGLPremium,GWPCGLPremium_20200415050702F126.xml,SUMMARISED,UKInsurance,2020-04-14T00:00:00.000+00:00,2021-02-17T00:00:00.000+00:00,N,SUMMARISED,517934,7,300000002172889,-573.82,GBP,-573.82,Motor,Privilege,PCW,IPT,Comprehensive,1,User,,Privilege_Comprehensive,DR,74150,320,000000,71041,208,CD000,00000,000,GWPC,0,0
2020-12-08T00:00:00.000+00:00,68558003,DLG_PREMIUM,GWPCGLPremium,GWPCGLPremium_20200415050702F126.xml,SUMMARISED,UKInsurance,2020-04-14T00:00:00.000+00:00,2021-02-17T00:00:00.000+00:00,N,SUMMARISED,517934,7,300000002172889,-573.82,GBP,-573.82,Motor,Privilege,PCW,IPT,Comprehensive,1,User,,Privilege_Comprehensive,CR,74152,320,000000,81500,208,CD000,00000,000,GWPC,0,0
2020-12-08T00:00:00.000+00:00,68558003,DLG_PREMIUM,GWPCGLPremium,GWPCGLPremium_20200415050702F126.xml,SUMMARISED,UKInsurance,2020-04-14T00:00:00.000+00:00,2021-02-17T00:00:00.000+00:00,N,SUMMARISED,517934,8,300000002172889,-15.2,GBP,-15.2,Motor,Privilege,PCW,MOTGuaranteedHireCarPlusCov,Comprehensive,1,User,,Privilege_Comprehensive,DR,74150,320,000000,71041,208,CD000,00000,000,GWPC,0,0
2020-12-08T00:00:00.000+00:00,68558003,DLG_PREMIUM,GWPCGLPremium,GWPCGLPremium_20200415050702F126.xml,SUMMARISED,UKInsurance,2020-04-14T00:00:00.000+00:00,2021-02-17T00:00:00.000+00:00,N,SUMMARISED,517934,8,300000002172889,-15.2,GBP,-15.2,Motor,Privilege,PCW,MOTGuaranteedHireCarPlusCov,Comprehensive,1,User,,Privilege_Comprehensive,CR,74154,320,SYS000,10000,216,CD000,PCW00,000,GWPC,0,0
2020-12-08T00:00:00.000+00:00,68558003,DLG_PREMIUM,GWPCGLPremium,GWPCGLPremium_20200415050702F126.xml,SUMMARISED,UKInsurance,2020-04-14T00:00:00.000+00:00,2021-02-17T00:00:00.000+00:00,N,SUMMARISED,517934,9,300000002172889,-21.11,GBP,-21.11,Motor,Privilege,PCW,MOTLegalCoverCov,Comprehensive,1,User,,Privilege_Comprehensive,DR,74150,320,000000,71041,208,CD000,00000,000,GWPC,0,0
2020-12-08T00:00:00.000+00:00,68558003,DLG_PREMIUM,GWPCGLPremium,GWPCGLPremium_20200415050702F126.xml,SUMMARISED,UKInsurance,2020-04-14T00:00:00.000+00:00,2021-02-17T00:00:00.000+00:00,N,SUMMARISED,517934,9,300000002172889,-21.11,GBP,-21.11,Motor,Privilege,PCW,MOTLegalCoverCov,Comprehensive,1,User,,Privilege_Comprehensive,CR,74153,320,SYS000,10000,831,CD000,PCW00,000,GWPC,0,0
2020-12-08T00:00:00.000+00:00,68558004,DLG_PREMIUM,GWPCGLPremium,GWPCGLPremium_20200415050702F126.xml,SUMMARISED,UKInsurance,2020-04-14T00:00:00.000+00:00,2021-04-13T00:00:00.000+00:00,N,SUMMARISED,517935,10,300000002172889,561.87,GBP,561.87,Motor,Privilege,PCW,Comprehensive,Comprehensive,1,User,,Privilege_Comprehensive,DR,74150,320,000000,71041,208,CD000,00000,000,GWPC,0,0
2020-12-08T00:00:00.000+00:00,68558004,DLG_PREMIUM,GWPCGLPremium,GWPCGLPremium_20200415050702F126.xml,SUMMARISED,UKInsurance,2020-04-14T00:00:00.000+00:00,2021-04-13T00:00:00.000+00:00,N,SUMMARISED,517935,10,300000002172889,561.87,GBP,561.87,Motor,Privilege,PCW,Comprehensive,Comprehensive,1,User,,Privilege_Comprehensive,CR,74151,320,SYS000,10000,208,CD000,PCW00,000,GWPC,0,0
2020-12-08T00:00:00.000+00:00,68558004,DLG_PREMIUM,GWPCGLPremium,GWPCGLPremium_20200415050702F126.xml,SUMMARISED,UKInsurance,2020-04-14T00:00:00.000+00:00,2021-04-13T00:00:00.000+00:00,N,SUMMARISED,517935,11,300000002172889,71.29,GBP,71.29,Motor,Privilege,PCW,IPT,Comprehensive,1,User,,Privilege_Comprehensive,DR,74150,320,000000,71041,208,CD000,00000,000,GWPC,0,0
2020-12-08T00:00:00.000+00:00,68558004,DLG_PREMIUM,GWPCGLPremium,GWPCGLPremium_20200415050702F126.xml,SUMMARISED,UKInsurance,2020-04-14T00:00:00.000+00:00,2021-04-13T00:00:00.000+00:00,N,SUMMARISED,517935,11,300000002172889,71.29,GBP,71.29,Motor,Privilege,PCW,IPT,Comprehensive,1,User,,Privilege_Comprehensive,CR,74152,320,000000,81500,208,CD000,00000,000,GWPC,0,0
2020-12-08T00:00:00.000+00:00,68558004,DLG_PREMIUM,GWPCGLPremium,GWPCGLPremium_20200415050702F126.xml,SUMMARISED,UKInsurance,2020-04-14T00:00:00.000+00:00,2021-04-13T00:00:00.000+00:00,N,SUMMARISED,517935,12,300000002172889,32.33,GBP,32.33,Motor,Privilege,PCW,MOTNoClaimDiscCov,Comprehensive,1,User,,Privilege_Comprehensive,DR,74150,320,000000,71041,208,CD000,00000,000,GWPC,0,0
2020-12-08T00:00:00.000+00:00,68558004,DLG_PREMIUM,GWPCGLPremium,GWPCGLPremium_20200415050702F126.xml,SUMMARISED,UKInsurance,2020-04-14T00:00:00.000+00:00,2021-04-13T00:00:00.000+00:00,N,SUMMARISED,517935,12,300000002172889,32.33,GBP,32.33,Motor,Privilege,PCW,MOTNoClaimDiscCov,Comprehensive,1,User,,Privilege_Comprehensive,CR,74151,320,SYS000,10000,208,CD000,PCW00,000,GWPC,0,0
2020-12-08T00:00:00.000+00:00,68558005,DLG_PREMIUM,GWPCGLPremium,GWPCGLPremium_20200415050702F126.xml,SUMMARISED,UKInsurance,2020-04-15T00:00:00.000+00:00,2021-04-14T00:00:00.000+00:00,N,SUMMARISED,517936,13,300000002172889,775.71,GBP,775.71,Motor,Privilege,PCW,Comprehensive,Comprehensive,1,User,,Privilege_Comprehensive,DR,74150,320,000000,71041,208,CD000,00000,000,GWPC,0,0
2020-12-08T00:00:00.000+00:00,68558005,DLG_PREMIUM,GWPCGLPremium,GWPCGLPremium_20200415050702F126.xml,SUMMARISED,UKInsurance,2020-04-15T00:00:00.000+00:00,2021-04-14T00:00:00.000+00:00,N,SUMMARISED,517936,13,300000002172889,775.71,GBP,775.71,Motor,Privilege,PCW,Comprehensive,Comprehensive,1,User,,Privilege_Comprehensive,CR,74151,320,SYS000,10000,208,CD000,PCW00,000,GWPC,0,0
2020-12-08T00:00:00.000+00:00,68558005,DLG_PREMIUM,GWPCGLPremium,GWPCGLPremium_20200415050702F126.xml,SUMMARISED,UKInsurance,2020-04-15T00:00:00.000+00:00,2021-04-14T00:00:00.000+00:00,N,SUMMARISED,517936,14,300000002172889,98.1,GBP,98.1,Motor,Privilege,PCW,IPT,Comprehensive,1,User,,Privilege_Comprehensive,DR,74150,320,000000,71041,208,CD000,00000,000,GWPC,0,0
2020-12-08T00:00:00.000+00:00,68558005,DLG_PREMIUM,GWPCGLPremium,GWPCGLPremium_20200415050702F126.xml,SUMMARISED,UKInsurance,2020-04-15T00:00:00.000+00:00,2021-04-14T00:00:00.000+00:00,N,SUMMARISED,517936,14,300000002172889,98.1,GBP,98.1,Motor,Privilege,PCW,IPT,Comprehensive,1,User,,Privilege_Comprehensive,CR,74152,320,000000,81500,208,CD000,00000,000,GWPC,0,0
2020-12-08T00:00:00.000+00:00,68558005,DLG_PREMIUM,GWPCGLPremium,GWPCGLPremium_20200415050702F126.xml,SUMMARISED,UKInsurance,2020-04-15T00:00:00.000+00:00,2021-04-14T00:00:00.000+00:00,N,SUMMARISED,517936,15,300000002172889,42.01,GBP,42.01,Motor,Privilege,PCW,MOTNoClaimDiscCov,Comprehensive,1,User,,Privilege_Comprehensive,DR,74150,320,000000,71041,208,CD000,00000,000,GWPC,0,0
2020-12-08T00:00:00.000+00:00,68558005,DLG_PREMIUM,GWPCGLPremium,GWPCGLPremium_20200415050702F126.xml,SUMMARISED,UKInsurance,2020-04-15T00:00:00.000+00:00,2021-04-14T00:00:00.000+00:00,N,SUMMARISED,517936,15,300000002172889,42.01,GBP,42.01,Motor,Privilege,PCW,MOTNoClaimDiscCov,Comprehensive,1,User,,Privilege_Comprehensive,CR,74151,320,SYS000,10000,208,CD000,PCW00,000,GWPC,0,0
2020-12-08T00:00:00.000+00:00,68558006,DLG_PREMIUM,GWPCGLPremium,GWPCGLPremium_20200415050702F126.xml,SUMMARISED,UKInsurance,2020-04-16T00:00:00.000+00:00,2021-04-15T00:00:00.000+00:00,N,SUMMARISED,517937,16,300000002172889,196.69,GBP,196.69,Motor,Privilege,PCW,Comprehensive,Comprehensive,1,User,,Privilege_Comprehensive,DR,74150,320,000000,71041,208,CD000,00000,000,GWPC,0,0
2020-12-08T00:00:00.000+00:00,68558006,DLG_PREMIUM,GWPCGLPremium,GWPCGLPremium_20200415050702F126.xml,SUMMARISED,UKInsurance,2020-04-16T00:00:00.000+00:00,2021-04-15T00:00:00.000+00:00,N,SUMMARISED,517937,16,300000002172889,196.69,GBP,196.69,Motor,Privilege,PCW,Comprehensive,Comprehensive,1,User,,Privilege_Comprehensive,CR,74151,320,SYS000,10000,208,CD000,PCW00,000,GWPC,0,0
2020-12-08T00:00:00.000+00:00,68558006,DLG_PREMIUM,GWPCGLPremium,GWPCGLPremium_20200415050702F126.xml,SUMMARISED,UKInsurance,2020-04-16T00:00:00.000+00:00,2021-04-15T00:00:00.000+00:00,N,SUMMARISED,517937,17,300000002172889,26,GBP,26,Motor,Privilege,PCW,IPT,Comprehensive,1,User,,Privilege_Comprehensive,DR,74150,320,000000,71041,208,CD000,00000,000,GWPC,0,0
2020-12-08T00:00:00.000+00:00,68558006,DLG_PREMIUM,GWPCGLPremium,GWPCGLPremium_20200415050702F126.xml,SUMMARISED,UKInsurance,2020-04-16T00:00:00.000+00:00,2021-04-15T00:00:00.000+00:00,N,SUMMARISED,517937,17,300000002172889,26,GBP,26,Motor,Privilege,PCW,IPT,Comprehensive,1,User,,Privilege_Comprehensive,CR,74152,320,000000,81500,208,CD000,00000,000,GWPC,0,0
2020-12-08T00:00:00.000+00:00,68558006,DLG_PREMIUM,GWPCGLPremium,GWPCGLPremium_20200415050702F126.xml,SUMMARISED,UKInsurance,2020-04-16T00:00:00.000+00:00,2021-04-15T00:00:00.000+00:00,N,SUMMARISED,517937,18,300000002172889,20,GBP,20,Motor,Privilege,PCW,MOTNoClaimDiscCov,Comprehensive,1,User,,Privilege_Comprehensive,DR,74150,320,000000,71041,208,CD000,00000,000,GWPC,0,0
2020-12-08T00:00:00.000+00:00,68558006,DLG_PREMIUM,GWPCGLPremium,GWPCGLPremium_20200415050702F126.xml,SUMMARISED,UKInsurance,2020-04-16T00:00:00.000+00:00,2021-04-15T00:00:00.000+00:00,N,SUMMARISED,517937,18,300000002172889,20,GBP,20,Motor,Privilege,PCW,MOTNoClaimDiscCov,Comprehensive,1,User,,Privilege_Comprehensive,CR,74151,320,SYS000,10000,208,CD000,PCW00,000,GWPC,0,0
2020-12-08T00:00:00.000+00:00,68558007,DLG_PREMIUM,GWPCGLPremium,GWPCGLPremium_20200415050702F126.xml,SUMMARISED,UKInsurance,2020-04-16T00:00:00.000+00:00,2021-04-15T00:00:00.000+00:00,Y,SUMMARISED,517938,19,300000002172889,730.28,GBP,730.28,Motor,Privilege,PCW,Comprehensive,Comprehensive,1,User,,Privilege_Comprehensive,DR,74150,320,000000,71041,208,CD000,00000,000,GWPC,0,0
2020-12-08T00:00:00.000+00:00,68558007,DLG_PREMIUM,GWPCGLPremium,GWPCGLPremium_20200415050702F126.xml,SUMMARISED,UKInsurance,2020-04-16T00:00:00.000+00:00,2021-04-15T00:00:00.000+00:00,Y,SUMMARISED,517938,19,300000002172889,730.28,GBP,730.28,Motor,Privilege,PCW,Comprehensive,Comprehensive,1,User,,Privilege_Comprehensive,CR,74151,320,SYS000,10000,208,CD000,PCW00,000,GWPC,0,0
2020-12-08T00:00:00.000+00:00,68558007,DLG_PREMIUM,GWPCGLPremium,GWPCGLPremium_20200415050702F126.xml,SUMMARISED,UKInsurance,2020-04-16T00:00:00.000+00:00,2021-04-15T00:00:00.000+00:00,Y,SUMMARISED,517938,20,300000002172889,87.63,GBP,87.63,Motor,Privilege,PCW,IPT,Comprehensive,1,User,,Privilege_Comprehensive,DR,74150,320,000000,71041,208,CD000,00000,000,GWPC,0,0
2020-12-08T00:00:00.000+00:00,68558007,DLG_PREMIUM,GWPCGLPremium,GWPCGLPremium_20200415050702F126.xml,SUMMARISED,UKInsurance,2020-04-16T00:00:00.000+00:00,2021-04-15T00:00:00.000+00:00,Y,SUMMARISED,517938,20,300000002172889,87.63,GBP,87.63,Motor,Privilege,PCW,IPT,Comprehensive,1,User,,Privilege_Comprehensive,CR,74152,320,000000,81500,208,CD000,00000,000,GWPC,0,0
2020-12-08T00:00:00.000+00:00,68558008,DLG_PREMIUM,GWPCGLPremium,GWPCGLPremium_20200415050702F126.xml,SUMMARISED,UKInsurance,2020-04-17T00:00:00.000+00:00,2021-04-16T00:00:00.000+00:00,N,SUMMARISED,517939,21,300000002172889,600.69,GBP,600.69,Motor,Privilege,PCW,Comprehensive,Comprehensive,1,User,,Privilege_Comprehensive,DR,74150,320,000000,71041,208,CD000,00000,000,GWPC,0,0
2020-12-08T00:00:00.000+00:00,68558008,DLG_PREMIUM,GWPCGLPremium,GWPCGLPremium_20200415050702F126.xml,SUMMARISED,UKInsurance,2020-04-17T00:00:00.000+00:00,2021-04-16T00:00:00.000+00:00,N,SUMMARISED,517939,21,300000002172889,600.69,GBP,600.69,Motor,Privilege,PCW,Comprehensive,Comprehensive,1,User,,Privilege_Comprehensive,CR,74151,320,SYS000,10000,208,CD000,PCW00,000,GWPC,0,0
2020-12-08T00:00:00.000+00:00,68558008,DLG_PREMIUM,GWPCGLPremium,GWPCGLPremium_20200415050702F126.xml,SUMMARISED,UKInsurance,2020-04-17T00:00:00.000+00:00,2021-04-16T00:00:00.000+00:00,N,SUMMARISED,517939,22,300000002172889,77.66,GBP,77.66,Motor,Privilege,PCW,IPT,Comprehensive,1,User,,Privilege_Comprehensive,DR,74150,320,000000,71041,208,CD000,00000,000,GWPC,0,0
2020-12-08T00:00:00.000+00:00,68558008,DLG_PREMIUM,GWPCGLPremium,GWPCGLPremium_20200415050702F126.xml,SUMMARISED,UKInsurance,2020-04-17T00:00:00.000+00:00,2021-04-16T00:00:00.000+00:00,N,SUMMARISED,517939,22,300000002172889,77.66,GBP,77.66,Motor,Privilege,PCW,IPT,Comprehensive,1,User,,Privilege_Comprehensive,CR,74152,320,000000,81500,208,CD000,00000,000,GWPC,0,0
2020-12-08T00:00:00.000+00:00,68558008,DLG_PREMIUM,GWPCGLPremium,GWPCGLPremium_20200415050702F126.xml,SUMMARISED,UKInsurance,2020-04-17T00:00:00.000+00:00,2021-04-16T00:00:00.000+00:00,N,SUMMARISED,517939,23,300000002172889,46.57,GBP,46.57,Motor,Privilege,PCW,MOTNoClaimDiscCov,Comprehensive,1,User,,Privilege_Comprehensive,DR,74150,320,000000,71041,208,CD000,00000,000,GWPC,0,0
2020-12-08T00:00:00.000+00:00,68558008,DLG_PREMIUM,GWPCGLPremium,GWPCGLPremium_20200415050702F126.xml,SUMMARISED,UKInsurance,2020-04-17T00:00:00.000+00:00,2021-04-16T00:00:00.000+00:00,N,SUMMARISED,517939,23,300000002172889,46.57,GBP,46.57,Motor,Privilege,PCW,MOTNoClaimDiscCov,Comprehensive,1,User,,Privilege_Comprehensive,CR,74151,320,SYS000,10000,208,CD000,PCW00,000,GWPC,0,0
2020-12-08T00:00:00.000+00:00,68558009,DLG_PREMIUM,GWPCGLPremium,GWPCGLPremium_20200415050702F126.xml,SUMMARISED,UKInsurance,2020-04-19T00:00:00.000+00:00,2021-04-18T00:00:00.000+00:00,N,SUMMARISED,517940,24,300000002172889,543.01,GBP,543.01,Motor,Privilege,PCW,Comprehensive,Comprehensive,1,User,,Privilege_Comprehensive,DR,74150,320,000000,71041,208,CD000,00000,000,GWPC,0,0
2020-12-08T00:00:00.000+00:00,68558009,DLG_PREMIUM,GWPCGLPremium,GWPCGLPremium_20200415050702F126.xml,SUMMARISED,UKInsurance,2020-04-19T00:00:00.000+00:00,2021-04-18T00:00:00.000+00:00,N,SUMMARISED,517940,24,300000002172889,543.01,GBP,543.01,Motor,Privilege,PCW,Comprehensive,Comprehensive,1,User,,Privilege_Comprehensive,CR,74151,320,SYS000,10000,208,CD000,PCW00,000,GWPC,0,0
2020-12-08T00:00:00.000+00:00,68558009,DLG_PREMIUM,GWPCGLPremium,GWPCGLPremium_20200415050702F126.xml,SUMMARISED,UKInsurance,2020-04-19T00:00:00.000+00:00,2021-04-18T00:00:00.000+00:00,N,SUMMARISED,517940,25,300000002172889,68.16,GBP,68.16,Motor,Privilege,PCW,IPT,Comprehensive,1,User,,Privilege_Comprehensive,DR,74150,320,000000,71041,208,CD000,00000,000,GWPC,0,0
2020-12-08T00:00:00.000+00:00,68558009,DLG_PREMIUM,GWPCGLPremium,GWPCGLPremium_20200415050702F126.xml,SUMMARISED,UKInsurance,2020-04-19T00:00:00.000+00:00,2021-04-18T00:00:00.000+00:00,N,SUMMARISED,517940,25,300000002172889,68.16,GBP,68.16,Motor,Privilege,PCW,IPT,Comprehensive,1,User,,Privilege_Comprehensive,CR,74152,320,000000,81500,208,CD000,00000,000,GWPC,0,0
2020-12-08T00:00:00.000+00:00,68558009,DLG_PREMIUM,GWPCGLPremium,GWPCGLPremium_20200415050702F126.xml,SUMMARISED,UKInsurance,2020-04-19T00:00:00.000+00:00,2021-04-18T00:00:00.000+00:00,N,SUMMARISED,517940,26,300000002172889,25,GBP,25,Motor,Privilege,PCW,MOTLegalCoverCov,Comprehensive,1,User,,Privilege_Comprehensive,DR,74150,320,000000,71041,208,CD000,00000,000,GWPC,0,0
2020-12-08T00:00:00.000+00:00,68558009,DLG_PREMIUM,GWPCGLPremium,GWPCGLPremium_20200415050702F126.xml,SUMMARISED,UKInsurance,2020-04-19T00:00:00.000+00:00,2021-04-18T00:00:00.000+00:00,N,SUMMARISED,517940,26,300000002172889,25,GBP,25,Motor,Privilege,PCW,MOTLegalCoverCov,Comprehensive,1,User,,Privilege_Comprehensive,CR,74153,320,SYS000,10000,831,CD000,PCW00,000,GWPC,0,0
2020-12-08T00:00:00.000+00:00,68558010,DLG_PREMIUM,GWPCGLPremium,GWPCGLPremium_20200415050702F126.xml,SUMMARISED,UKInsurance,2020-04-22T00:00:00.000+00:00,2021-04-21T00:00:00.000+00:00,N,SUMMARISED,517941,27,300000002172889,194.04,GBP,194.04,Motor,Privilege,PCW,Comprehensive,Comprehensive,1,User,,Privilege_Comprehensive,DR,74150,320,000000,71041,208,CD000,00000,000,GWPC,0,0
2020-12-08T00:00:00.000+00:00,68558010,DLG_PREMIUM,GWPCGLPremium,GWPCGLPremium_20200415050702F126.xml,SUMMARISED,UKInsurance,2020-04-22T00:00:00.000+00:00,2021-04-21T00:00:00.000+00:00,N,SUMMARISED,517941,27,300000002172889,194.04,GBP,194.04,Motor,Privilege,PCW,Comprehensive,Comprehensive,1,User,,Privilege_Comprehensive,CR,74151,320,SYS000,10000,208,CD000,PCW00,000,GWPC,0,0
2020-12-08T00:00:00.000+00:00,68558010,DLG_PREMIUM,GWPCGLPremium,GWPCGLPremium_20200415050702F126.xml,SUMMARISED,UKInsurance,2020-04-22T00:00:00.000+00:00,2021-04-21T00:00:00.000+00:00,N,SUMMARISED,517941,28,300000002172889,23.28,GBP,23.28,Motor,Privilege,PCW,IPT,Comprehensive,1,User,,Privilege_Comprehensive,DR,74150,320,000000,71041,208,CD000,00000,000,GWPC,0,0
2020-12-08T00:00:00.000+00:00,68558010,DLG_PREMIUM,GWPCGLPremium,GWPCGLPremium_20200415050702F126.xml,SUMMARISED,UKInsurance,2020-04-22T00:00:00.000+00:00,2021-04-21T00:00:00.000+00:00,N,SUMMARISED,517941,28,300000002172889,23.28,GBP,23.28,Motor,Privilege,PCW,IPT,Comprehensive,1,User,,Privilege_Comprehensive,CR,74152,320,000000,81500,208,CD000,00000,000,GWPC,0,0
2020-12-08T00:00:00.000+00:00,68558011,DLG_PREMIUM,GWPCGLPremium,GWPCGLPremium_20200415050702F126.xml,SUMMARISED,UKInsurance,2020-04-22T00:00:00.000+00:00,2021-04-21T00:00:00.000+00:00,Y,SUMMARISED,517942,29,300000002172889,235.75,GBP,235.75,Motor,Privilege,PCW,Comprehensive,Comprehensive,1,User,,Privilege_Comprehensive,DR,74150,320,000000,71041,208,CD000,00000,000,GWPC,0,0
2020-12-08T00:00:00.000+00:00,68558011,DLG_PREMIUM,GWPCGLPremium,GWPCGLPremium_20200415050702F126.xml,SUMMARISED,UKInsurance,2020-04-22T00:00:00.000+00:00,2021-04-21T00:00:00.000+00:00,Y,SUMMARISED,517942,29,300000002172889,235.75,GBP,235.75,Motor,Privilege,PCW,Comprehensive,Comprehensive,1,User,,Privilege_Comprehensive,CR,74151,320,SYS000,10000,208,CD000,PCW00,000,GWPC,0,0
2020-12-08T00:00:00.000+00:00,68558011,DLG_PREMIUM,GWPCGLPremium,GWPCGLPremium_20200415050702F126.xml,SUMMARISED,UKInsurance,2020-04-22T00:00:00.000+00:00,2021-04-21T00:00:00.000+00:00,Y,SUMMARISED,517942,30,300000002172889,28.29,GBP,28.29,Motor,Privilege,PCW,IPT,Comprehensive,1,User,,Privilege_Comprehensive,DR,74150,320,000000,71041,208,CD000,00000,000,GWPC,0,0
2020-12-08T00:00:00.000+00:00,68558011,DLG_PREMIUM,GWPCGLPremium,GWPCGLPremium_20200415050702F126.xml,SUMMARISED,UKInsurance,2020-04-22T00:00:00.000+00:00,2021-04-21T00:00:00.000+00:00,Y,SUMMARISED,517942,30,300000002172889,28.29,GBP,28.29,Motor,Privilege,PCW,IPT,Comprehensive,1,User,,Privilege_Comprehensive,CR,74152,320,000000,81500,208,CD000,00000,000,GWPC,0,0
2020-12-08T00:00:00.000+00:00,68558012,DLG_PREMIUM,GWPCGLPremium,GWPCGLPremium_20200415050702F126.xml,SUMMARISED,UKInsurance,2020-04-26T00:00:00.000+00:00,2021-04-25T00:00:00.000+00:00,N,SUMMARISED,517943,31,300000002172889,437.52,GBP,437.52,Motor,Privilege,PCW,Comprehensive,Comprehensive,1,User,,Privilege_Comprehensive,DR,74150,320,000000,71041,208,CD000,00000,000,GWPC,0,0
2020-12-08T00:00:00.000+00:00,68558012,DLG_PREMIUM,GWPCGLPremium,GWPCGLPremium_20200415050702F126.xml,SUMMARISED,UKInsurance,2020-04-26T00:00:00.000+00:00,2021-04-25T00:00:00.000+00:00,N,SUMMARISED,517943,31,300000002172889,437.52,GBP,437.52,Motor,Privilege,PCW,Comprehensive,Comprehensive,1,User,,Privilege_Comprehensive,CR,74151,320,SYS000,10000,208,CD000,PCW00,000,GWPC,0,0
2020-12-08T00:00:00.000+00:00,68558012,DLG_PREMIUM,GWPCGLPremium,GWPCGLPremium_20200415050702F126.xml,SUMMARISED,UKInsurance,2020-04-26T00:00:00.000+00:00,2021-04-25T00:00:00.000+00:00,N,SUMMARISED,517943,32,300000002172889,61.16,GBP,61.16,Motor,Privilege,PCW,IPT,Comprehensive,1,User,,Privilege_Comprehensive,DR,74150,320,000000,71041,208,CD000,00000,000,GWPC,0,0
2020-12-08T00:00:00.000+00:00,68558012,DLG_PREMIUM,GWPCGLPremium,GWPCGLPremium_20200415050702F126.xml,SUMMARISED,UKInsurance,2020-04-26T00:00:00.000+00:00,2021-04-25T00:00:00.000+00:00,N,SUMMARISED,517943,32,300000002172889,61.16,GBP,61.16,Motor,Privilege,PCW,IPT,Comprehensive,1,User,,Privilege_Comprehensive,CR,74152,320,000000,81500,208,CD000,00000,000,GWPC,0,0
2020-12-08T00:00:00.000+00:00,68558012,DLG_PREMIUM,GWPCGLPremium,GWPCGLPremium_20200415050702F126.xml,SUMMARISED,UKInsurance,2020-04-26T00:00:00.000+00:00,2021-04-25T00:00:00.000+00:00,N,SUMMARISED,517943,33,300000002172889,18,GBP,18,Motor,Privilege,PCW,MOTGuaranteedHireCarPlusCov,Comprehensive,1,User,,Privilege_Comprehensive,DR,74150,320,000000,71041,208,CD000,00000,000,GWPC,0,0
2020-12-08T00:00:00.000+00:00,68558012,DLG_PREMIUM,GWPCGLPremium,GWPCGLPremium_20200415050702F126.xml,SUMMARISED,UKInsurance,2020-04-26T00:00:00.000+00:00,2021-04-25T00:00:00.000+00:00,N,SUMMARISED,517943,33,300000002172889,18,GBP,18,Motor,Privilege,PCW,MOTGuaranteedHireCarPlusCov,Comprehensive,1,User,,Privilege_Comprehensive,CR,74154,320,SYS000,10000,216,CD000,PCW00,000,GWPC,0,0
2020-12-08T00:00:00.000+00:00,68558012,DLG_PREMIUM,GWPCGLPremium,GWPCGLPremium_20200415050702F126.xml,SUMMARISED,UKInsurance,2020-04-26T00:00:00.000+00:00,2021-04-25T00:00:00.000+00:00,N,SUMMARISED,517943,34,300000002172889,21.87,GBP,21.87,Motor,Privilege,PCW,MOTNoClaimDiscCov,Comprehensive,1,User,,Privilege_Comprehensive,DR,74150,320,000000,71041,208,CD000,00000,000,GWPC,0,0
2020-12-08T00:00:00.000+00:00,68558012,DLG_PREMIUM,GWPCGLPremium,GWPCGLPremium_20200415050702F126.xml,SUMMARISED,UKInsurance,2020-04-26T00:00:00.000+00:00,2021-04-25T00:00:00.000+00:00,N,SUMMARISED,517943,34,300000002172889,21.87,GBP,21.87,Motor,Privilege,PCW,MOTNoClaimDiscCov,Comprehensive,1,User,,Privilege_Comprehensive,CR,74151,320,SYS000,10000,208,CD000,PCW00,000,GWPC,0,0
2020-12-08T00:00:00.000+00:00,68558012,DLG_PREMIUM,GWPCGLPremium,GWPCGLPremium_20200415050702F126.xml,SUMMARISED,UKInsurance,2020-04-26T00:00:00.000+00:00,2021-04-25T00:00:00.000+00:00,N,SUMMARISED,517943,35,300000002172889,32.35,GBP,32.35,Motor,Privilege,PCW,roadside,Comprehensive,1,User,,Privilege_Comprehensive,DR,74150,320,000000,71041,208,CD000,00000,000,GWPC,0,0
2020-12-08T00:00:00.000+00:00,68558012,DLG_PREMIUM,GWPCGLPremium,GWPCGLPremium_20200415050702F126.xml,SUMMARISED,UKInsurance,2020-04-26T00:00:00.000+00:00,2021-04-25T00:00:00.000+00:00,N,SUMMARISED,517943,35,300000002172889,32.35,GBP,32.35,Motor,Privilege,PCW,roadside,Comprehensive,1,User,,Privilege_Comprehensive,CR,74155,320,SYS000,10000,841,CD000,PCW00,000,GWPC,0,0
2020-12-08T00:00:00.000+00:00,68558013,DLG_PREMIUM,GWPCGLPremium,GWPCGLPremium_20200415050702F126.xml,SUMMARISED,UKInsurance,2020-04-28T00:00:00.000+00:00,2021-04-27T00:00:00.000+00:00,N,SUMMARISED,517944,36,300000002172889,573.25,GBP,573.25,Motor,Privilege,PCW,Comprehensive,Comprehensive,1,User,,Privilege_Comprehensive,DR,74150,320,000000,71041,208,CD000,00000,000,GWPC,0,0
2020-12-08T00:00:00.000+00:00,68558013,DLG_PREMIUM,GWPCGLPremium,GWPCGLPremium_20200415050702F126.xml,SUMMARISED,UKInsurance,2020-04-28T00:00:00.000+00:00,2021-04-27T00:00:00.000+00:00,N,SUMMARISED,517944,36,300000002172889,573.25,GBP,573.25,Motor,Privilege,PCW,Comprehensive,Comprehensive,1,User,,Privilege_Comprehensive,CR,74151,320,SYS000,10000,208,CD000,PCW00,000,GWPC,0,0
2020-12-08T00:00:00.000+00:00,68558013,DLG_PREMIUM,GWPCGLPremium,GWPCGLPremium_20200415050702F126.xml,SUMMARISED,UKInsurance,2020-04-28T00:00:00.000+00:00,2021-04-27T00:00:00.000+00:00,N,SUMMARISED,517944,37,300000002172889,72.42,GBP,72.42,Motor,Privilege,PCW,IPT,Comprehensive,1,User,,Privilege_Comprehensive,DR,74150,320,000000,71041,208,CD000,00000,000,GWPC,0,0
2020-12-08T00:00:00.000+00:00,68558013,DLG_PREMIUM,GWPCGLPremium,GWPCGLPremium_20200415050702F126.xml,SUMMARISED,UKInsurance,2020-04-28T00:00:00.000+00:00,2021-04-27T00:00:00.000+00:00,N,SUMMARISED,517944,37,300000002172889,72.42,GBP,72.42,Motor,Privilege,PCW,IPT,Comprehensive,1,User,,Privilege_Comprehensive,CR,74152,320,000000,81500,208,CD000,00000,000,GWPC,0,0
2020-12-08T00:00:00.000+00:00,68558013,DLG_PREMIUM,GWPCGLPremium,GWPCGLPremium_20200415050702F126.xml,SUMMARISED,UKInsurance,2020-04-28T00:00:00.000+00:00,2021-04-27T00:00:00.000+00:00,N,SUMMARISED,517944,38,300000002172889,30.28,GBP,30.28,Motor,Privilege,PCW,MOTNoClaimDiscCov,Comprehensive,1,User,,Privilege_Comprehensive,DR,74150,320,000000,71041,208,CD000,00000,000,GWPC,0,0
2020-12-08T00:00:00.000+00:00,68558013,DLG_PREMIUM,GWPCGLPremium,GWPCGLPremium_20200415050702F126.xml,SUMMARISED,UKInsurance,2020-04-28T00:00:00.000+00:00,2021-04-27T00:00:00.000+00:00,N,SUMMARISED,517944,38,300000002172889,30.28,GBP,30.28,Motor,Privilege,PCW,MOTNoClaimDiscCov,Comprehensive,1,User,,Privilege_Comprehensive,CR,74151,320,SYS000,10000,208,CD000,PCW00,000,GWPC,0,0
2020-12-08T00:00:00.000+00:00,68558014,DLG_PREMIUM,GWPCGLPremium,GWPCGLPremium_20200415050702F126.xml,SUMMARISED,UKInsurance,2020-04-30T00:00:00.000+00:00,2021-04-29T00:00:00.000+00:00,N,SUMMARISED,517945,39,300000002172889,674.88,GBP,674.88,Motor,Privilege,PCW,Comprehensive,Comprehensive,1,User,,Privilege_Comprehensive,DR,74150,320,000000,71041,208,CD000,00000,000,GWPC,0,0
2020-12-08T00:00:00.000+00:00,68558014,DLG_PREMIUM,GWPCGLPremium,GWPCGLPremium_20200415050702F126.xml,SUMMARISED,UKInsurance,2020-04-30T00:00:00.000+00:00,2021-04-29T00:00:00.000+00:00,N,SUMMARISED,517945,39,300000002172889,674.88,GBP,674.88,Motor,Privilege,PCW,Comprehensive,Comprehensive,1,User,,Privilege_Comprehensive,CR,74151,320,SYS000,10000,208,CD000,PCW00,000,GWPC,0,0
2020-12-08T00:00:00.000+00:00,68558014,DLG_PREMIUM,GWPCGLPremium,GWPCGLPremium_20200415050702F126.xml,SUMMARISED,UKInsurance,2020-04-30T00:00:00.000+00:00,2021-04-29T00:00:00.000+00:00,N,SUMMARISED,517945,40,300000002172889,60.67,GBP,60.67,Motor,Privilege,PCW,fulluk,Comprehensive,1,User,,Privilege_Comprehensive,DR,74150,320,000000,71041,208,CD000,00000,000,GWPC,0,0
2020-12-08T00:00:00.000+00:00,68558014,DLG_PREMIUM,GWPCGLPremium,GWPCGLPremium_20200415050702F126.xml,SUMMARISED,UKInsurance,2020-04-30T00:00:00.000+00:00,2021-04-29T00:00:00.000+00:00,N,SUMMARISED,517945,40,300000002172889,60.67,GBP,60.67,Motor,Privilege,PCW,fulluk,Comprehensive,1,User,,Privilege_Comprehensive,CR,74155,320,SYS000,10000,841,CD000,PCW00,000,GWPC,0,0
2020-12-08T00:00:00.000+00:00,68558014,DLG_PREMIUM,GWPCGLPremium,GWPCGLPremium_20200415050702F126.xml,SUMMARISED,UKInsurance,2020-04-30T00:00:00.000+00:00,2021-04-29T00:00:00.000+00:00,N,SUMMARISED,517945,41,300000002172889,90.45,GBP,90.45,Motor,Privilege,PCW,IPT,Comprehensive,1,User,,Privilege_Comprehensive,DR,74150,320,000000,71041,208,CD000,00000,000,GWPC,0,0
2020-12-08T00:00:00.000+00:00,68558014,DLG_PREMIUM,GWPCGLPremium,GWPCGLPremium_20200415050702F126.xml,SUMMARISED,UKInsurance,2020-04-30T00:00:00.000+00:00,2021-04-29T00:00:00.000+00:00,N,SUMMARISED,517945,41,300000002172889,90.45,GBP,90.45,Motor,Privilege,PCW,IPT,Comprehensive,1,User,,Privilege_Comprehensive,CR,74152,320,000000,81500,208,CD000,00000,000,GWPC,0,0
2020-12-08T00:00:00.000+00:00,68558014,DLG_PREMIUM,GWPCGLPremium,GWPCGLPremium_20200415050702F126.xml,SUMMARISED,UKInsurance,2020-04-30T00:00:00.000+00:00,2021-04-29T00:00:00.000+00:00,N,SUMMARISED,517945,42,300000002172889,18.4,GBP,18.4,Motor,Privilege,PCW,MOTNoClaimDiscCov,Comprehensive,1,User,,Privilege_Comprehensive,DR,74150,320,000000,71041,208,CD000,00000,000,GWPC,0,0
2020-12-08T00:00:00.000+00:00,68558014,DLG_PREMIUM,GWPCGLPremium,GWPCGLPremium_20200415050702F126.xml,SUMMARISED,UKInsurance,2020-04-30T00:00:00.000+00:00,2021-04-29T00:00:00.000+00:00,N,SUMMARISED,517945,42,300000002172889,18.4,GBP,18.4,Motor,Privilege,PCW,MOTNoClaimDiscCov,Comprehensive,1,User,,Privilege_Comprehensive,CR,74151,320,SYS000,10000,208,CD000,PCW00,000,GWPC,0,0
2020-12-08T00:00:00.000+00:00,68558015,DLG_PREMIUM,GWPCGLPremium,GWPCGLPremium_20200415050702F126.xml,SUMMARISED,UKInsurance,2020-05-01T00:00:00.000+00:00,2021-04-30T00:00:00.000+00:00,N,SUMMARISED,517946,43,300000002172889,767.66,GBP,767.66,Motor,Privilege,PCW,Comprehensive,Comprehensive,1,User,,Privilege_Comprehensive,DR,74150,320,000000,71041,208,CD000,00000,000,GWPC,0,0
2020-12-08T00:00:00.000+00:00,68558015,DLG_PREMIUM,GWPCGLPremium,GWPCGLPremium_20200415050702F126.xml,SUMMARISED,UKInsurance,2020-05-01T00:00:00.000+00:00,2021-04-30T00:00:00.000+00:00,N,SUMMARISED,517946,43,300000002172889,767.66,GBP,767.66,Motor,Privilege,PCW,Comprehensive,Comprehensive,1,User,,Privilege_Comprehensive,CR,74151,320,SYS000,10000,208,CD000,PCW00,000,GWPC,0,0
2020-12-08T00:00:00.000+00:00,68558015,DLG_PREMIUM,GWPCGLPremium,GWPCGLPremium_20200415050702F126.xml,SUMMARISED,UKInsurance,2020-05-01T00:00:00.000+00:00,2021-04-30T00:00:00.000+00:00,N,SUMMARISED,517946,44,300000002172889,96.71,GBP,96.71,Motor,Privilege,PCW,IPT,Comprehensive,1,User,,Privilege_Comprehensive,DR,74150,320,000000,71041,208,CD000,00000,000,GWPC,0,0
2020-12-08T00:00:00.000+00:00,68558015,DLG_PREMIUM,GWPCGLPremium,GWPCGLPremium_20200415050702F126.xml,SUMMARISED,UKInsurance,2020-05-01T00:00:00.000+00:00,2021-04-30T00:00:00.000+00:00,N,SUMMARISED,517946,44,300000002172889,96.71,GBP,96.71,Motor,Privilege,PCW,IPT,Comprehensive,1,User,,Privilege_Comprehensive,CR,74152,320,000000,81500,208,CD000,00000,000,GWPC,0,0
2020-12-08T00:00:00.000+00:00,68558015,DLG_PREMIUM,GWPCGLPremium,GWPCGLPremium_20200415050702F126.xml,SUMMARISED,UKInsurance,2020-05-01T00:00:00.000+00:00,2021-04-30T00:00:00.000+00:00,N,SUMMARISED,517946,45,300000002172889,38.38,GBP,38.38,Motor,Privilege,PCW,MOTNoClaimDiscCov,Comprehensive,1,User,,Privilege_Comprehensive,DR,74150,320,000000,71041,208,CD000,00000,000,GWPC,0,0
2020-12-08T00:00:00.000+00:00,68558015,DLG_PREMIUM,GWPCGLPremium,GWPCGLPremium_20200415050702F126.xml,SUMMARISED,UKInsurance,2020-05-01T00:00:00.000+00:00,2021-04-30T00:00:00.000+00:00,N,SUMMARISED,517946,45,300000002172889,38.38,GBP,38.38,Motor,Privilege,PCW,MOTNoClaimDiscCov,Comprehensive,1,User,,Privilege_Comprehensive,CR,74151,320,SYS000,10000,208,CD000,PCW00,000,GWPC,0,0
2020-12-08T00:00:00.000+00:00,68558016,DLG_PREMIUM,GWPCGLPremium,GWPCGLPremium_20200415050702F126.xml,SUMMARISED,UKInsurance,2020-05-02T00:00:00.000+00:00,2021-05-01T00:00:00.000+00:00,N,SUMMARISED,517947,46,300000002172889,597.07,GBP,597.07,Motor,Privilege,PCW,Comprehensive,Comprehensive,1,User,,Privilege_Comprehensive,DR,74150,320,000000,71041,208,CD000,00000,000,GWPC,0,0
2020-12-08T00:00:00.000+00:00,68558016,DLG_PREMIUM,GWPCGLPremium,GWPCGLPremium_20200415050702F126.xml,SUMMARISED,UKInsurance,2020-05-02T00:00:00.000+00:00,2021-05-01T00:00:00.000+00:00,N,SUMMARISED,517947,46,300000002172889,597.07,GBP,597.07,Motor,Privilege,PCW,Comprehensive,Comprehensive,1,User,,Privilege_Comprehensive,CR,74151,320,SYS000,10000,208,CD000,PCW00,000,GWPC,0,0
2020-12-08T00:00:00.000+00:00,68558016,DLG_PREMIUM,GWPCGLPremium,GWPCGLPremium_20200415050702F126.xml,SUMMARISED,UKInsurance,2020-05-02T00:00:00.000+00:00,2021-05-01T00:00:00.000+00:00,N,SUMMARISED,517947,47,300000002172889,71.64,GBP,71.64,Motor,Privilege,PCW,IPT,Comprehensive,1,User,,Privilege_Comprehensive,DR,74150,320,000000,71041,208,CD000,00000,000,GWPC,0,0
2020-12-08T00:00:00.000+00:00,68558016,DLG_PREMIUM,GWPCGLPremium,GWPCGLPremium_20200415050702F126.xml,SUMMARISED,UKInsurance,2020-05-02T00:00:00.000+00:00,2021-05-01T00:00:00.000+00:00,N,SUMMARISED,517947,47,300000002172889,71.64,GBP,71.64,Motor,Privilege,PCW,IPT,Comprehensive,1,User,,Privilege_Comprehensive,CR,74152,320,000000,81500,208,CD000,00000,000,GWPC,0,0
2020-12-08T00:00:00.000+00:00,68558017,DLG_PREMIUM,GWPCGLPremium,GWPCGLPremium_20200415050702F126.xml,SUMMARISED,UKInsurance,2020-05-03T00:00:00.000+00:00,2021-05-02T00:00:00.000+00:00,N,SUMMARISED,517948,48,300000002172889,156.97,GBP,156.97,Motor,Privilege,PCW,Comprehensive,Comprehensive,1,User,,Privilege_Comprehensive,DR,74150,320,000000,71041,208,CD000,00000,000,GWPC,0,0
2020-12-08T00:00:00.000+00:00,68558017,DLG_PREMIUM,GWPCGLPremium,GWPCGLPremium_20200415050702F126.xml,SUMMARISED,UKInsurance,2020-05-03T00:00:00.000+00:00,2021-05-02T00:00:00.000+00:00,N,SUMMARISED,517948,48,300000002172889,156.97,GBP,156.97,Motor,Privilege,PCW,Comprehensive,Comprehensive,1,User,,Privilege_Comprehensive,CR,74151,320,SYS000,10000,208,CD000,PCW00,000,GWPC,0,0
2020-12-08T00:00:00.000+00:00,68558017,DLG_PREMIUM,GWPCGLPremium,GWPCGLPremium_20200415050702F126.xml,SUMMARISED,UKInsurance,2020-05-03T00:00:00.000+00:00,2021-05-02T00:00:00.000+00:00,N,SUMMARISED,517948,49,300000002172889,19.77,GBP,19.77,Motor,Privilege,PCW,IPT,Comprehensive,1,User,,Privilege_Comprehensive,DR,74150,320,000000,71041,208,CD000,00000,000,GWPC,0,0
2020-12-08T00:00:00.000+00:00,68558017,DLG_PREMIUM,GWPCGLPremium,GWPCGLPremium_20200415050702F126.xml,SUMMARISED,UKInsurance,2020-05-03T00:00:00.000+00:00,2021-05-02T00:00:00.000+00:00,N,SUMMARISED,517948,49,300000002172889,19.77,GBP,19.77,Motor,Privilege,PCW,IPT,Comprehensive,1,User,,Privilege_Comprehensive,CR,74152,320,000000,81500,208,CD000,00000,000,GWPC,0,0
2020-12-08T00:00:00.000+00:00,68558017,DLG_PREMIUM,GWPCGLPremium,GWPCGLPremium_20200415050702F126.xml,SUMMARISED,UKInsurance,2020-05-03T00:00:00.000+00:00,2021-05-02T00:00:00.000+00:00,N,SUMMARISED,517948,50,300000002172889,7.84,GBP,7.84,Motor,Privilege,PCW,MOTNoClaimDiscCov,Comprehensive,1,User,,Privilege_Comprehensive,DR,74150,320,000000,71041,208,CD000,00000,000,GWPC,0,0
2020-12-08T00:00:00.000+00:00,68558017,DLG_PREMIUM,GWPCGLPremium,GWPCGLPremium_20200415050702F126.xml,SUMMARISED,UKInsurance,2020-05-03T00:00:00.000+00:00,2021-05-02T00:00:00.000+00:00,N,SUMMARISED,517948,50,300000002172889,7.84,GBP,7.84,Motor,Privilege,PCW,MOTNoClaimDiscCov,Comprehensive,1,User,,Privilege_Comprehensive,CR,74151,320,SYS000,10000,208,CD000,PCW00,000,GWPC,0,0
2020-12-08T00:00:00.000+00:00,68558018,DLG_PREMIUM,GWPCGLPremium,GWPCGLPremium_20200415050702F126.xml,SUMMARISED,UKInsurance,2020-02-08T00:00:00.000+00:00,2021-02-07T00:00:00.000+00:00,Y,SUMMARISED,517949,51,300000002172889,220.82,GBP,220.82,Motor,Privilege,PCW,Comprehensive,Comprehensive,1,User,,Privilege_Comprehensive,DR,74150,320,000000,71041,208,CD000,00000,000,GWPC,0,0
2020-12-08T00:00:00.000+00:00,68558018,DLG_PREMIUM,GWPCGLPremium,GWPCGLPremium_20200415050702F126.xml,SUMMARISED,UKInsurance,2020-02-08T00:00:00.000+00:00,2021-02-07T00:00:00.000+00:00,Y,SUMMARISED,517949,51,300000002172889,220.82,GBP,220.82,Motor,Privilege,PCW,Comprehensive,Comprehensive,1,User,,Privilege_Comprehensive,CR,74151,320,SYS000,10000,208,CD000,PCW00,000,GWPC,0,0
2020-12-08T00:00:00.000+00:00,68558018,DLG_PREMIUM,GWPCGLPremium,GWPCGLPremium_20200415050702F126.xml,SUMMARISED,UKInsurance,2020-02-08T00:00:00.000+00:00,2021-02-07T00:00:00.000+00:00,Y,SUMMARISED,517949,52,300000002172889,26.49,GBP,26.49,Motor,Privilege,PCW,IPT,Comprehensive,1,User,,Privilege_Comprehensive,DR,74150,320,000000,71041,208,CD000,00000,000,GWPC,0,0
2020-12-08T00:00:00.000+00:00,68558018,DLG_PREMIUM,GWPCGLPremium,GWPCGLPremium_20200415050702F126.xml,SUMMARISED,UKInsurance,2020-02-08T00:00:00.000+00:00,2021-02-07T00:00:00.000+00:00,Y,SUMMARISED,517949,52,300000002172889,26.49,GBP,26.49,Motor,Privilege,PCW,IPT,Comprehensive,1,User,,Privilege_Comprehensive,CR,74152,320,000000,81500,208,CD000,00000,000,GWPC,0,0
2020-12-08T00:00:00.000+00:00,68558019,DLG_PREMIUM,GWPCGLPremium,GWPCGLPremium_20200415050702F126.xml,SUMMARISED,UKInsurance,2020-02-11T00:00:00.000+00:00,2021-02-10T00:00:00.000+00:00,Y,SUMMARISED,517950,53,300000002172889,620.79,GBP,620.79,Motor,Privilege,PCW,Comprehensive,Comprehensive,1,User,,Privilege_Comprehensive,DR,74150,320,000000,71041,208,CD000,00000,000,GWPC,0,0
2020-12-08T00:00:00.000+00:00,68558019,DLG_PREMIUM,GWPCGLPremium,GWPCGLPremium_20200415050702F126.xml,SUMMARISED,UKInsurance,2020-02-11T00:00:00.000+00:00,2021-02-10T00:00:00.000+00:00,Y,SUMMARISED,517950,53,300000002172889,620.79,GBP,620.79,Motor,Privilege,PCW,Comprehensive,Comprehensive,1,User,,Privilege_Comprehensive,CR,74151,320,SYS000,10000,208,CD000,PCW00,000,GWPC,0,0
2020-12-08T00:00:00.000+00:00,68558019,DLG_PREMIUM,GWPCGLPremium,GWPCGLPremium_20200415050702F126.xml,SUMMARISED,UKInsurance,2020-02-11T00:00:00.000+00:00,2021-02-10T00:00:00.000+00:00,Y,SUMMARISED,517950,54,300000002172889,74.49,GBP,74.49,Motor,Privilege,PCW,IPT,Comprehensive,1,User,,Privilege_Comprehensive,DR,74150,320,000000,71041,208,CD000,00000,000,GWPC,0,0
2020-12-08T00:00:00.000+00:00,68558019,DLG_PREMIUM,GWPCGLPremium,GWPCGLPremium_20200415050702F126.xml,SUMMARISED,UKInsurance,2020-02-11T00:00:00.000+00:00,2021-02-10T00:00:00.000+00:00,Y,SUMMARISED,517950,54,300000002172889,74.49,GBP,74.49,Motor,Privilege,PCW,IPT,Comprehensive,1,User,,Privilege_Comprehensive,CR,74152,320,000000,81500,208,CD000,00000,000,GWPC,0,0
2020-12-08T00:00:00.000+00:00,68558020,DLG_PREMIUM,GWPCGLPremium,GWPCGLPremium_20200415050702F126.xml,SUMMARISED,UKInsurance,2020-02-12T00:00:00.000+00:00,2021-02-11T00:00:00.000+00:00,Y,SUMMARISED,517951,55,300000002172889,1720.06,GBP,1720.06,Motor,Privilege,PCW,Comprehensive,Comprehensive,1,User,,Privilege_Comprehensive,DR,74150,320,000000,71041,208,CD000,00000,000,GWPC,0,0
2020-12-08T00:00:00.000+00:00,68558020,DLG_PREMIUM,GWPCGLPremium,GWPCGLPremium_20200415050702F126.xml,SUMMARISED,UKInsurance,2020-02-12T00:00:00.000+00:00,2021-02-11T00:00:00.000+00:00,Y,SUMMARISED,517951,55,300000002172889,1720.06,GBP,1720.06,Motor,Privilege,PCW,Comprehensive,Comprehensive,1,User,,Privilege_Comprehensive,CR,74151,320,SYS000,10000,208,CD000,PCW00,000,GWPC,0,0
2020-12-08T00:00:00.000+00:00,68558020,DLG_PREMIUM,GWPCGLPremium,GWPCGLPremium_20200415050702F126.xml,SUMMARISED,UKInsurance,2020-02-12T00:00:00.000+00:00,2021-02-11T00:00:00.000+00:00,Y,SUMMARISED,517951,56,300000002172889,206.4,GBP,206.4,Motor,Privilege,PCW,IPT,Comprehensive,1,User,,Privilege_Comprehensive,DR,74150,320,000000,71041,208,CD000,00000,000,GWPC,0,0
2020-12-08T00:00:00.000+00:00,68558020,DLG_PREMIUM,GWPCGLPremium,GWPCGLPremium_20200415050702F126.xml,SUMMARISED,UKInsurance,2020-02-12T00:00:00.000+00:00,2021-02-11T00:00:00.000+00:00,Y,SUMMARISED,517951,56,300000002172889,206.4,GBP,206.4,Motor,Privilege,PCW,IPT,Comprehensive,1,User,,Privilege_Comprehensive,CR,74152,320,000000,81500,208,CD000,00000,000,GWPC,0,0
2020-12-08T00:00:00.000+00:00,68558021,DLG_PREMIUM,GWPCGLPremium,GWPCGLPremium_20200415050702F126.xml,SUMMARISED,UKInsurance,2020-02-14T00:00:00.000+00:00,2021-02-13T00:00:00.000+00:00,Y,SUMMARISED,517952,57,300000002172889,1246.48,GBP,1246.48,Motor,Privilege,PCW,Comprehensive,Comprehensive,1,User,,Privilege_Comprehensive,DR,74150,320,000000,71041,208,CD000,00000,000,GWPC,0,0
2020-12-08T00:00:00.000+00:00,68558021,DLG_PREMIUM,GWPCGLPremium,GWPCGLPremium_20200415050702F126.xml,SUMMARISED,UKInsurance,2020-02-14T00:00:00.000+00:00,2021-02-13T00:00:00.000+00:00,Y,SUMMARISED,517952,57,300000002172889,1246.48,GBP,1246.48,Motor,Privilege,PCW,Comprehensive,Comprehensive,1,User,,Privilege_Comprehensive,CR,74151,320,SYS000,10000,208,CD000,PCW00,000,GWPC,0,0
2020-12-08T00:00:00.000+00:00,68558021,DLG_PREMIUM,GWPCGLPremium,GWPCGLPremium_20200415050702F126.xml,SUMMARISED,UKInsurance,2020-02-14T00:00:00.000+00:00,2021-02-13T00:00:00.000+00:00,Y,SUMMARISED,517952,58,300000002172889,149.56,GBP,149.56,Motor,Privilege,PCW,IPT,Comprehensive,1,User,,Privilege_Comprehensive,DR,74150,320,000000,71041,208,CD000,00000,000,GWPC,0,0
2020-12-08T00:00:00.000+00:00,68558021,DLG_PREMIUM,GWPCGLPremium,GWPCGLPremium_20200415050702F126.xml,SUMMARISED,UKInsurance,2020-02-14T00:00:00.000+00:00,2021-02-13T00:00:00.000+00:00,Y,SUMMARISED,517952,58,300000002172889,149.56,GBP,149.56,Motor,Privilege,PCW,IPT,Comprehensive,1,User,,Privilege_Comprehensive,CR,74152,320,000000,81500,208,CD000,00000,000,GWPC,0,0
2020-12-08T00:00:00.000+00:00,68558022,DLG_PREMIUM,GWPCGLPremium,GWPCGLPremium_20200415050702F126.xml,SUMMARISED,UKInsurance,2020-02-15T00:00:00.000+00:00,2021-02-14T00:00:00.000+00:00,Y,SUMMARISED,517953,59,300000002172889,2058.2,GBP,2058.2,Motor,Privilege,PCW,Comprehensive,Comprehensive,1,User,,Privilege_Comprehensive,DR,74150,320,000000,71041,208,CD000,00000,000,GWPC,0,0
2020-12-08T00:00:00.000+00:00,68558022,DLG_PREMIUM,GWPCGLPremium,GWPCGLPremium_20200415050702F126.xml,SUMMARISED,UKInsurance,2020-02-15T00:00:00.000+00:00,2021-02-14T00:00:00.000+00:00,Y,SUMMARISED,517953,59,300000002172889,2058.2,GBP,2058.2,Motor,Privilege,PCW,Comprehensive,Comprehensive,1,User,,Privilege_Comprehensive,CR,74151,320,SYS000,10000,208,CD000,PCW00,000,GWPC,0,0
2020-12-08T00:00:00.000+00:00,68558022,DLG_PREMIUM,GWPCGLPremium,GWPCGLPremium_20200415050702F126.xml,SUMMARISED,UKInsurance,2020-02-15T00:00:00.000+00:00,2021-02-14T00:00:00.000+00:00,Y,SUMMARISED,517953,60,300000002172889,234.76,GBP,234.76,Motor,Privilege,PCW,IPT,Comprehensive,1,User,,Privilege_Comprehensive,DR,74150,320,000000,71041,208,CD000,00000,000,GWPC,0,0
2020-12-08T00:00:00.000+00:00,68558022,DLG_PREMIUM,GWPCGLPremium,GWPCGLPremium_20200415050702F126.xml,SUMMARISED,UKInsurance,2020-02-15T00:00:00.000+00:00,2021-02-14T00:00:00.000+00:00,Y,SUMMARISED,517953,60,300000002172889,234.76,GBP,234.76,Motor,Privilege,PCW,IPT,Comprehensive,1,User,,Privilege_Comprehensive,CR,74152,320,000000,81500,208,CD000,00000,000,GWPC,0,0
2020-12-08T00:00:00.000+00:00,68558022,DLG_PREMIUM,GWPCGLPremium,GWPCGLPremium_20200415050702F126.xml,SUMMARISED,UKInsurance,2020-02-15T00:00:00.000+00:00,2021-02-14T00:00:00.000+00:00,Y,SUMMARISED,517953,61,300000002172889,-101.95,GBP,-101.95,Motor,Privilege,PCW,MOTNoClaimDiscCov,Comprehensive,1,User,,Privilege_Comprehensive,DR,74150,320,000000,71041,208,CD000,00000,000,GWPC,0,0
2020-12-08T00:00:00.000+00:00,68558022,DLG_PREMIUM,GWPCGLPremium,GWPCGLPremium_20200415050702F126.xml,SUMMARISED,UKInsurance,2020-02-15T00:00:00.000+00:00,2021-02-14T00:00:00.000+00:00,Y,SUMMARISED,517953,61,300000002172889,-101.95,GBP,-101.95,Motor,Privilege,PCW,MOTNoClaimDiscCov,Comprehensive,1,User,,Privilege_Comprehensive,CR,74151,320,SYS000,10000,208,CD000,PCW00,000,GWPC,0,0
2020-12-08T00:00:00.000+00:00,68558023,DLG_PREMIUM,GWPCGLPremium,GWPCGLPremium_20200415050702F126.xml,SUMMARISED,UKInsurance,2020-02-16T00:00:00.000+00:00,2021-02-15T00:00:00.000+00:00,Y,SUMMARISED,517954,62,300000002172889,660.28,GBP,660.28,Motor,Privilege,PCW,Comprehensive,Comprehensive,1,User,,Privilege_Comprehensive,DR,74150,320,000000,71041,208,CD000,00000,000,GWPC,0,0
2020-12-08T00:00:00.000+00:00,68558023,DLG_PREMIUM,GWPCGLPremium,GWPCGLPremium_20200415050702F126.xml,SUMMARISED,UKInsurance,2020-02-16T00:00:00.000+00:00,2021-02-15T00:00:00.000+00:00,Y,SUMMARISED,517954,62,300000002172889,660.28,GBP,660.28,Motor,Privilege,PCW,Comprehensive,Comprehensive,1,User,,Privilege_Comprehensive,CR,74151,320,SYS000,10000,208,CD000,PCW00,000,GWPC,0,0
2020-12-08T00:00:00.000+00:00,68558023,DLG_PREMIUM,GWPCGLPremium,GWPCGLPremium_20200415050702F126.xml,SUMMARISED,UKInsurance,2020-02-16T00:00:00.000+00:00,2021-02-15T00:00:00.000+00:00,Y,SUMMARISED,517954,63,300000002172889,79.24,GBP,79.24,Motor,Privilege,PCW,IPT,Comprehensive,1,User,,Privilege_Comprehensive,DR,74150,320,000000,71041,208,CD000,00000,000,GWPC,0,0
2020-12-08T00:00:00.000+00:00,68558023,DLG_PREMIUM,GWPCGLPremium,GWPCGLPremium_20200415050702F126.xml,SUMMARISED,UKInsurance,2020-02-16T00:00:00.000+00:00,2021-02-15T00:00:00.000+00:00,Y,SUMMARISED,517954,63,300000002172889,79.24,GBP,79.24,Motor,Privilege,PCW,IPT,Comprehensive,1,User,,Privilege_Comprehensive,CR,74152,320,000000,81500,208,CD000,00000,000,GWPC,0,0
2020-12-08T00:00:00.000+00:00,68558024,DLG_PREMIUM,GWPCGLPremium,GWPCGLPremium_20200415050702F126.xml,SUMMARISED,UKInsurance,2020-02-17T00:00:00.000+00:00,2021-02-16T00:00:00.000+00:00,Y,SUMMARISED,517955,64,300000002172889,1446.24,GBP,1446.24,Motor,Privilege,PCW,Comprehensive,Comprehensive,1,User,,Privilege_Comprehensive,DR,74150,320,000000,71041,208,CD000,00000,000,GWPC,0,0
2020-12-08T00:00:00.000+00:00,68558024,DLG_PREMIUM,GWPCGLPremium,GWPCGLPremium_20200415050702F126.xml,SUMMARISED,UKInsurance,2020-02-17T00:00:00.000+00:00,2021-02-16T00:00:00.000+00:00,Y,SUMMARISED,517955,64,300000002172889,1446.24,GBP,1446.24,Motor,Privilege,PCW,Comprehensive,Comprehensive,1,User,,Privilege_Comprehensive,CR,74151,320,SYS000,10000,208,CD000,PCW00,000,GWPC,0,0
2020-12-08T00:00:00.000+00:00,68558024,DLG_PREMIUM,GWPCGLPremium,GWPCGLPremium_20200415050702F126.xml,SUMMARISED,UKInsurance,2020-02-17T00:00:00.000+00:00,2021-02-16T00:00:00.000+00:00,Y,SUMMARISED,517955,65,300000002172889,173.54,GBP,173.54,Motor,Privilege,PCW,IPT,Comprehensive,1,User,,Privilege_Comprehensive,DR,74150,320,000000,71041,208,CD000,00000,000,GWPC,0,0
2020-12-08T00:00:00.000+00:00,68558024,DLG_PREMIUM,GWPCGLPremium,GWPCGLPremium_20200415050702F126.xml,SUMMARISED,UKInsurance,2020-02-17T00:00:00.000+00:00,2021-02-16T00:00:00.000+00:00,Y,SUMMARISED,517955,65,300000002172889,173.54,GBP,173.54,Motor,Privilege,PCW,IPT,Comprehensive,1,User,,Privilege_Comprehensive,CR,74152,320,000000,81500,208,CD000,00000,000,GWPC,0,0
2020-12-08T00:00:00.000+00:00,68558025,DLG_PREMIUM,GWPCGLPremium,GWPCGLPremium_20200415050702F126.xml,SUMMARISED,UKInsurance,2020-02-18T00:00:00.000+00:00,2021-02-17T00:00:00.000+00:00,Y,SUMMARISED,517956,66,300000002172889,925.67,GBP,925.67,Motor,Privilege,PCW,Comprehensive,Comprehensive,1,User,,Privilege_Comprehensive,DR,74150,320,000000,71041,208,CD000,00000,000,GWPC,0,0
2020-12-08T00:00:00.000+00:00,68558025,DLG_PREMIUM,GWPCGLPremium,GWPCGLPremium_20200415050702F126.xml,SUMMARISED,UKInsurance,2020-02-18T00:00:00.000+00:00,2021-02-17T00:00:00.000+00:00,Y,SUMMARISED,517956,66,300000002172889,925.67,GBP,925.67,Motor,Privilege,PCW,Comprehensive,Comprehensive,1,User,,Privilege_Comprehensive,CR,74151,320,SYS000,10000,208,CD000,PCW00,000,GWPC,0,0
2020-12-08T00:00:00.000+00:00,68558025,DLG_PREMIUM,GWPCGLPremium,GWPCGLPremium_20200415050702F126.xml,SUMMARISED,UKInsurance,2020-02-18T00:00:00.000+00:00,2021-02-17T00:00:00.000+00:00,Y,SUMMARISED,517956,67,300000002172889,111.08,GBP,111.08,Motor,Privilege,PCW,IPT,Comprehensive,1,User,,Privilege_Comprehensive,DR,74150,320,000000,71041,208,CD000,00000,000,GWPC,0,0
2020-12-08T00:00:00.000+00:00,68558025,DLG_PREMIUM,GWPCGLPremium,GWPCGLPremium_20200415050702F126.xml,SUMMARISED,UKInsurance,2020-02-18T00:00:00.000+00:00,2021-02-17T00:00:00.000+00:00,Y,SUMMARISED,517956,67,300000002172889,111.08,GBP,111.08,Motor,Privilege,PCW,IPT,Comprehensive,1,User,,Privilege_Comprehensive,CR,74152,320,000000,81500,208,CD000,00000,000,GWPC,0,0
2020-12-08T00:00:00.000+00:00,68558026,DLG_PREMIUM,GWPCGLPremium,GWPCGLPremium_20200415050702F126.xml,SUMMARISED,UKInsurance,2020-02-19T00:00:00.000+00:00,2021-02-18T00:00:00.000+00:00,N,SUMMARISED,517957,68,300000002172889,81.73,GBP,81.73,Motor,Privilege,PCW,Comprehensive,Comprehensive,1,User,,Privilege_Comprehensive,DR,74150,320,000000,71041,208,CD000,00000,000,GWPC,0,0
2020-12-08T00:00:00.000+00:00,68558026,DLG_PREMIUM,GWPCGLPremium,GWPCGLPremium_20200415050702F126.xml,SUMMARISED,UKInsurance,2020-02-19T00:00:00.000+00:00,2021-02-18T00:00:00.000+00:00,N,SUMMARISED,517957,68,300000002172889,81.73,GBP,81.73,Motor,Privilege,PCW,Comprehensive,Comprehensive,1,User,,Privilege_Comprehensive,CR,74151,320,SYS000,10000,208,CD000,PCW00,000,GWPC,0,0
2020-12-08T00:00:00.000+00:00,68558026,DLG_PREMIUM,GWPCGLPremium,GWPCGLPremium_20200415050702F126.xml,SUMMARISED,UKInsurance,2020-02-19T00:00:00.000+00:00,2021-02-18T00:00:00.000+00:00,N,SUMMARISED,517957,69,300000002172889,7.66,GBP,7.66,Motor,Privilege,PCW,IPT,Comprehensive,1,User,,Privilege_Comprehensive,DR,74150,320,000000,71041,208,CD000,00000,000,GWPC,0,0
2020-12-08T00:00:00.000+00:00,68558026,DLG_PREMIUM,GWPCGLPremium,GWPCGLPremium_20200415050702F126.xml,SUMMARISED,UKInsurance,2020-02-19T00:00:00.000+00:00,2021-02-18T00:00:00.000+00:00,N,SUMMARISED,517957,69,300000002172889,7.66,GBP,7.66,Motor,Privilege,PCW,IPT,Comprehensive,1,User,,Privilege_Comprehensive,CR,74152,320,000000,81500,208,CD000,00000,000,GWPC,0,0
2020-12-08T00:00:00.000+00:00,68558026,DLG_PREMIUM,GWPCGLPremium,GWPCGLPremium_20200415050702F126.xml,SUMMARISED,UKInsurance,2020-02-19T00:00:00.000+00:00,2021-02-18T00:00:00.000+00:00,N,SUMMARISED,517957,70,300000002172889,-17.98,GBP,-17.98,Motor,Privilege,PCW,MOTNoClaimDiscCov,Comprehensive,1,User,,Privilege_Comprehensive,DR,74150,320,000000,71041,208,CD000,00000,000,GWPC,0,0
2020-12-08T00:00:00.000+00:00,68558026,DLG_PREMIUM,GWPCGLPremium,GWPCGLPremium_20200415050702F126.xml,SUMMARISED,UKInsurance,2020-02-19T00:00:00.000+00:00,2021-02-18T00:00:00.000+00:00,N,SUMMARISED,517957,70,300000002172889,-17.98,GBP,-17.98,Motor,Privilege,PCW,MOTNoClaimDiscCov,Comprehensive,1,User,,Privilege_Comprehensive,CR,74151,320,SYS000,10000,208,CD000,PCW00,000,GWPC,0,0
2020-12-08T00:00:00.000+00:00,68558027,DLG_PREMIUM,GWPCGLPremium,GWPCGLPremium_20200415050702F126.xml,SUMMARISED,UKInsurance,2020-04-15T00:00:00.000+00:00,2021-04-14T00:00:00.000+00:00,N,SUMMARISED,517958,71,300000002172889,952.95,GBP,952.95,Motor,Privilege,Digital,compplus,ComprehensivePlus,1,User,,Privilege_ComprehensivePlus,DR,74150,320,000000,71041,208,CD000,00000,000,GWPC,0,0
2020-12-08T00:00:00.000+00:00,68558027,DLG_PREMIUM,GWPCGLPremium,GWPCGLPremium_20200415050702F126.xml,SUMMARISED,UKInsurance,2020-04-15T00:00:00.000+00:00,2021-04-14T00:00:00.000+00:00,N,SUMMARISED,517958,71,300000002172889,952.95,GBP,952.95,Motor,Privilege,Digital,compplus,ComprehensivePlus,1,User,,Privilege_ComprehensivePlus,CR,74172,320,SYS000,10000,208,CD00E,WEB00,000,GWPC,0,0
2020-12-08T00:00:00.000+00:00,68558027,DLG_PREMIUM,GWPCGLPremium,GWPCGLPremium_20200415050702F126.xml,SUMMARISED,UKInsurance,2020-04-15T00:00:00.000+00:00,2021-04-14T00:00:00.000+00:00,N,SUMMARISED,517958,72,300000002172889,125.22,GBP,125.22,Motor,Privilege,Digital,IPT,ComprehensivePlus,1,User,,Privilege_ComprehensivePlus,DR,74150,320,000000,71041,208,CD000,00000,000,GWPC,0,0
2020-12-08T00:00:00.000+00:00,68558027,DLG_PREMIUM,GWPCGLPremium,GWPCGLPremium_20200415050702F126.xml,SUMMARISED,UKInsurance,2020-04-15T00:00:00.000+00:00,2021-04-14T00:00:00.000+00:00,N,SUMMARISED,517958,72,300000002172889,125.22,GBP,125.22,Motor,Privilege,Digital,IPT,ComprehensivePlus,1,User,,Privilege_ComprehensivePlus,CR,74165,320,000000,81500,208,CD00E,00000,000,GWPC,0,0
2020-12-08T00:00:00.000+00:00,68558027,DLG_PREMIUM,GWPCGLPremium,GWPCGLPremium_20200415050702F126.xml,SUMMARISED,UKInsurance,2020-04-15T00:00:00.000+00:00,2021-04-14T00:00:00.000+00:00,N,SUMMARISED,517958,73,300000002172889,18,GBP,18,Motor,Privilege,Digital,MOTGuaranteedHireCarPlusCov,ComprehensivePlus,1,User,,Privilege_ComprehensivePlus,DR,74150,320,000000,71041,208,CD000,00000,000,GWPC,0,0
2020-12-08T00:00:00.000+00:00,68558027,DLG_PREMIUM,GWPCGLPremium,GWPCGLPremium_20200415050702F126.xml,SUMMARISED,UKInsurance,2020-04-15T00:00:00.000+00:00,2021-04-14T00:00:00.000+00:00,N,SUMMARISED,517958,73,300000002172889,18,GBP,18,Motor,Privilege,Digital,MOTGuaranteedHireCarPlusCov,ComprehensivePlus,1,User,,Privilege_ComprehensivePlus,CR,74173,320,SYS000,10000,216,CD00E,WEB00,000,GWPC,0,0
2020-12-08T00:00:00.000+00:00,68558027,DLG_PREMIUM,GWPCGLPremium,GWPCGLPremium_20200415050702F126.xml,SUMMARISED,UKInsurance,2020-04-15T00:00:00.000+00:00,2021-04-14T00:00:00.000+00:00,N,SUMMARISED,517958,74,300000002172889,25,GBP,25,Motor,Privilege,Digital,MOTLegalCoverCov,ComprehensivePlus,1,User,,Privilege_ComprehensivePlus,DR,74150,320,000000,71041,208,CD000,00000,000,GWPC,0,0
2020-12-08T00:00:00.000+00:00,68558027,DLG_PREMIUM,GWPCGLPremium,GWPCGLPremium_20200415050702F126.xml,SUMMARISED,UKInsurance,2020-04-15T00:00:00.000+00:00,2021-04-14T00:00:00.000+00:00,N,SUMMARISED,517958,74,300000002172889,25,GBP,25,Motor,Privilege,Digital,MOTLegalCoverCov,ComprehensivePlus,1,User,,Privilege_ComprehensivePlus,CR,74174,320,SYS000,10000,831,CD00E,WEB00,000,GWPC,0,0
2020-12-08T00:00:00.000+00:00,68558027,DLG_PREMIUM,GWPCGLPremium,GWPCGLPremium_20200415050702F126.xml,SUMMARISED,UKInsurance,2020-04-15T00:00:00.000+00:00,2021-04-14T00:00:00.000+00:00,N,SUMMARISED,517958,75,300000002172889,47.64,GBP,47.64,Motor,Privilege,Digital,MOTNoClaimDiscCov,ComprehensivePlus,1,User,,Privilege_ComprehensivePlus,DR,74150,320,000000,71041,208,CD000,00000,000,GWPC,0,0
2020-12-08T00:00:00.000+00:00,68558027,DLG_PREMIUM,GWPCGLPremium,GWPCGLPremium_20200415050702F126.xml,SUMMARISED,UKInsurance,2020-04-15T00:00:00.000+00:00,2021-04-14T00:00:00.000+00:00,N,SUMMARISED,517958,75,300000002172889,47.64,GBP,47.64,Motor,Privilege,Digital,MOTNoClaimDiscCov,ComprehensivePlus,1,User,,Privilege_ComprehensivePlus,CR,74172,320,SYS000,10000,208,CD00E,WEB00,000,GWPC,0,0
2020-12-08T00:00:00.000+00:00,68558028,DLG_PREMIUM,GWPCGLPremium,GWPCGLPremium_20200415050702F126.xml,SUMMARISED,UKInsurance,2020-04-14T00:00:00.000+00:00,2021-02-17T00:00:00.000+00:00,N,SUMMARISED,517959,76,300000002172889,-2608.13,GBP,-2608.13,Motor,Privilege,PCW,compplus,ComprehensivePlus,1,User,,Privilege_ComprehensivePlus,DR,74150,320,000000,71041,208,CD000,00000,000,GWPC,0,0
2020-12-08T00:00:00.000+00:00,68558028,DLG_PREMIUM,GWPCGLPremium,GWPCGLPremium_20200415050702F126.xml,SUMMARISED,UKInsurance,2020-04-14T00:00:00.000+00:00,2021-02-17T00:00:00.000+00:00,N,SUMMARISED,517959,76,300000002172889,-2608.13,GBP,-2608.13,Motor,Privilege,PCW,compplus,ComprehensivePlus,1,User,,Privilege_ComprehensivePlus,CR,74164,320,SYS000,10000,208,CD00E,PCW00,000,GWPC,0,0
2020-12-08T00:00:00.000+00:00,68558028,DLG_PREMIUM,GWPCGLPremium,GWPCGLPremium_20200415050702F126.xml,SUMMARISED,UKInsurance,2020-04-14T00:00:00.000+00:00,2021-02-17T00:00:00.000+00:00,N,SUMMARISED,517959,77,300000002172889,-66.37,GBP,-66.37,Motor,Privilege,PCW,fulluk,ComprehensivePlus,1,User,,Privilege_ComprehensivePlus,DR,74150,320,000000,71041,208,CD000,00000,000,GWPC,0,0
2020-12-08T00:00:00.000+00:00,68558028,DLG_PREMIUM,GWPCGLPremium,GWPCGLPremium_20200415050702F126.xml,SUMMARISED,UKInsurance,2020-04-14T00:00:00.000+00:00,2021-02-17T00:00:00.000+00:00,N,SUMMARISED,517959,77,300000002172889,-66.37,GBP,-66.37,Motor,Privilege,PCW,fulluk,ComprehensivePlus,1,User,,Privilege_ComprehensivePlus,CR,74168,320,SYS000,10000,841,CD00E,PCW00,000,GWPC,0,0
2020-12-08T00:00:00.000+00:00,68558028,DLG_PREMIUM,GWPCGLPremium,GWPCGLPremium_20200415050702F126.xml,SUMMARISED,UKInsurance,2020-04-14T00:00:00.000+00:00,2021-02-17T00:00:00.000+00:00,N,SUMMARISED,517959,78,300000002172889,-336.08,GBP,-336.08,Motor,Privilege,PCW,IPT,ComprehensivePlus,1,User,,Privilege_ComprehensivePlus,DR,74150,320,000000,71041,208,CD000,00000,000,GWPC,0,0
2020-12-08T00:00:00.000+00:00,68558028,DLG_PREMIUM,GWPCGLPremium,GWPCGLPremium_20200415050702F126.xml,SUMMARISED,UKInsurance,2020-04-14T00:00:00.000+00:00,2021-02-17T00:00:00.000+00:00,N,SUMMARISED,517959,78,300000002172889,-336.08,GBP,-336.08,Motor,Privilege,PCW,IPT,ComprehensivePlus,1,User,,Privilege_ComprehensivePlus,CR,74165,320,000000,81500,208,CD00E,00000,000,GWPC,0,0
2020-12-08T00:00:00.000+00:00,68558028,DLG_PREMIUM,GWPCGLPremium,GWPCGLPremium_20200415050702F126.xml,SUMMARISED,UKInsurance,2020-04-14T00:00:00.000+00:00,2021-02-17T00:00:00.000+00:00,N,SUMMARISED,517959,79,300000002172889,-30.4,GBP,-30.4,Motor,Privilege,PCW,MOTGuaranteedHireCarPlusCov,ComprehensivePlus,1,User,,Privilege_ComprehensivePlus,DR,74150,320,000000,71041,208,CD000,00000,000,GWPC,0,0
2020-12-08T00:00:00.000+00:00,68558028,DLG_PREMIUM,GWPCGLPremium,GWPCGLPremium_20200415050702F126.xml,SUMMARISED,UKInsurance,2020-04-14T00:00:00.000+00:00,2021-02-17T00:00:00.000+00:00,N,SUMMARISED,517959,79,300000002172889,-30.4,GBP,-30.4,Motor,Privilege,PCW,MOTGuaranteedHireCarPlusCov,ComprehensivePlus,1,User,,Privilege_ComprehensivePlus,CR,74166,320,SYS000,10000,216,CD00E,PCW00,000,GWPC,0,0
2020-12-08T00:00:00.000+00:00,68558028,DLG_PREMIUM,GWPCGLPremium,GWPCGLPremium_20200415050702F126.xml,SUMMARISED,UKInsurance,2020-04-14T00:00:00.000+00:00,2021-02-17T00:00:00.000+00:00,N,SUMMARISED,517959,80,300000002172889,-42.22,GBP,-42.22,Motor,Privilege,PCW,MOTLegalCoverCov,ComprehensivePlus,1,User,,Privilege_ComprehensivePlus,DR,74150,320,000000,71041,208,CD000,00000,000,GWPC,0,0
2020-12-08T00:00:00.000+00:00,68558028,DLG_PREMIUM,GWPCGLPremium,GWPCGLPremium_20200415050702F126.xml,SUMMARISED,UKInsurance,2020-04-14T00:00:00.000+00:00,2021-02-17T00:00:00.000+00:00,N,SUMMARISED,517959,80,300000002172889,-42.22,GBP,-42.22,Motor,Privilege,PCW,MOTLegalCoverCov,ComprehensivePlus,1,User,,Privilege_ComprehensivePlus,CR,74167,320,SYS000,10000,831,CD00E,PCW00,000,GWPC,0,0
2020-12-08T00:00:00.000+00:00,68558028,DLG_PREMIUM,GWPCGLPremium,GWPCGLPremium_20200415050702F126.xml,SUMMARISED,UKInsurance,2020-04-14T00:00:00.000+00:00,2021-02-17T00:00:00.000+00:00,N,SUMMARISED,517959,81,300000002172889,-53.2,GBP,-53.2,Motor,Privilege,PCW,MOTNoClaimDiscCov,ComprehensivePlus,1,User,,Privilege_ComprehensivePlus,DR,74150,320,000000,71041,208,CD000,00000,000,GWPC,0,0
2020-12-08T00:00:00.000+00:00,68558028,DLG_PREMIUM,GWPCGLPremium,GWPCGLPremium_20200415050702F126.xml,SUMMARISED,UKInsurance,2020-04-14T00:00:00.000+00:00,2021-02-17T00:00:00.000+00:00,N,SUMMARISED,517959,81,300000002172889,-53.2,GBP,-53.2,Motor,Privilege,PCW,MOTNoClaimDiscCov,ComprehensivePlus,1,User,,Privilege_ComprehensivePlus,CR,74164,320,SYS000,10000,208,CD00E,PCW00,000,GWPC,0,0
2020-12-08T00:00:00.000+00:00,68558029,DLG_PREMIUM,GWPCGLPremium,GWPCGLPremium_20200415050702F126.xml,SUMMARISED,UKInsurance,2020-04-14T00:00:00.000+00:00,2021-04-13T00:00:00.000+00:00,N,SUMMARISED,517960,82,300000002172889,495.25,GBP,495.25,Motor,Privilege,PCW,compplus,ComprehensivePlus,1,User,,Privilege_ComprehensivePlus,DR,74150,320,000000,71041,208,CD000,00000,000,GWPC,0,0
2020-12-08T00:00:00.000+00:00,68558029,DLG_PREMIUM,GWPCGLPremium,GWPCGLPremium_20200415050702F126.xml,SUMMARISED,UKInsurance,2020-04-14T00:00:00.000+00:00,2021-04-13T00:00:00.000+00:00,N,SUMMARISED,517960,82,300000002172889,495.25,GBP,495.25,Motor,Privilege,PCW,compplus,ComprehensivePlus,1,User,,Privilege_ComprehensivePlus,CR,74164,320,SYS000,10000,208,CD00E,PCW00,000,GWPC,0,0
2020-12-08T00:00:00.000+00:00,68558029,DLG_PREMIUM,GWPCGLPremium,GWPCGLPremium_20200415050702F126.xml,SUMMARISED,UKInsurance,2020-04-14T00:00:00.000+00:00,2021-04-13T00:00:00.000+00:00,N,SUMMARISED,517960,83,300000002172889,67.56,GBP,67.56,Motor,Privilege,PCW,IPT,ComprehensivePlus,1,User,,Privilege_ComprehensivePlus,DR,74150,320,000000,71041,208,CD000,00000,000,GWPC,0,0
2020-12-08T00:00:00.000+00:00,68558029,DLG_PREMIUM,GWPCGLPremium,GWPCGLPremium_20200415050702F126.xml,SUMMARISED,UKInsurance,2020-04-14T00:00:00.000+00:00,2021-04-13T00:00:00.000+00:00,N,SUMMARISED,517960,83,300000002172889,67.56,GBP,67.56,Motor,Privilege,PCW,IPT,ComprehensivePlus,1,User,,Privilege_ComprehensivePlus,CR,74165,320,000000,81500,208,CD00E,00000,000,GWPC,0,0
2020-12-08T00:00:00.000+00:00,68558029,DLG_PREMIUM,GWPCGLPremium,GWPCGLPremium_20200415050702F126.xml,SUMMARISED,UKInsurance,2020-04-14T00:00:00.000+00:00,2021-04-13T00:00:00.000+00:00,N,SUMMARISED,517960,84,300000002172889,18,GBP,18,Motor,Privilege,PCW,MOTGuaranteedHireCarPlusCov,ComprehensivePlus,1,User,,Privilege_ComprehensivePlus,DR,74150,320,000000,71041,208,CD000,00000,000,GWPC,0,0
2020-12-08T00:00:00.000+00:00,68558029,DLG_PREMIUM,GWPCGLPremium,GWPCGLPremium_20200415050702F126.xml,SUMMARISED,UKInsurance,2020-04-14T00:00:00.000+00:00,2021-04-13T00:00:00.000+00:00,N,SUMMARISED,517960,84,300000002172889,18,GBP,18,Motor,Privilege,PCW,MOTGuaranteedHireCarPlusCov,ComprehensivePlus,1,User,,Privilege_ComprehensivePlus,CR,74166,320,SYS000,10000,216,CD00E,PCW00,000,GWPC,0,0
2020-12-08T00:00:00.000+00:00,68558029,DLG_PREMIUM,GWPCGLPremium,GWPCGLPremium_20200415050702F126.xml,SUMMARISED,UKInsurance,2020-04-14T00:00:00.000+00:00,2021-04-13T00:00:00.000+00:00,N,SUMMARISED,517960,85,300000002172889,25,GBP,25,Motor,Privilege,PCW,MOTLegalCoverCov,ComprehensivePlus,1,User,,Privilege_ComprehensivePlus,DR,74150,320,000000,71041,208,CD000,00000,000,GWPC,0,0
2020-12-08T00:00:00.000+00:00,68558029,DLG_PREMIUM,GWPCGLPremium,GWPCGLPremium_20200415050702F126.xml,SUMMARISED,UKInsurance,2020-04-14T00:00:00.000+00:00,2021-04-13T00:00:00.000+00:00,N,SUMMARISED,517960,85,300000002172889,25,GBP,25,Motor,Privilege,PCW,MOTLegalCoverCov,ComprehensivePlus,1,User,,Privilege_ComprehensivePlus,CR,74167,320,SYS000,10000,831,CD00E,PCW00,000,GWPC,0,0
2020-12-08T00:00:00.000+00:00,68558029,DLG_PREMIUM,GWPCGLPremium,GWPCGLPremium_20200415050702F126.xml,SUMMARISED,UKInsurance,2020-04-14T00:00:00.000+00:00,2021-04-13T00:00:00.000+00:00,N,SUMMARISED,517960,86,300000002172889,24.76,GBP,24.76,Motor,Privilege,PCW,MOTNoClaimDiscCov,ComprehensivePlus,1,User,,Privilege_ComprehensivePlus,DR,74150,320,000000,71041,208,CD000,00000,000,GWPC,0,0
2020-12-08T00:00:00.000+00:00,68558029,DLG_PREMIUM,GWPCGLPremium,GWPCGLPremium_20200415050702F126.xml,SUMMARISED,UKInsurance,2020-04-14T00:00:00.000+00:00,2021-04-13T00:00:00.000+00:00,N,SUMMARISED,517960,86,300000002172889,24.76,GBP,24.76,Motor,Privilege,PCW,MOTNoClaimDiscCov,ComprehensivePlus,1,User,,Privilege_ComprehensivePlus,CR,74164,320,SYS000,10000,208,CD00E,PCW00,000,GWPC,0,0
2020-12-08T00:00:00.000+00:00,68558030,DLG_PREMIUM,GWPCGLPremium,GWPCGLPremium_20200415050702F126.xml,SUMMARISED,UKInsurance,2020-04-15T00:00:00.000+00:00,2021-04-14T00:00:00.000+00:00,N,SUMMARISED,517961,87,300000002172889,572.5,GBP,572.5,Motor,Privilege,PCW,compplus,ComprehensivePlus,1,User,,Privilege_ComprehensivePlus,DR,74150,320,000000,71041,208,CD000,00000,000,GWPC,0,0
2020-12-08T00:00:00.000+00:00,68558030,DLG_PREMIUM,GWPCGLPremium,GWPCGLPremium_20200415050702F126.xml,SUMMARISED,UKInsurance,2020-04-15T00:00:00.000+00:00,2021-04-14T00:00:00.000+00:00,N,SUMMARISED,517961,87,300000002172889,572.5,GBP,572.5,Motor,Privilege,PCW,compplus,ComprehensivePlus,1,User,,Privilege_ComprehensivePlus,CR,74164,320,SYS000,10000,208,CD00E,PCW00,000,GWPC,0,0
2020-12-08T00:00:00.000+00:00,68558030,DLG_PREMIUM,GWPCGLPremium,GWPCGLPremium_20200415050702F126.xml,SUMMARISED,UKInsurance,2020-04-15T00:00:00.000+00:00,2021-04-14T00:00:00.000+00:00,N,SUMMARISED,517961,88,300000002172889,77.29,GBP,77.29,Motor,Privilege,PCW,IPT,ComprehensivePlus,1,User,,Privilege_ComprehensivePlus,DR,74150,320,000000,71041,208,CD000,00000,000,GWPC,0,0
2020-12-08T00:00:00.000+00:00,68558030,DLG_PREMIUM,GWPCGLPremium,GWPCGLPremium_20200415050702F126.xml,SUMMARISED,UKInsurance,2020-04-15T00:00:00.000+00:00,2021-04-14T00:00:00.000+00:00,N,SUMMARISED,517961,88,300000002172889,77.29,GBP,77.29,Motor,Privilege,PCW,IPT,ComprehensivePlus,1,User,,Privilege_ComprehensivePlus,CR,74165,320,000000,81500,208,CD00E,00000,000,GWPC,0,0
2020-12-08T00:00:00.000+00:00,68558030,DLG_PREMIUM,GWPCGLPremium,GWPCGLPremium_20200415050702F126.xml,SUMMARISED,UKInsurance,2020-04-15T00:00:00.000+00:00,2021-04-14T00:00:00.000+00:00,N,SUMMARISED,517961,89,300000002172889,18,GBP,18,Motor,Privilege,PCW,MOTGuaranteedHireCarPlusCov,ComprehensivePlus,1,User,,Privilege_ComprehensivePlus,DR,74150,320,000000,71041,208,CD000,00000,000,GWPC,0,0
2020-12-08T00:00:00.000+00:00,68558030,DLG_PREMIUM,GWPCGLPremium,GWPCGLPremium_20200415050702F126.xml,SUMMARISED,UKInsurance,2020-04-15T00:00:00.000+00:00,2021-04-14T00:00:00.000+00:00,N,SUMMARISED,517961,89,300000002172889,18,GBP,18,Motor,Privilege,PCW,MOTGuaranteedHireCarPlusCov,ComprehensivePlus,1,User,,Privilege_ComprehensivePlus,CR,74166,320,SYS000,10000,216,CD00E,PCW00,000,GWPC,0,0
2020-12-08T00:00:00.000+00:00,68558030,DLG_PREMIUM,GWPCGLPremium,GWPCGLPremium_20200415050702F126.xml,SUMMARISED,UKInsurance,2020-04-15T00:00:00.000+00:00,2021-04-14T00:00:00.000+00:00,N,SUMMARISED,517961,90,300000002172889,25,GBP,25,Motor,Privilege,PCW,MOTLegalCoverCov,ComprehensivePlus,1,User,,Privilege_ComprehensivePlus,DR,74150,320,000000,71041,208,CD000,00000,000,GWPC,0,0
2020-12-08T00:00:00.000+00:00,68558030,DLG_PREMIUM,GWPCGLPremium,GWPCGLPremium_20200415050702F126.xml,SUMMARISED,UKInsurance,2020-04-15T00:00:00.000+00:00,2021-04-14T00:00:00.000+00:00,N,SUMMARISED,517961,90,300000002172889,25,GBP,25,Motor,Privilege,PCW,MOTLegalCoverCov,ComprehensivePlus,1,User,,Privilege_ComprehensivePlus,CR,74167,320,SYS000,10000,831,CD00E,PCW00,000,GWPC,0,0
2020-12-08T00:00:00.000+00:00,68558030,DLG_PREMIUM,GWPCGLPremium,GWPCGLPremium_20200415050702F126.xml,SUMMARISED,UKInsurance,2020-04-15T00:00:00.000+00:00,2021-04-14T00:00:00.000+00:00,N,SUMMARISED,517961,91,300000002172889,28.62,GBP,28.62,Motor,Privilege,PCW,MOTNoClaimDiscCov,ComprehensivePlus,1,User,,Privilege_ComprehensivePlus,DR,74150,320,000000,71041,208,CD000,00000,000,GWPC,0,0
2020-12-08T00:00:00.000+00:00,68558030,DLG_PREMIUM,GWPCGLPremium,GWPCGLPremium_20200415050702F126.xml,SUMMARISED,UKInsurance,2020-04-15T00:00:00.000+00:00,2021-04-14T00:00:00.000+00:00,N,SUMMARISED,517961,91,300000002172889,28.62,GBP,28.62,Motor,Privilege,PCW,MOTNoClaimDiscCov,ComprehensivePlus,1,User,,Privilege_ComprehensivePlus,CR,74164,320,SYS000,10000,208,CD00E,PCW00,000,GWPC,0,0
2020-12-08T00:00:00.000+00:00,68558031,DLG_PREMIUM,GWPCGLPremium,GWPCGLPremium_20200415050702F126.xml,SUMMARISED,UKInsurance,2020-04-20T00:00:00.000+00:00,2021-04-19T00:00:00.000+00:00,N,SUMMARISED,517962,92,300000002172889,894.27,GBP,894.27,Motor,Privilege,PCW,compplus,ComprehensivePlus,1,User,,Privilege_ComprehensivePlus,DR,74150,320,000000,71041,208,CD000,00000,000,GWPC,0,0
2020-12-08T00:00:00.000+00:00,68558031,DLG_PREMIUM,GWPCGLPremium,GWPCGLPremium_20200415050702F126.xml,SUMMARISED,UKInsurance,2020-04-20T00:00:00.000+00:00,2021-04-19T00:00:00.000+00:00,N,SUMMARISED,517962,92,300000002172889,894.27,GBP,894.27,Motor,Privilege,PCW,compplus,ComprehensivePlus,1,User,,Privilege_ComprehensivePlus,CR,74164,320,SYS000,10000,208,CD00E,PCW00,000,GWPC,0,0
2020-12-08T00:00:00.000+00:00,68558031,DLG_PREMIUM,GWPCGLPremium,GWPCGLPremium_20200415050702F126.xml,SUMMARISED,UKInsurance,2020-04-20T00:00:00.000+00:00,2021-04-19T00:00:00.000+00:00,N,SUMMARISED,517962,93,300000002172889,131.46,GBP,131.46,Motor,Privilege,PCW,IPT,ComprehensivePlus,1,User,,Privilege_ComprehensivePlus,DR,74150,320,000000,71041,208,CD000,00000,000,GWPC,0,0
2020-12-08T00:00:00.000+00:00,68558031,DLG_PREMIUM,GWPCGLPremium,GWPCGLPremium_20200415050702F126.xml,SUMMARISED,UKInsurance,2020-04-20T00:00:00.000+00:00,2021-04-19T00:00:00.000+00:00,N,SUMMARISED,517962,93,300000002172889,131.46,GBP,131.46,Motor,Privilege,PCW,IPT,ComprehensivePlus,1,User,,Privilege_ComprehensivePlus,CR,74165,320,000000,81500,208,CD00E,00000,000,GWPC,0,0
2020-12-08T00:00:00.000+00:00,68558031,DLG_PREMIUM,GWPCGLPremium,GWPCGLPremium_20200415050702F126.xml,SUMMARISED,UKInsurance,2020-04-20T00:00:00.000+00:00,2021-04-19T00:00:00.000+00:00,N,SUMMARISED,517962,94,300000002172889,36,GBP,36,Motor,Privilege,PCW,MOTGuaranteedHireCarPlusCov,ComprehensivePlus,1,User,,Privilege_ComprehensivePlus,DR,74150,320,000000,71041,208,CD000,00000,000,GWPC,0,0
2020-12-08T00:00:00.000+00:00,68558031,DLG_PREMIUM,GWPCGLPremium,GWPCGLPremium_20200415050702F126.xml,SUMMARISED,UKInsurance,2020-04-20T00:00:00.000+00:00,2021-04-19T00:00:00.000+00:00,N,SUMMARISED,517962,94,300000002172889,36,GBP,36,Motor,Privilege,PCW,MOTGuaranteedHireCarPlusCov,ComprehensivePlus,1,User,,Privilege_ComprehensivePlus,CR,74166,320,SYS000,10000,216,CD00E,PCW00,000,GWPC,0,0
2020-12-08T00:00:00.000+00:00,68558031,DLG_PREMIUM,GWPCGLPremium,GWPCGLPremium_20200415050702F126.xml,SUMMARISED,UKInsurance,2020-04-20T00:00:00.000+00:00,2021-04-19T00:00:00.000+00:00,N,SUMMARISED,517962,95,300000002172889,50,GBP,50,Motor,Privilege,PCW,MOTLegalCoverCov,ComprehensivePlus,1,User,,Privilege_ComprehensivePlus,DR,74150,320,000000,71041,208,CD000,00000,000,GWPC,0,0
2020-12-08T00:00:00.000+00:00,68558031,DLG_PREMIUM,GWPCGLPremium,GWPCGLPremium_20200415050702F126.xml,SUMMARISED,UKInsurance,2020-04-20T00:00:00.000+00:00,2021-04-19T00:00:00.000+00:00,N,SUMMARISED,517962,95,300000002172889,50,GBP,50,Motor,Privilege,PCW,MOTLegalCoverCov,ComprehensivePlus,1,User,,Privilege_ComprehensivePlus,CR,74167,320,SYS000,10000,831,CD00E,PCW00,000,GWPC,0,0
2020-12-08T00:00:00.000+00:00,68558031,DLG_PREMIUM,GWPCGLPremium,GWPCGLPremium_20200415050702F126.xml,SUMMARISED,UKInsurance,2020-04-20T00:00:00.000+00:00,2021-04-19T00:00:00.000+00:00,N,SUMMARISED,517962,96,300000002172889,95.45,GBP,95.45,Motor,Privilege,PCW,MOTNoClaimDiscCov,ComprehensivePlus,1,User,,Privilege_ComprehensivePlus,DR,74150,320,000000,71041,208,CD000,00000,000,GWPC,0,0
2020-12-08T00:00:00.000+00:00,68558031,DLG_PREMIUM,GWPCGLPremium,GWPCGLPremium_20200415050702F126.xml,SUMMARISED,UKInsurance,2020-04-20T00:00:00.000+00:00,2021-04-19T00:00:00.000+00:00,N,SUMMARISED,517962,96,300000002172889,95.45,GBP,95.45,Motor,Privilege,PCW,MOTNoClaimDiscCov,ComprehensivePlus,1,User,,Privilege_ComprehensivePlus,CR,74164,320,SYS000,10000,208,CD00E,PCW00,000,GWPC,0,0
2020-12-08T00:00:00.000+00:00,68558031,DLG_PREMIUM,GWPCGLPremium,GWPCGLPremium_20200415050702F126.xml,SUMMARISED,UKInsurance,2020-04-20T00:00:00.000+00:00,2021-04-19T00:00:00.000+00:00,N,SUMMARISED,517962,97,300000002172889,20,GBP,20,Motor,Privilege,PCW,roadside,ComprehensivePlus,1,User,,Privilege_ComprehensivePlus,DR,74150,320,000000,71041,208,CD000,00000,000,GWPC,0,0
2020-12-08T00:00:00.000+00:00,68558031,DLG_PREMIUM,GWPCGLPremium,GWPCGLPremium_20200415050702F126.xml,SUMMARISED,UKInsurance,2020-04-20T00:00:00.000+00:00,2021-04-19T00:00:00.000+00:00,N,SUMMARISED,517962,97,300000002172889,20,GBP,20,Motor,Privilege,PCW,roadside,ComprehensivePlus,1,User,,Privilege_ComprehensivePlus,CR,74168,320,SYS000,10000,841,CD00E,PCW00,000,GWPC,0,0
2020-12-08T00:00:00.000+00:00,68558032,DLG_PREMIUM,GWPCGLPremium,GWPCGLPremium_20200415050702F126.xml,SUMMARISED,UKInsurance,2020-04-21T00:00:00.000+00:00,2021-04-20T00:00:00.000+00:00,N,SUMMARISED,517963,98,300000002172889,228.68,GBP,228.68,Motor,Privilege,PCW,compplus,ComprehensivePlus,1,User,,Privilege_ComprehensivePlus,DR,74150,320,000000,71041,208,CD000,00000,000,GWPC,0,0
2020-12-08T00:00:00.000+00:00,68558032,DLG_PREMIUM,GWPCGLPremium,GWPCGLPremium_20200415050702F126.xml,SUMMARISED,UKInsurance,2020-04-21T00:00:00.000+00:00,2021-04-20T00:00:00.000+00:00,N,SUMMARISED,517963,98,300000002172889,228.68,GBP,228.68,Motor,Privilege,PCW,compplus,ComprehensivePlus,1,User,,Privilege_ComprehensivePlus,CR,74164,320,SYS000,10000,208,CD00E,PCW00,000,GWPC,0,0
2020-12-08T00:00:00.000+00:00,68558032,DLG_PREMIUM,GWPCGLPremium,GWPCGLPremium_20200415050702F126.xml,SUMMARISED,UKInsurance,2020-04-21T00:00:00.000+00:00,2021-04-20T00:00:00.000+00:00,N,SUMMARISED,517963,99,300000002172889,34.04,GBP,34.04,Motor,Privilege,PCW,IPT,ComprehensivePlus,1,User,,Privilege_ComprehensivePlus,DR,74150,320,000000,71041,208,CD000,00000,000,GWPC,0,0
2020-12-08T00:00:00.000+00:00,68558032,DLG_PREMIUM,GWPCGLPremium,GWPCGLPremium_20200415050702F126.xml,SUMMARISED,UKInsurance,2020-04-21T00:00:00.000+00:00,2021-04-20T00:00:00.000+00:00,N,SUMMARISED,517963,99,300000002172889,34.04,GBP,34.04,Motor,Privilege,PCW,IPT,ComprehensivePlus,1,User,,Privilege_ComprehensivePlus,CR,74165,320,000000,81500,208,CD00E,00000,000,GWPC,0,0
2020-12-08T00:00:00.000+00:00,68558032,DLG_PREMIUM,GWPCGLPremium,GWPCGLPremium_20200415050702F126.xml,SUMMARISED,UKInsurance,2020-04-21T00:00:00.000+00:00,2021-04-20T00:00:00.000+00:00,N,SUMMARISED,517963,100,300000002172889,18,GBP,18,Motor,Privilege,PCW,MOTGuaranteedHireCarPlusCov,ComprehensivePlus,1,User,,Privilege_ComprehensivePlus,DR,74150,320,000000,71041,208,CD000,00000,000,GWPC,0,0
2020-12-08T00:00:00.000+00:00,68558032,DLG_PREMIUM,GWPCGLPremium,GWPCGLPremium_20200415050702F126.xml,SUMMARISED,UKInsurance,2020-04-21T00:00:00.000+00:00,2021-04-20T00:00:00.000+00:00,N,SUMMARISED,517963,100,300000002172889,18,GBP,18,Motor,Privilege,PCW,MOTGuaranteedHireCarPlusCov,ComprehensivePlus,1,User,,Privilege_ComprehensivePlus,CR,74166,320,SYS000,10000,216,CD00E,PCW00,000,GWPC,0,0
2020-12-08T00:00:00.000+00:00,68558032,DLG_PREMIUM,GWPCGLPremium,GWPCGLPremium_20200415050702F126.xml,SUMMARISED,UKInsurance,2020-04-21T00:00:00.000+00:00,2021-04-20T00:00:00.000+00:00,N,SUMMARISED,517963,101,300000002172889,25,GBP,25,Motor,Privilege,PCW,MOTLegalCoverCov,ComprehensivePlus,1,User,,Privilege_ComprehensivePlus,DR,74150,320,000000,71041,208,CD000,00000,000,GWPC,0,0
2020-12-08T00:00:00.000+00:00,68558032,DLG_PREMIUM,GWPCGLPremium,GWPCGLPremium_20200415050702F126.xml,SUMMARISED,UKInsurance,2020-04-21T00:00:00.000+00:00,2021-04-20T00:00:00.000+00:00,N,SUMMARISED,517963,101,300000002172889,25,GBP,25,Motor,Privilege,PCW,MOTLegalCoverCov,ComprehensivePlus,1,User,,Privilege_ComprehensivePlus,CR,74167,320,SYS000,10000,831,CD00E,PCW00,000,GWPC,0,0
2020-12-08T00:00:00.000+00:00,68558032,DLG_PREMIUM,GWPCGLPremium,GWPCGLPremium_20200415050702F126.xml,SUMMARISED,UKInsurance,2020-04-21T00:00:00.000+00:00,2021-04-20T00:00:00.000+00:00,N,SUMMARISED,517963,102,300000002172889,12.01,GBP,12.01,Motor,Privilege,PCW,MOTNoClaimDiscCov,ComprehensivePlus,1,User,,Privilege_ComprehensivePlus,DR,74150,320,000000,71041,208,CD000,00000,000,GWPC,0,0
2020-12-08T00:00:00.000+00:00,68558032,DLG_PREMIUM,GWPCGLPremium,GWPCGLPremium_20200415050702F126.xml,SUMMARISED,UKInsurance,2020-04-21T00:00:00.000+00:00,2021-04-20T00:00:00.000+00:00,N,SUMMARISED,517963,102,300000002172889,12.01,GBP,12.01,Motor,Privilege,PCW,MOTNoClaimDiscCov,ComprehensivePlus,1,User,,Privilege_ComprehensivePlus,CR,74164,320,SYS000,10000,208,CD00E,PCW00,000,GWPC,0,0
2020-12-08T00:00:00.000+00:00,68558033,DLG_PREMIUM,GWPCGLPremium,GWPCGLPremium_20200415050702F126.xml,SUMMARISED,UKInsurance,2020-02-14T00:00:00.000+00:00,2021-02-13T00:00:00.000+00:00,Y,SUMMARISED,517964,103,300000002172889,227.99,GBP,227.99,Motor,Privilege,PCW,compplus,ComprehensivePlus,1,User,,Privilege_ComprehensivePlus,DR,74150,320,000000,71041,208,CD000,00000,000,GWPC,0,0
2020-12-08T00:00:00.000+00:00,68558033,DLG_PREMIUM,GWPCGLPremium,GWPCGLPremium_20200415050702F126.xml,SUMMARISED,UKInsurance,2020-02-14T00:00:00.000+00:00,2021-02-13T00:00:00.000+00:00,Y,SUMMARISED,517964,103,300000002172889,227.99,GBP,227.99,Motor,Privilege,PCW,compplus,ComprehensivePlus,1,User,,Privilege_ComprehensivePlus,CR,74164,320,SYS000,10000,208,CD00E,PCW00,000,GWPC,0,0
2020-12-08T00:00:00.000+00:00,68558033,DLG_PREMIUM,GWPCGLPremium,GWPCGLPremium_20200415050702F126.xml,SUMMARISED,UKInsurance,2020-02-14T00:00:00.000+00:00,2021-02-13T00:00:00.000+00:00,Y,SUMMARISED,517964,104,300000002172889,27.35,GBP,27.35,Motor,Privilege,PCW,IPT,ComprehensivePlus,1,User,,Privilege_ComprehensivePlus,DR,74150,320,000000,71041,208,CD000,00000,000,GWPC,0,0
2020-12-08T00:00:00.000+00:00,68558033,DLG_PREMIUM,GWPCGLPremium,GWPCGLPremium_20200415050702F126.xml,SUMMARISED,UKInsurance,2020-02-14T00:00:00.000+00:00,2021-02-13T00:00:00.000+00:00,Y,SUMMARISED,517964,104,300000002172889,27.35,GBP,27.35,Motor,Privilege,PCW,IPT,ComprehensivePlus,1,User,,Privilege_ComprehensivePlus,CR,74165,320,000000,81500,208,CD00E,00000,000,GWPC,0,0
2020-12-08T00:00:00.000+00:00,68558034,DLG_PREMIUM,GWPCGLPremium,GWPCGLPremium_20200415050702F126.xml,SUMMARISED,UKInsurance,2020-02-17T00:00:00.000+00:00,2021-02-16T00:00:00.000+00:00,Y,SUMMARISED,517965,105,300000002172889,496.28,GBP,496.28,Motor,Privilege,PCW,compplus,ComprehensivePlus,1,User,,Privilege_ComprehensivePlus,DR,74150,320,000000,71041,208,CD000,00000,000,GWPC,0,0
2020-12-08T00:00:00.000+00:00,68558034,DLG_PREMIUM,GWPCGLPremium,GWPCGLPremium_20200415050702F126.xml,SUMMARISED,UKInsurance,2020-02-17T00:00:00.000+00:00,2021-02-16T00:00:00.000+00:00,Y,SUMMARISED,517965,105,300000002172889,496.28,GBP,496.28,Motor,Privilege,PCW,compplus,ComprehensivePlus,1,User,,Privilege_ComprehensivePlus,CR,74164,320,SYS000,10000,208,CD00E,PCW00,000,GWPC,0,0
2020-12-08T00:00:00.000+00:00,68558034,DLG_PREMIUM,GWPCGLPremium,GWPCGLPremium_20200415050702F126.xml,SUMMARISED,UKInsurance,2020-02-17T00:00:00.000+00:00,2021-02-16T00:00:00.000+00:00,Y,SUMMARISED,517965,106,300000002172889,52.77,GBP,52.77,Motor,Privilege,PCW,IPT,ComprehensivePlus,1,User,,Privilege_ComprehensivePlus,DR,74150,320,000000,71041,208,CD000,00000,000,GWPC,0,0
2020-12-08T00:00:00.000+00:00,68558034,DLG_PREMIUM,GWPCGLPremium,GWPCGLPremium_20200415050702F126.xml,SUMMARISED,UKInsurance,2020-02-17T00:00:00.000+00:00,2021-02-16T00:00:00.000+00:00,Y,SUMMARISED,517965,106,300000002172889,52.77,GBP,52.77,Motor,Privilege,PCW,IPT,ComprehensivePlus,1,User,,Privilege_ComprehensivePlus,CR,74165,320,000000,81500,208,CD00E,00000,000,GWPC,0,0
2020-12-08T00:00:00.000+00:00,68558034,DLG_PREMIUM,GWPCGLPremium,GWPCGLPremium_20200415050702F126.xml,SUMMARISED,UKInsurance,2020-02-17T00:00:00.000+00:00,2021-02-16T00:00:00.000+00:00,Y,SUMMARISED,517965,107,300000002172889,-56.59,GBP,-56.59,Motor,Privilege,PCW,MOTNoClaimDiscCov,ComprehensivePlus,1,User,,Privilege_ComprehensivePlus,DR,74150,320,000000,71041,208,CD000,00000,000,GWPC,0,0
2020-12-08T00:00:00.000+00:00,68558034,DLG_PREMIUM,GWPCGLPremium,GWPCGLPremium_20200415050702F126.xml,SUMMARISED,UKInsurance,2020-02-17T00:00:00.000+00:00,2021-02-16T00:00:00.000+00:00,Y,SUMMARISED,517965,107,300000002172889,-56.59,GBP,-56.59,Motor,Privilege,PCW,MOTNoClaimDiscCov,ComprehensivePlus,1,User,,Privilege_ComprehensivePlus,CR,74164,320,SYS000,10000,208,CD00E,PCW00,000,GWPC,0,0
2020-12-08T00:00:00.000+00:00,68558035,DLG_PREMIUM,GWPCGLPremium,GWPCGLPremium_20200415050702F126.xml,SUMMARISED,UKInsurance,2020-04-17T00:00:00.000+00:00,2021-04-16T00:00:00.000+00:00,Y,SUMMARISED,517966,108,300000002172889,79.66,GBP,79.66,Motor,Privilege,PCW,IPT,Telematics,1,User,,Privilege_Telematics,DR,74150,320,000000,71041,208,CD000,00000,000,GWPC,0,0
2020-12-08T00:00:00.000+00:00,68558035,DLG_PREMIUM,GWPCGLPremium,GWPCGLPremium_20200415050702F126.xml,SUMMARISED,UKInsurance,2020-04-17T00:00:00.000+00:00,2021-04-16T00:00:00.000+00:00,Y,SUMMARISED,517966,108,300000002172889,79.66,GBP,79.66,Motor,Privilege,PCW,IPT,Telematics,1,User,,Privilege_Telematics,CR,74152,320,000000,81500,208,CD000,00000,000,GWPC,0,0
2020-12-08T00:00:00.000+00:00,68558035,DLG_PREMIUM,GWPCGLPremium,GWPCGLPremium_20200415050702F126.xml,SUMMARISED,UKInsurance,2020-04-17T00:00:00.000+00:00,2021-04-16T00:00:00.000+00:00,Y,SUMMARISED,517966,109,300000002172889,663.86,GBP,663.86,Motor,Privilege,PCW,Telematics,Telematics,1,User,,Privilege_Telematics,DR,74150,320,000000,71041,208,CD000,00000,000,GWPC,0,0
2020-12-08T00:00:00.000+00:00,68558035,DLG_PREMIUM,GWPCGLPremium,GWPCGLPremium_20200415050702F126.xml,SUMMARISED,UKInsurance,2020-04-17T00:00:00.000+00:00,2021-04-16T00:00:00.000+00:00,Y,SUMMARISED,517966,109,300000002172889,663.86,GBP,663.86,Motor,Privilege,PCW,Telematics,Telematics,1,User,,Privilege_Telematics,CR,74151,320,SYS000,10000,208,CD000,PCW00,000,GWPC,0,0
2020-12-08T00:00:00.000+00:00,68558036,DLG_PREMIUM,GWPCGLPremium,GWPCGLPremium_20200415050702F126.xml,SUMMARISED,UKInsurance,2020-02-12T00:00:00.000+00:00,2021-02-11T00:00:00.000+00:00,Y,SUMMARISED,517967,110,300000002172889,19.1,GBP,19.1,Motor,Privilege,PCW,IPT,Telematics,1,User,,Privilege_Telematics,DR,74150,320,000000,71041,208,CD000,00000,000,GWPC,0,0
2020-12-08T00:00:00.000+00:00,68558036,DLG_PREMIUM,GWPCGLPremium,GWPCGLPremium_20200415050702F126.xml,SUMMARISED,UKInsurance,2020-02-12T00:00:00.000+00:00,2021-02-11T00:00:00.000+00:00,Y,SUMMARISED,517967,110,300000002172889,19.1,GBP,19.1,Motor,Privilege,PCW,IPT,Telematics,1,User,,Privilege_Telematics,CR,74152,320,000000,81500,208,CD000,00000,000,GWPC,0,0
2020-12-08T00:00:00.000+00:00,68558036,DLG_PREMIUM,GWPCGLPremium,GWPCGLPremium_20200415050702F126.xml,SUMMARISED,UKInsurance,2020-02-12T00:00:00.000+00:00,2021-02-11T00:00:00.000+00:00,Y,SUMMARISED,517967,111,300000002172889,159.15,GBP,159.15,Motor,Privilege,PCW,Telematics,Telematics,1,User,,Privilege_Telematics,DR,74150,320,000000,71041,208,CD000,00000,000,GWPC,0,0
2020-12-08T00:00:00.000+00:00,68558036,DLG_PREMIUM,GWPCGLPremium,GWPCGLPremium_20200415050702F126.xml,SUMMARISED,UKInsurance,2020-02-12T00:00:00.000+00:00,2021-02-11T00:00:00.000+00:00,Y,SUMMARISED,517967,111,300000002172889,159.15,GBP,159.15,Motor,Privilege,PCW,Telematics,Telematics,1,User,,Privilege_Telematics,CR,74151,320,SYS000,10000,208,CD000,PCW00,000,GWPC,0,0
2020-12-08T00:00:00.000+00:00,68558037,DLG_PREMIUM,GWPCGLPremium,GWPCGLPremium_20200415050702F126.xml,SUMMARISED,UKInsurance,2020-05-01T00:00:00.000+00:00,2021-04-30T00:00:00.000+00:00,N,SUMMARISED,517968,112,300000002172889,22.79,GBP,22.79,Motor,Privilege,PCW,IPT,TPFT,1,User,,Privilege_TPFT,DR,74150,320,000000,71041,208,CD000,00000,000,GWPC,0,0
2020-12-08T00:00:00.000+00:00,68558037,DLG_PREMIUM,GWPCGLPremium,GWPCGLPremium_20200415050702F126.xml,SUMMARISED,UKInsurance,2020-05-01T00:00:00.000+00:00,2021-04-30T00:00:00.000+00:00,N,SUMMARISED,517968,112,300000002172889,22.79,GBP,22.79,Motor,Privilege,PCW,IPT,TPFT,1,User,,Privilege_TPFT,CR,74152,320,000000,81500,208,CD000,00000,000,GWPC,0,0
2020-12-08T00:00:00.000+00:00,68558037,DLG_PREMIUM,GWPCGLPremium,GWPCGLPremium_20200415050702F126.xml,SUMMARISED,UKInsurance,2020-05-01T00:00:00.000+00:00,2021-04-30T00:00:00.000+00:00,N,SUMMARISED,517968,113,300000002172889,189.99,GBP,189.99,Motor,Privilege,PCW,tpft,TPFT,1,User,,Privilege_TPFT,DR,74150,320,000000,71041,208,CD000,00000,000,GWPC,0,0
2020-12-08T00:00:00.000+00:00,68558037,DLG_PREMIUM,GWPCGLPremium,GWPCGLPremium_20200415050702F126.xml,SUMMARISED,UKInsurance,2020-05-01T00:00:00.000+00:00,2021-04-30T00:00:00.000+00:00,N,SUMMARISED,517968,113,300000002172889,189.99,GBP,189.99,Motor,Privilege,PCW,tpft,TPFT,1,User,,Privilege_TPFT,CR,74151,320,SYS000,10000,208,CD000,PCW00,000,GWPC,0,0
2020-12-08T00:00:00.000+00:00,68558038,DLG_PREMIUM,GWPCGLPremium,GWPCGLPremium_20200415050702F126.xml,SUMMARISED,UKInsurance,2020-02-11T00:00:00.000+00:00,2021-02-10T00:00:00.000+00:00,Y,SUMMARISED,517969,114,300000002172889,18.55,GBP,18.55,Motor,Privilege,PCW,IPT,TPFT,1,User,,Privilege_TPFT,DR,74150,320,000000,71041,208,CD000,00000,000,GWPC,0,0
2020-12-08T00:00:00.000+00:00,68558038,DLG_PREMIUM,GWPCGLPremium,GWPCGLPremium_20200415050702F126.xml,SUMMARISED,UKInsurance,2020-02-11T00:00:00.000+00:00,2021-02-10T00:00:00.000+00:00,Y,SUMMARISED,517969,114,300000002172889,18.55,GBP,18.55,Motor,Privilege,PCW,IPT,TPFT,1,User,,Privilege_TPFT,CR,74152,320,000000,81500,208,CD000,00000,000,GWPC,0,0
2020-12-08T00:00:00.000+00:00,68558038,DLG_PREMIUM,GWPCGLPremium,GWPCGLPremium_20200415050702F126.xml,SUMMARISED,UKInsurance,2020-02-11T00:00:00.000+00:00,2021-02-10T00:00:00.000+00:00,Y,SUMMARISED,517969,115,300000002172889,154.55,GBP,154.55,Motor,Privilege,PCW,tpft,TPFT,1,User,,Privilege_TPFT,DR,74150,320,000000,71041,208,CD000,00000,000,GWPC,0,0
2020-12-08T00:00:00.000+00:00,68558038,DLG_PREMIUM,GWPCGLPremium,GWPCGLPremium_20200415050702F126.xml,SUMMARISED,UKInsurance,2020-02-11T00:00:00.000+00:00,2021-02-10T00:00:00.000+00:00,Y,SUMMARISED,517969,115,300000002172889,154.55,GBP,154.55,Motor,Privilege,PCW,tpft,TPFT,1,User,,Privilege_TPFT,CR,74151,320,SYS000,10000,208,CD000,PCW00,000,GWPC,0,0
2020-12-08T00:00:00.000+00:00,68558039,DLG_PREMIUM,GWPCGLPremium,GWPCGLPremium_20200415050702F126.xml,SUMMARISED,UKInsurance,2020-02-18T00:00:00.000+00:00,2021-02-17T00:00:00.000+00:00,Y,SUMMARISED,517970,116,300000002172889,24.07,GBP,24.07,Motor,Privilege,PCW,IPT,TPFT,1,User,,Privilege_TPFT,DR,74150,320,000000,71041,208,CD000,00000,000,GWPC,0,0
2020-12-08T00:00:00.000+00:00,68558039,DLG_PREMIUM,GWPCGLPremium,GWPCGLPremium_20200415050702F126.xml,SUMMARISED,UKInsurance,2020-02-18T00:00:00.000+00:00,2021-02-17T00:00:00.000+00:00,Y,SUMMARISED,517970,116,300000002172889,24.07,GBP,24.07,Motor,Privilege,PCW,IPT,TPFT,1,User,,Privilege_TPFT,CR,74152,320,000000,81500,208,CD000,00000,000,GWPC,0,0
2020-12-08T00:00:00.000+00:00,68558039,DLG_PREMIUM,GWPCGLPremium,GWPCGLPremium_20200415050702F126.xml,SUMMARISED,UKInsurance,2020-02-18T00:00:00.000+00:00,2021-02-17T00:00:00.000+00:00,Y,SUMMARISED,517970,117,300000002172889,200.61,GBP,200.61,Motor,Privilege,PCW,tpft,TPFT,1,User,,Privilege_TPFT,DR,74150,320,000000,71041,208,CD000,00000,000,GWPC,0,0
2020-12-08T00:00:00.000+00:00,68558039,DLG_PREMIUM,GWPCGLPremium,GWPCGLPremium_20200415050702F126.xml,SUMMARISED,UKInsurance,2020-02-18T00:00:00.000+00:00,2021-02-17T00:00:00.000+00:00,Y,SUMMARISED,517970,117,300000002172889,200.61,GBP,200.61,Motor,Privilege,PCW,tpft,TPFT,1,User,,Privilege_TPFT,CR,74151,320,SYS000,10000,208,CD000,PCW00,000,GWPC,0,0
