TRANSACTION_DATE,TRANSACTION_NUMBER,AHCS_EVENT_CODE,FSH_SOURCE,SOURCE_FILE_NAME,ACCOUNT_NUMBER,UNDERWRITER,TRANSACTION_SUBTYPE,TRANSACTION_REASON,CREDIT_IND,SUMMARY_FLAG,EVENT_ID,LINE_NUMBER,APPLICATION_ID,BASE_AMOUNT,CURRENCY_CODE,ORIGINAL_AMOUNT,LINE_OF_BUSINESS,FSH_BRAND,FSH_CHANNEL,FSH_PRODUCT,PRODUCT_TYPE,EXCHANGE_RATE,EXCHANGE_RATE_TYPE,EXCHANGE_DATE,PRODUCT_KEY,DR/CR,CODE_COMBINATION_ID,SEGMNT1,SEGMENT2,SEGMENT3,SEGMENT4,SEGMENT5,SEGMENT6,SEGMENT7,SEGMENT8,SEGMENT9,SEGMENT10
2020-11-09T00:00:00.000+00:00,53018505,DLG_BILLING,SSPXGLBilling,SSPXGLBilling_20200407011202F112.xml,SUMMARISED,UKInsurance,DirectBillMoneyRcvdTxn,ReceiptTransaction,Y,Y,464952,1,300000002148736,111.85,GBP,111.85,SME,DL4B,ContactCentre,,Offices and professionals,1,User,,,DR,300000002183066,320,000000,60290,000,00000,00000,000,0000,0,0
2020-11-09T00:00:00.000+00:00,53018505,DLG_BILLING,SSPXGLBilling,SSPXGLBilling_20200407011202F112.xml,SUMMARISED,UKInsurance,DirectBillMoneyRcvdTxn,ReceiptTransaction,Y,Y,464952,1,300000002148736,111.85,GBP,111.85,SME,DL4B,ContactCentre,,Offices and professionals,1,User,,,CR,75366,320,000000,71041,000,DFB04,00000,000,SSPX,0,0
2020-11-09T00:00:00.000+00:00,53018519,DLG_BILLING,SSPXGLBilling,SSPXGLBilling_20200407011202F112.xml,SUMMARISED,UKInsurance,DirectBillMoneyRcvdTxn,ReceiptTransaction,Y,Y,464953,2,300000002148736,213.86,GBP,213.86,SME,DL4B,ContactCentre,,Retail,1,User,,,DR,300000002183066,320,000000,60290,000,00000,00000,000,0000,0,0
2020-11-09T00:00:00.000+00:00,53018519,DLG_BILLING,SSPXGLBilling,SSPXGLBilling_20200407011202F112.xml,SUMMARISED,UKInsurance,DirectBillMoneyRcvdTxn,ReceiptTransaction,Y,Y,464953,2,300000002148736,213.86,GBP,213.86,SME,DL4B,ContactCentre,,Retail,1,User,,,CR,75366,320,000000,71041,000,DFB04,00000,000,SSPX,0,0
2020-11-09T00:00:00.000+00:00,53018521,DLG_BILLING,SSPXGLBilling,SSPXGLBilling_20200407011202F112.xml,SUMMARISED,UKInsurance,DirectBillMoneyRcvdTxn,ReceiptTransaction,Y,Y,464954,3,300000002148736,74.6,GBP,74.6,SME,DL4B,ContactCentre,,Bed and Breakfast,1,User,,,DR,300000002183066,320,000000,60290,000,00000,00000,000,0000,0,0
2020-11-09T00:00:00.000+00:00,53018521,DLG_BILLING,SSPXGLBilling,SSPXGLBilling_20200407011202F112.xml,SUMMARISED,UKInsurance,DirectBillMoneyRcvdTxn,ReceiptTransaction,Y,Y,464954,3,300000002148736,74.6,GBP,74.6,SME,DL4B,ContactCentre,,Bed and Breakfast,1,User,,,CR,75366,320,000000,71041,000,DFB04,00000,000,SSPX,0,0
2020-11-09T00:00:00.000+00:00,53018548,DLG_BILLING,SSPXGLBilling,SSPXGLBilling_20200407011202F112.xml,SUMMARISED,UKInsurance,DirectBillMoneyRcvdTxn,ReceiptTransaction,Y,Y,464955,4,300000002148736,202.37,GBP,202.37,SME,DL4B,Digital,,Hair and Beauty,1,User,,,DR,300000002183066,320,000000,60290,000,00000,00000,000,0000,0,0
2020-11-09T00:00:00.000+00:00,53018548,DLG_BILLING,SSPXGLBilling,SSPXGLBilling_20200407011202F112.xml,SUMMARISED,UKInsurance,DirectBillMoneyRcvdTxn,ReceiptTransaction,Y,Y,464955,4,300000002148736,202.37,GBP,202.37,SME,DL4B,Digital,,Hair and Beauty,1,User,,,CR,75366,320,000000,71041,000,DFB04,00000,000,SSPX,0,0
2020-11-09T00:00:00.000+00:00,53018571,DLG_BILLING,SSPXGLBilling,SSPXGLBilling_20200407011202F112.xml,SUMMARISED,UKInsurance,DirectBillMoneyRcvdTxn,ReceiptTransaction,Y,Y,464956,5,300000002148736,388.18,GBP,388.18,SME,DL4B,Digital,,Retail,1,User,,,DR,300000002183066,320,000000,60290,000,00000,00000,000,0000,0,0
2020-11-09T00:00:00.000+00:00,53018571,DLG_BILLING,SSPXGLBilling,SSPXGLBilling_20200407011202F112.xml,SUMMARISED,UKInsurance,DirectBillMoneyRcvdTxn,ReceiptTransaction,Y,Y,464956,5,300000002148736,388.18,GBP,388.18,SME,DL4B,Digital,,Retail,1,User,,,CR,75366,320,000000,71041,000,DFB04,00000,000,SSPX,0,0
2020-11-09T00:00:00.000+00:00,53018589,DLG_BILLING,SSPXGLBilling,SSPXGLBilling_20200407011202F112.xml,SUMMARISED,UKInsurance,DirectBillMoneyRcvdTxn,ReceiptTransaction,Y,Y,464957,6,300000002148736,376.57,GBP,376.57,SME,DL4B,ContactCentre,,Hair and Beauty,1,User,,,DR,300000002183066,320,000000,60290,000,00000,00000,000,0000,0,0
2020-11-09T00:00:00.000+00:00,53018589,DLG_BILLING,SSPXGLBilling,SSPXGLBilling_20200407011202F112.xml,SUMMARISED,UKInsurance,DirectBillMoneyRcvdTxn,ReceiptTransaction,Y,Y,464957,6,300000002148736,376.57,GBP,376.57,SME,DL4B,ContactCentre,,Hair and Beauty,1,User,,,CR,75366,320,000000,71041,000,DFB04,00000,000,SSPX,0,0
2020-11-09T00:00:00.000+00:00,53018603,DLG_BILLING,SSPXGLBilling,SSPXGLBilling_20200407011202F112.xml,SUMMARISED,UKInsurance,DirectBillMoneyRcvdTxn,ReceiptTransaction,Y,Y,464958,7,300000002148736,294.92,GBP,294.92,SME,DL4B,Digital,,Offices and professionals,1,User,,,DR,300000002183066,320,000000,60290,000,00000,00000,000,0000,0,0
2020-11-09T00:00:00.000+00:00,53018603,DLG_BILLING,SSPXGLBilling,SSPXGLBilling_20200407011202F112.xml,SUMMARISED,UKInsurance,DirectBillMoneyRcvdTxn,ReceiptTransaction,Y,Y,464958,7,300000002148736,294.92,GBP,294.92,SME,DL4B,Digital,,Offices and professionals,1,User,,,CR,75366,320,000000,71041,000,DFB04,00000,000,SSPX,0,0
