APPLICATION_ID,CODE_COMBINATION_ID,ACCOUNTING_CLASS_CODE,ENTERED_DR,ENTERED_CR,CURRENCY_CODE,SR32,SR33,RESERVEFLAG,LINE_OF_BUSINESS,FSH_PRODUCT,PRODUCT_TYPE,PRODUCT_KEY,FSH_CHANNEL,FSH_BRAND
300000002148736, 300000002183066, DLG_MISC_DR, 111.85, , GBP, , SUMMARISED, SME, 53018505
300000002148736, 75366, DLG_MISC_CR, , 111.85, GBP, , SUMMARISED, SME, 53018505
300000002148736, 300000002183066, DLG_MISC_DR, 213.86, , GBP, , SUMMARISED, SME, 53018519
300000002148736, 75366, DLG_MISC_CR, , 213.86, GBP, , SUMMARISED, SME, 53018519
300000002148736, 300000002183066, DLG_MISC_DR, 74.6, , GBP, , SUMMARISED, SME, 53018521
300000002148736, 75366, DLG_MISC_CR, , 74.6, GBP, , SUMMARISED, SME, 53018521
300000002148736, 300000002183066, DLG_MISC_DR, 202.37, , GBP, , SUMMARISED, SME, 53018548
300000002148736, 75366, DLG_MISC_CR, , 202.37, GBP, , SUMMARISED, SME, 53018548
300000002148736, 300000002183066, DLG_MISC_DR, 388.18, , GBP, , SUMMARISED, SME, 53018571
300000002148736, 75366, DLG_MISC_CR, , 388.18, GBP, , SUMMARISED, SME, 53018571
300000002148736, 300000002183066, DLG_MISC_DR, 376.57, , GBP, , SUMMARISED, SME, 53018589
300000002148736, 75366, DLG_MISC_CR, , 376.57, GBP, , SUMMARISED, SME, 53018589
300000002148736, 300000002183066, DLG_MISC_DR, 294.92, , GBP, , SUMMARISED, SME, 53018603
300000002148736, 75366, DLG_MISC_CR, , 294.92, GBP, , SUMMARISED, SME, 53018603
300000002148736, 300000002183066, DLG_MISC_DR, 376.57, , GBP, , SUMMARISED, SME, 53018718
300000002148736, 75366, DLG_MISC_CR, , 376.57, GBP, , SUMMARISED, SME, 53018718
300000002148736, 300000002183066, DLG_MISC_DR, 388.18, , GBP, , SUMMARISED, SME, 53018741
300000002148736, 75366, DLG_MISC_CR, , 388.18, GBP, , SUMMARISED, SME, 53018741
300000002148736, 300000002183066, DLG_MISC_DR, 111.85, , GBP, , SUMMARISED, SME, 53018746
300000002148736, 75366, DLG_MISC_CR, , 111.85, GBP, , SUMMARISED, SME, 53018746
300000002148736, 300000002183066, DLG_MISC_DR, 213.86, , GBP, , SUMMARISED, SME, 53018760
300000002148736, 75366, DLG_MISC_CR, , 213.86, GBP, , SUMMARISED, SME, 53018760
300000002148736, 300000002183066, DLG_MISC_DR, 74.6, , GBP, , SUMMARISED, SME, 53018762
300000002148736, 75366, DLG_MISC_CR, , 74.6, GBP, , SUMMARISED, SME, 53018762
300000002148736, 300000002183066, DLG_MISC_DR, 202.37, , GBP, , SUMMARISED, SME, 53018789
300000002148736, 75366, DLG_MISC_CR, , 202.37, GBP, , SUMMARISED, SME, 53018789
300000002148736, 300000002183066, DLG_MISC_DR, 294.92, , GBP, , SUMMARISED, SME, 53018803
300000002148736, 75366, DLG_MISC_CR, , 294.92, GBP, , SUMMARISED, SME, 53018803
