{
  "Debit": {
    "DLG_Company": "320",
    "DLG_Interco": "000",
    "DLG_Spare1": "0",
    "DLG_Spare2": "0",
    "Transaction_Subtype_Code": {
      "Account Write-off": {
        "Reason_Code": {
          "ReceivableTransaction": {
            "DLG_CostCentre": "SYS000",
            "DLG_Account": "10025",
            "DLG_Product": {
              "Commercial Van": "213",
              "Landlord": "626",
              "SME": "626"
            },
            "DLG_Brand": {
              "DL4B": "DFB04"
            },
            "DLG_Channel": {
              "Digital": "WEB00",
              "ContactCentre": "PHONE"
            },
            "DLG_Origin": {
              "SSPXGLBilling": "SSPX"
            }
          },
          "PaybleTransaction": {
            "DLG_CostCentre": "SYS000",
            "DLG_Account": "10025",
            "DLG_Product": {
              "Commercial Van": "213",
              "Landlord": "626",
              "SME": "626"
            },
            "DLG_Brand": {
              "DL4B": "DFB04"
            },
            "DLG_Channel": {
              "Digital": "WEB00",
              "ContactCentre": "PHONE"
            },
            "DLG_Origin": {
              "SSPXGLBilling": "SSPX"
            }
          },
          "JournalTransaction": {
            "DLG_CostCentre": "SYS000",
            "DLG_Account": "10025",
            "DLG_Product": {
              "Commercial Van": "213",
              "Landlord": "626",
              "SME": "626"
            },
            "DLG_Brand": {
              "DL4B": "DFB04"
            },
            "DLG_Channel": {
              "Digital": "WEB00",
              "ContactCentre": "PHONE"
            },
            "DLG_Origin": {
              "SSPXGLBilling": "SSPX"
            }
          }
        }
      },
      "DirectBillMoneyRcvdTxn": {
        "Reason_Code": {
          "ReceiptTransaction": {
            "DLG_CostCentre": "000000",
            "DLG_Account": "60290",
            "DLG_Product": "000",
            "DLG_Brand": "00000",
            "DLG_Channel": "00000",
            "DLG_Origin": "0000"
          }
        }
      },
      "Interest Charges": {
        "Reason_Code": {
          "Interest Charges": {
            "DLG_CostCentre": "000000",
            "DLG_Account": "60290",
            "DLG_Product": "000",
            "DLG_Brand": "00000",
            "DLG_Channel": "00000",
            "DLG_Origin": "0000"
          }
        }
      },
      "DisbursementPaid": {
        "Reason_Code": {
          "PaymentTransaction": {
            "DLG_CostCentre": "000000",
            "DLG_Account": "71041",
            "DLG_Product": "000",
            "DLG_Brand": {
              "DL4B": "DFB04"
            },
            "DLG_Channel": "00000",
            "DLG_Origin": {
              "SSPXGLBilling": "SSPX"
            }
          }
        }
      }
    }
  },
  "Credit": {
    "DLG_Company": "320",
    "DLG_Interco": "000",
    "DLG_Spare1": "0",
    "DLG_Spare2": "0",
    "DLG_Product": "000",
    "DLG_Channel": "00000",
    "Transaction_Subtype_Code": {
      "Account Write-off": {
        "Reason_Code": {
          "ReceivableTransaction": {
            "DLG_CostCentre": "000000",
            "DLG_Account": "71041",
            "DLG_Brand": {
              "DL4B": "DFB04"
            },
            "DLG_Origin": {
              "SSPXGLBilling": "SSPX"
            }
          },
          "PaybleTransaction": {
            "DLG_CostCentre": "000000",
            "DLG_Account": "71041",
            "DLG_Brand": {
              "DL4B": "DFB04"
            },
            "DLG_Origin": {
              "SSPXGLBilling": "SSPX"
            }
          },
          "JournalTransaction": {
            "DLG_CostCentre": "000000",
            "DLG_Account": "71041",
            "DLG_Brand": {
              "DL4B": "DFB04"
            },
            "DLG_Origin": {
              "SSPXGLBilling": "SSPX"
            }
          }
        }
      },
      "DirectBillMoneyRcvdTxn": {
        "Reason_Code": {
          "ReceiptTransaction": {
            "DLG_CostCentre": "000000",
            "DLG_Account": "71041",
            "DLG_Brand": {
              "DL4B": "DFB04"
            },
            "DLG_Origin": {
              "SSPXGLBilling": "SSPX"
            }
          }
        }
      },
      "Interest Charges": {
        "Reason_Code": {
          "Interest Charges": {
            "DLG_CostCentre": "SYS000",
            "DLG_Account": "14321",
            "DLG_Brand": {
              "DL4B": "DFB04"
            },
            "DLG_Origin": {
              "SSPXGLBilling": "SSPX"
            }
          }
        }
      },
      "DisbursementPaid": {
        "Reason_Code": {
          "PaymentTransaction": {
            "DLG_CostCentre": "000000",
            "DLG_Account": "60290",
            "DLG_Brand": "00000",
            "DLG_Origin": "0000"
          }
        }
      }
    }
  }
}

