﻿APPLICATION_ID,CODE_COMBINATION_ID,ACCOUNTING_CLASS_CODE,ENTERED_DR,ENTERED_CR,CURRENCY_CODE,SR32,SR33,RESERVEFLAG,LINE_OF_BUSINESS,FSH_PRODUCT,PRODUCT_TYPE,PRODUCT_KEY,FSH_CHANNEL,FSH_BRAND
300000002568692, 55214, DLG_MISC_DR, 2372, , GBP, GWCCGLReserves_20200415005702F, , Motor, 64380730
300000002568692, 74180, DLG_MISC_CR, , 2372, GBP, GWCCGLReserves_20200415005702F, , Motor, 64380730
300000002568692, 74177, DLG_MISC_DR, 350, , GBP, GWCCGLReserves_20200415005702F, , Motor, 64380731
300000002568692, 55762, DLG_MISC_CR, , 350, GBP, GWCCGLReserves_20200415005702F, , Motor, 64380731
300000002568692, 74177, DLG_MISC_DR, 500, , GBP, GWCCGLReserves_20200415005702F, , Motor, 64380732
300000002568692, 55762, DLG_MISC_CR, , 500, GBP, GWCCGLReserves_20200415005702F, , Motor, 64380732
300000002568692, 74177, DLG_MISC_DR, , 350, GBP, GWCCGLReserves_20200415005702F, , Motor, 64380733
300000002568692, 55762, DLG_MISC_CR, 350, , GBP, GWCCGLReserves_20200415005702F, , Motor, 64380733
300000002568692, 74177, DLG_MISC_DR, , 350, GBP, GWCCGLReserves_20200415005702F, , Motor, 64380734
300000002568692, 55762, DLG_MISC_CR, 350, , GBP, GWCCGLReserves_20200415005702F, , Motor, 64380734
300000002568692, 74177, DLG_MISC_DR, , 500, GBP, GWCCGLReserves_20200415005702F, , Motor, 64380735
300000002568692, 55762, DLG_MISC_CR, 500, , GBP, GWCCGLReserves_20200415005702F, , Motor, 64380735
300000002568692, 55215, DLG_MISC_DR, 200, , GBP, GWCCGLReserves_20200415005702F, , Motor, 64380736
300000002568692, 74180, DLG_MISC_CR, , 200, GBP, GWCCGLReserves_20200415005702F, , Motor, 64380736
300000002568692, 55215, DLG_MISC_DR, , 4551, GBP, GWCCGLReserves_20200415005702F, , Motor, 64380737
300000002568692, 74180, DLG_MISC_CR, 4551, , GBP, GWCCGLReserves_20200415005702F, , Motor, 64380737
300000002568692, 56202, DLG_MISC_DR, 1971, , GBP, GWCCGLReserves_20200415005702F, , Motor, 64380738
300000002568692, 74180, DLG_MISC_CR, , 1971, GBP, GWCCGLReserves_20200415005702F, , Motor, 64380738
300000002568692, 56202, DLG_MISC_DR, 10, , GBP, GWCCGLReserves_20200415005702F, , Motor, 64380739
300000002568692, 74180, DLG_MISC_CR, , 10, GBP, GWCCGLReserves_20200415005702F, , Motor, 64380739
300000002568692, 56202, DLG_MISC_DR, 820, , GBP, GWCCGLReserves_20200415005702F, , Motor, 64380740
300000002568692, 74180, DLG_MISC_CR, , 820, GBP, GWCCGLReserves_20200415005702F, , Motor, 64380740
300000002568692, 56202, DLG_MISC_DR, , 1971, GBP, GWCCGLReserves_20200415005702F, , Motor, 64380741
300000002568692, 74180, DLG_MISC_CR, 1971, , GBP, GWCCGLReserves_20200415005702F, , Motor, 64380741
300000002568692, 56202, DLG_MISC_DR, , 929.58, GBP, GWCCGLReserves_20200415005702F, , Motor, 64380742
300000002568692, 74180, DLG_MISC_CR, 929.58, , GBP, GWCCGLReserves_20200415005702F, , Motor, 64380742
300000002568692, 56202, DLG_MISC_DR, , 13002, GBP, GWCCGLReserves_20200415005702F, , Motor, 64380743
300000002568692, 74180, DLG_MISC_CR, 13002, , GBP, GWCCGLReserves_20200415005702F, , Motor, 64380743
300000002568692, 56202, DLG_MISC_DR, , 3901, GBP, GWCCGLReserves_20200415005702F, , Motor, 64380744
300000002568692, 74180, DLG_MISC_CR, 3901, , GBP, GWCCGLReserves_20200415005702F, , Motor, 64380744
300000002568692, 68785, DLG_MISC_DR, , 42, GBP, GWCCGLReserves_20200415005702F, , Motor, 64380745
300000002568692, 74179, DLG_MISC_CR, 42, , GBP, GWCCGLReserves_20200415005702F, , Motor, 64380745
300000002568692, 74177, DLG_MISC_DR, 150, , GBP, GWCCGLReserves_20200415005702F, , Motor, 64380746
300000002568692, 56205, DLG_MISC_CR, , 150, GBP, GWCCGLReserves_20200415005702F, , Motor, 64380746
300000002568692, 74177, DLG_MISC_DR, 249.5, , GBP, GWCCGLReserves_20200415005702F, , Motor, 64380747
300000002568692, 56205, DLG_MISC_CR, , 249.5, GBP, GWCCGLReserves_20200415005702F, , Motor, 64380747
300000002568692, 74177, DLG_MISC_DR, 400, , GBP, GWCCGLReserves_20200415005702F, , Motor, 64380748
300000002568692, 56205, DLG_MISC_CR, , 400, GBP, GWCCGLReserves_20200415005702F, , Motor, 64380748
300000002568692, 74177, DLG_MISC_DR, 600, , GBP, GWCCGLReserves_20200415005702F, , Motor, 64380749
300000002568692, 56205, DLG_MISC_CR, , 600, GBP, GWCCGLReserves_20200415005702F, , Motor, 64380749
300000002568692, 74177, DLG_MISC_DR, , 150, GBP, GWCCGLReserves_20200415005702F, , Motor, 64380750
300000002568692, 56205, DLG_MISC_CR, 150, , GBP, GWCCGLReserves_20200415005702F, , Motor, 64380750
300000002568692, 74177, DLG_MISC_DR, , 75, GBP, GWCCGLReserves_20200415005702F, , Motor, 64380751
300000002568692, 56205, DLG_MISC_CR, 75, , GBP, GWCCGLReserves_20200415005702F, , Motor, 64380751
300000002568692, 74177, DLG_MISC_DR, , 850, GBP, GWCCGLReserves_20200415005702F, , Motor, 64380752
300000002568692, 56205, DLG_MISC_CR, 850, , GBP, GWCCGLReserves_20200415005702F, , Motor, 64380752
300000002568692, 74177, DLG_MISC_DR, , 75, GBP, GWCCGLReserves_20200415005702F, , Motor, 64380753
300000002568692, 56205, DLG_MISC_CR, 75, , GBP, GWCCGLReserves_20200415005702F, , Motor, 64380753
300000002568692, 74177, DLG_MISC_DR, , 75, GBP, GWCCGLReserves_20200415005702F, , Motor, 64380754
300000002568692, 56205, DLG_MISC_CR, 75, , GBP, GWCCGLReserves_20200415005702F, , Motor, 64380754
300000002568692, 74177, DLG_MISC_DR, , 650, GBP, GWCCGLReserves_20200415005702F, , Motor, 64380755
300000002568692, 56205, DLG_MISC_CR, 650, , GBP, GWCCGLReserves_20200415005702F, , Motor, 64380755
300000002568692, 74177, DLG_MISC_DR, , 100, GBP, GWCCGLReserves_20200415005702F, , Motor, 64380756
300000002568692, 56205, DLG_MISC_CR, 100, , GBP, GWCCGLReserves_20200415005702F, , Motor, 64380756
300000002568692, 74177, DLG_MISC_DR, , 700, GBP, GWCCGLReserves_20200415005702F, , Motor, 64380757
300000002568692, 56205, DLG_MISC_CR, 700, , GBP, GWCCGLReserves_20200415005702F, , Motor, 64380757
300000002568692, 74177, DLG_MISC_DR, , 950, GBP, GWCCGLReserves_20200415005702F, , Motor, 64380758
300000002568692, 56205, DLG_MISC_CR, 950, , GBP, GWCCGLReserves_20200415005702F, , Motor, 64380758
300000002568692, 74177, DLG_MISC_DR, , 600, GBP, GWCCGLReserves_20200415005702F, , Motor, 64380759
300000002568692, 56205, DLG_MISC_CR, 600, , GBP, GWCCGLReserves_20200415005702F, , Motor, 64380759
300000002568692, 74177, DLG_MISC_DR, , 75, GBP, GWCCGLReserves_20200415005702F, , Motor, 64380760
300000002568692, 56205, DLG_MISC_CR, 75, , GBP, GWCCGLReserves_20200415005702F, , Motor, 64380760
300000002568692, 74177, DLG_MISC_DR, , 75, GBP, GWCCGLReserves_20200415005702F, , Motor, 64380761
300000002568692, 56205, DLG_MISC_CR, 75, , GBP, GWCCGLReserves_20200415005702F, , Motor, 64380761
300000002568692, 55216, DLG_MISC_DR, , 1901, GBP, GWCCGLReserves_20200415005702F, , Motor, 64380762
300000002568692, 74180, DLG_MISC_CR, 1901, , GBP, GWCCGLReserves_20200415005702F, , Motor, 64380762
300000002568692, 74177, DLG_MISC_DR, 500, , GBP, GWCCGLReserves_20200415005702F, , Motor, 64380763
300000002568692, 55764, DLG_MISC_CR, , 500, GBP, GWCCGLReserves_20200415005702F, , Motor, 64380763
300000002568692, 74177, DLG_MISC_DR, , 500, GBP, GWCCGLReserves_20200415005702F, , Motor, 64380764
300000002568692, 55764, DLG_MISC_CR, 500, , GBP, GWCCGLReserves_20200415005702F, , Motor, 64380764
300000002568692, 74177, DLG_MISC_DR, , 350, GBP, GWCCGLReserves_20200415005702F, , Motor, 64380765
300000002568692, 55764, DLG_MISC_CR, 350, , GBP, GWCCGLReserves_20200415005702F, , Motor, 64380765
300000002568692, 74177, DLG_MISC_DR, , 75, GBP, GWCCGLReserves_20200415005702F, , Motor, 64380766
300000002568692, 55764, DLG_MISC_CR, 75, , GBP, GWCCGLReserves_20200415005702F, , Motor, 64380766
300000002568692, 74177, DLG_MISC_DR, , 75, GBP, GWCCGLReserves_20200415005702F, , Motor, 64380767
300000002568692, 55765, DLG_MISC_CR, 75, , GBP, GWCCGLReserves_20200415005702F, , Motor, 64380767
300000002568692, 56203, DLG_MISC_DR, 3772, , GBP, GWCCGLReserves_20200415005702F, , Motor, 64380768
300000002568692, 74180, DLG_MISC_CR, , 3772, GBP, GWCCGLReserves_20200415005702F, , Motor, 64380768
300000002568692, 74177, DLG_MISC_DR, 1200, , GBP, GWCCGLReserves_20200415005702F, , Motor, 64380769
300000002568692, 56206, DLG_MISC_CR, , 1200, GBP, GWCCGLReserves_20200415005702F, , Motor, 64380769
300000002568692, 74177, DLG_MISC_DR, , 75, GBP, GWCCGLReserves_20200415005702F, , Motor, 64380770
300000002568692, 56206, DLG_MISC_CR, 75, , GBP, GWCCGLReserves_20200415005702F, , Motor, 64380770
300000002568692, 74177, DLG_MISC_DR, , 1200, GBP, GWCCGLReserves_20200415005702F, , Motor, 64380771
300000002568692, 56206, DLG_MISC_CR, 1200, , GBP, GWCCGLReserves_20200415005702F, , Motor, 64380771
300000002568692, 74177, DLG_MISC_DR, , 75, GBP, GWCCGLReserves_20200415005702F, , Motor, 64380772
300000002568692, 56206, DLG_MISC_CR, 75, , GBP, GWCCGLReserves_20200415005702F, , Motor, 64380772
300000002568692, 74177, DLG_MISC_DR, , 75, GBP, GWCCGLReserves_20200415005702F, , Motor, 64380773
300000002568692, 56206, DLG_MISC_CR, 75, , GBP, GWCCGLReserves_20200415005702F, , Motor, 64380773
300000002568692, 74177, DLG_MISC_DR, 1169.7, , GBP, GWCCGLReserves_20200415005702F, , Motor, 64380774
300000002568692, 56205, DLG_MISC_CR, , 1169.7, GBP, GWCCGLReserves_20200415005702F, , Motor, 64380774
300000002568692, 55214, DLG_MISC_DR, 2372, , GBP, GWCCGLReserves_20200415005702F, , Motor, 64382580
300000002568692, 74180, DLG_MISC_CR, , 2372, GBP, GWCCGLReserves_20200415005702F, , Motor, 64382580
300000002568692, 74177, DLG_MISC_DR, 350, , GBP, GWCCGLReserves_20200415005702F, , Motor, 64382581
300000002568692, 55762, DLG_MISC_CR, , 350, GBP, GWCCGLReserves_20200415005702F, , Motor, 64382581
300000002568692, 74177, DLG_MISC_DR, 500, , GBP, GWCCGLReserves_20200415005702F, , Motor, 64382582
300000002568692, 55762, DLG_MISC_CR, , 500, GBP, GWCCGLReserves_20200415005702F, , Motor, 64382582
300000002568692, 74177, DLG_MISC_DR, , 350, GBP, GWCCGLReserves_20200415005702F, , Motor, 64382583
300000002568692, 55762, DLG_MISC_CR, 350, , GBP, GWCCGLReserves_20200415005702F, , Motor, 64382583
300000002568692, 74177, DLG_MISC_DR, , 350, GBP, GWCCGLReserves_20200415005702F, , Motor, 64382584
300000002568692, 55762, DLG_MISC_CR, 350, , GBP, GWCCGLReserves_20200415005702F, , Motor, 64382584
300000002568692, 74177, DLG_MISC_DR, , 500, GBP, GWCCGLReserves_20200415005702F, , Motor, 64382585
300000002568692, 55762, DLG_MISC_CR, 500, , GBP, GWCCGLReserves_20200415005702F, , Motor, 64382585
300000002568692, 55215, DLG_MISC_DR, 200, , GBP, GWCCGLReserves_20200415005702F, , Motor, 64382586
300000002568692, 74180, DLG_MISC_CR, , 200, GBP, GWCCGLReserves_20200415005702F, , Motor, 64382586
300000002568692, 55215, DLG_MISC_DR, , 4551, GBP, GWCCGLReserves_20200415005702F, , Motor, 64382587
300000002568692, 74180, DLG_MISC_CR, 4551, , GBP, GWCCGLReserves_20200415005702F, , Motor, 64382587
300000002568692, 56202, DLG_MISC_DR, 1971, , GBP, GWCCGLReserves_20200415005702F, , Motor, 64382588
300000002568692, 74180, DLG_MISC_CR, , 1971, GBP, GWCCGLReserves_20200415005702F, , Motor, 64382588
300000002568692, 56202, DLG_MISC_DR, 10, , GBP, GWCCGLReserves_20200415005702F, , Motor, 64382589
300000002568692, 74180, DLG_MISC_CR, , 10, GBP, GWCCGLReserves_20200415005702F, , Motor, 64382589
300000002568692, 56202, DLG_MISC_DR, 820, , GBP, GWCCGLReserves_20200415005702F, , Motor, 64382590
300000002568692, 74180, DLG_MISC_CR, , 820, GBP, GWCCGLReserves_20200415005702F, , Motor, 64382590
300000002568692, 56202, DLG_MISC_DR, , 1971, GBP, GWCCGLReserves_20200415005702F, , Motor, 64382591
300000002568692, 74180, DLG_MISC_CR, 1971, , GBP, GWCCGLReserves_20200415005702F, , Motor, 64382591
300000002568692, 56202, DLG_MISC_DR, , 929.58, GBP, GWCCGLReserves_20200415005702F, , Motor, 64382592
300000002568692, 74180, DLG_MISC_CR, 929.58, , GBP, GWCCGLReserves_20200415005702F, , Motor, 64382592
300000002568692, 56202, DLG_MISC_DR, , 13002, GBP, GWCCGLReserves_20200415005702F, , Motor, 64382593
300000002568692, 74180, DLG_MISC_CR, 13002, , GBP, GWCCGLReserves_20200415005702F, , Motor, 64382593
300000002568692, 56202, DLG_MISC_DR, , 3901, GBP, GWCCGLReserves_20200415005702F, , Motor, 64382594
300000002568692, 74180, DLG_MISC_CR, 3901, , GBP, GWCCGLReserves_20200415005702F, , Motor, 64382594
300000002568692, 68785, DLG_MISC_DR, , 42, GBP, GWCCGLReserves_20200415005702F, , Motor, 64382595
300000002568692, 74179, DLG_MISC_CR, 42, , GBP, GWCCGLReserves_20200415005702F, , Motor, 64382595
300000002568692, 74177, DLG_MISC_DR, 150, , GBP, GWCCGLReserves_20200415005702F, , Motor, 64382596
300000002568692, 56205, DLG_MISC_CR, , 150, GBP, GWCCGLReserves_20200415005702F, , Motor, 64382596
300000002568692, 74177, DLG_MISC_DR, 249.5, , GBP, GWCCGLReserves_20200415005702F, , Motor, 64382597
300000002568692, 56205, DLG_MISC_CR, , 249.5, GBP, GWCCGLReserves_20200415005702F, , Motor, 64382597
300000002568692, 74177, DLG_MISC_DR, 400, , GBP, GWCCGLReserves_20200415005702F, , Motor, 64382598
300000002568692, 56205, DLG_MISC_CR, , 400, GBP, GWCCGLReserves_20200415005702F, , Motor, 64382598
300000002568692, 74177, DLG_MISC_DR, 600, , GBP, GWCCGLReserves_20200415005702F, , Motor, 64382599
300000002568692, 56205, DLG_MISC_CR, , 600, GBP, GWCCGLReserves_20200415005702F, , Motor, 64382599
300000002568692, 74177, DLG_MISC_DR, , 150, GBP, GWCCGLReserves_20200415005702F, , Motor, 64382600
300000002568692, 56205, DLG_MISC_CR, 150, , GBP, GWCCGLReserves_20200415005702F, , Motor, 64382600
300000002568692, 74177, DLG_MISC_DR, , 75, GBP, GWCCGLReserves_20200415005702F, , Motor, 64382601
300000002568692, 56205, DLG_MISC_CR, 75, , GBP, GWCCGLReserves_20200415005702F, , Motor, 64382601
300000002568692, 74177, DLG_MISC_DR, , 850, GBP, GWCCGLReserves_20200415005702F, , Motor, 64382602
300000002568692, 56205, DLG_MISC_CR, 850, , GBP, GWCCGLReserves_20200415005702F, , Motor, 64382602
300000002568692, 74177, DLG_MISC_DR, , 75, GBP, GWCCGLReserves_20200415005702F, , Motor, 64382603
300000002568692, 56205, DLG_MISC_CR, 75, , GBP, GWCCGLReserves_20200415005702F, , Motor, 64382603
300000002568692, 74177, DLG_MISC_DR, , 75, GBP, GWCCGLReserves_20200415005702F, , Motor, 64382604
300000002568692, 56205, DLG_MISC_CR, 75, , GBP, GWCCGLReserves_20200415005702F, , Motor, 64382604
300000002568692, 74177, DLG_MISC_DR, , 650, GBP, GWCCGLReserves_20200415005702F, , Motor, 64382605
300000002568692, 56205, DLG_MISC_CR, 650, , GBP, GWCCGLReserves_20200415005702F, , Motor, 64382605
300000002568692, 74177, DLG_MISC_DR, , 100, GBP, GWCCGLReserves_20200415005702F, , Motor, 64382606
300000002568692, 56205, DLG_MISC_CR, 100, , GBP, GWCCGLReserves_20200415005702F, , Motor, 64382606
300000002568692, 74177, DLG_MISC_DR, , 700, GBP, GWCCGLReserves_20200415005702F, , Motor, 64382607
300000002568692, 56205, DLG_MISC_CR, 700, , GBP, GWCCGLReserves_20200415005702F, , Motor, 64382607
300000002568692, 74177, DLG_MISC_DR, , 950, GBP, GWCCGLReserves_20200415005702F, , Motor, 64382608
300000002568692, 56205, DLG_MISC_CR, 950, , GBP, GWCCGLReserves_20200415005702F, , Motor, 64382608
300000002568692, 74177, DLG_MISC_DR, , 600, GBP, GWCCGLReserves_20200415005702F, , Motor, 64382609
300000002568692, 56205, DLG_MISC_CR, 600, , GBP, GWCCGLReserves_20200415005702F, , Motor, 64382609
300000002568692, 74177, DLG_MISC_DR, , 75, GBP, GWCCGLReserves_20200415005702F, , Motor, 64382610
300000002568692, 56205, DLG_MISC_CR, 75, , GBP, GWCCGLReserves_20200415005702F, , Motor, 64382610
300000002568692, 74177, DLG_MISC_DR, , 75, GBP, GWCCGLReserves_20200415005702F, , Motor, 64382611
300000002568692, 56205, DLG_MISC_CR, 75, , GBP, GWCCGLReserves_20200415005702F, , Motor, 64382611
300000002568692, 55216, DLG_MISC_DR, , 1901, GBP, GWCCGLReserves_20200415005702F, , Motor, 64382612
300000002568692, 74180, DLG_MISC_CR, 1901, , GBP, GWCCGLReserves_20200415005702F, , Motor, 64382612
300000002568692, 74177, DLG_MISC_DR, 500, , GBP, GWCCGLReserves_20200415005702F, , Motor, 64382613
300000002568692, 55764, DLG_MISC_CR, , 500, GBP, GWCCGLReserves_20200415005702F, , Motor, 64382613
300000002568692, 74177, DLG_MISC_DR, , 500, GBP, GWCCGLReserves_20200415005702F, , Motor, 64382614
300000002568692, 55764, DLG_MISC_CR, 500, , GBP, GWCCGLReserves_20200415005702F, , Motor, 64382614
300000002568692, 74177, DLG_MISC_DR, , 350, GBP, GWCCGLReserves_20200415005702F, , Motor, 64382615
300000002568692, 55764, DLG_MISC_CR, 350, , GBP, GWCCGLReserves_20200415005702F, , Motor, 64382615
300000002568692, 74177, DLG_MISC_DR, , 75, GBP, GWCCGLReserves_20200415005702F, , Motor, 64382616
300000002568692, 55764, DLG_MISC_CR, 75, , GBP, GWCCGLReserves_20200415005702F, , Motor, 64382616
300000002568692, 74177, DLG_MISC_DR, , 75, GBP, GWCCGLReserves_20200415005702F, , Motor, 64382617
300000002568692, 55765, DLG_MISC_CR, 75, , GBP, GWCCGLReserves_20200415005702F, , Motor, 64382617
300000002568692, 56203, DLG_MISC_DR, 3772, , GBP, GWCCGLReserves_20200415005702F, , Motor, 64382618
300000002568692, 74180, DLG_MISC_CR, , 3772, GBP, GWCCGLReserves_20200415005702F, , Motor, 64382618
300000002568692, 74177, DLG_MISC_DR, 1200, , GBP, GWCCGLReserves_20200415005702F, , Motor, 64382619
300000002568692, 56206, DLG_MISC_CR, , 1200, GBP, GWCCGLReserves_20200415005702F, , Motor, 64382619
300000002568692, 74177, DLG_MISC_DR, , 75, GBP, GWCCGLReserves_20200415005702F, , Motor, 64382620
300000002568692, 56206, DLG_MISC_CR, 75, , GBP, GWCCGLReserves_20200415005702F, , Motor, 64382620
300000002568692, 74177, DLG_MISC_DR, , 1200, GBP, GWCCGLReserves_20200415005702F, , Motor, 64382621
300000002568692, 56206, DLG_MISC_CR, 1200, , GBP, GWCCGLReserves_20200415005702F, , Motor, 64382621
300000002568692, 74177, DLG_MISC_DR, , 75, GBP, GWCCGLReserves_20200415005702F, , Motor, 64382622
300000002568692, 56206, DLG_MISC_CR, 75, , GBP, GWCCGLReserves_20200415005702F, , Motor, 64382622
300000002568692, 74177, DLG_MISC_DR, , 75, GBP, GWCCGLReserves_20200415005702F, , Motor, 64382623
300000002568692, 56206, DLG_MISC_CR, 75, , GBP, GWCCGLReserves_20200415005702F, , Motor, 64382623
300000002568692, 74177, DLG_MISC_DR, 1169.7, , GBP, GWCCGLReserves_20200415005702F, , Motor, 64382624
300000002568692, 56205, DLG_MISC_CR, , 1169.7, GBP, GWCCGLReserves_20200415005702F, , Motor, 64382624
300000002568692, 55214, DLG_MISC_DR, 2372, , GBP, GWCCGLReserves_20200415005702F, , Motor, 64382730
300000002568692, 74180, DLG_MISC_CR, , 2372, GBP, GWCCGLReserves_20200415005702F, , Motor, 64382730
300000002568692, 74177, DLG_MISC_DR, 350, , GBP, GWCCGLReserves_20200415005702F, , Motor, 64382731
300000002568692, 55762, DLG_MISC_CR, , 350, GBP, GWCCGLReserves_20200415005702F, , Motor, 64382731
300000002568692, 74177, DLG_MISC_DR, 500, , GBP, GWCCGLReserves_20200415005702F, , Motor, 64382732
300000002568692, 55762, DLG_MISC_CR, , 500, GBP, GWCCGLReserves_20200415005702F, , Motor, 64382732
300000002568692, 74177, DLG_MISC_DR, , 350, GBP, GWCCGLReserves_20200415005702F, , Motor, 64382733
300000002568692, 55762, DLG_MISC_CR, 350, , GBP, GWCCGLReserves_20200415005702F, , Motor, 64382733
300000002568692, 74177, DLG_MISC_DR, , 350, GBP, GWCCGLReserves_20200415005702F, , Motor, 64382734
300000002568692, 55762, DLG_MISC_CR, 350, , GBP, GWCCGLReserves_20200415005702F, , Motor, 64382734
300000002568692, 74177, DLG_MISC_DR, , 500, GBP, GWCCGLReserves_20200415005702F, , Motor, 64382735
300000002568692, 55762, DLG_MISC_CR, 500, , GBP, GWCCGLReserves_20200415005702F, , Motor, 64382735
300000002568692, 55215, DLG_MISC_DR, 200, , GBP, GWCCGLReserves_20200415005702F, , Motor, 64382736
300000002568692, 74180, DLG_MISC_CR, , 200, GBP, GWCCGLReserves_20200415005702F, , Motor, 64382736
300000002568692, 55215, DLG_MISC_DR, , 4551, GBP, GWCCGLReserves_20200415005702F, , Motor, 64382737
300000002568692, 74180, DLG_MISC_CR, 4551, , GBP, GWCCGLReserves_20200415005702F, , Motor, 64382737
300000002568692, 56202, DLG_MISC_DR, 1971, , GBP, GWCCGLReserves_20200415005702F, , Motor, 64382738
300000002568692, 74180, DLG_MISC_CR, , 1971, GBP, GWCCGLReserves_20200415005702F, , Motor, 64382738
300000002568692, 56202, DLG_MISC_DR, 10, , GBP, GWCCGLReserves_20200415005702F, , Motor, 64382739
300000002568692, 74180, DLG_MISC_CR, , 10, GBP, GWCCGLReserves_20200415005702F, , Motor, 64382739
300000002568692, 56202, DLG_MISC_DR, 820, , GBP, GWCCGLReserves_20200415005702F, , Motor, 64382740
300000002568692, 74180, DLG_MISC_CR, , 820, GBP, GWCCGLReserves_20200415005702F, , Motor, 64382740
300000002568692, 56202, DLG_MISC_DR, , 1971, GBP, GWCCGLReserves_20200415005702F, , Motor, 64382741
300000002568692, 74180, DLG_MISC_CR, 1971, , GBP, GWCCGLReserves_20200415005702F, , Motor, 64382741
300000002568692, 56202, DLG_MISC_DR, , 929.58, GBP, GWCCGLReserves_20200415005702F, , Motor, 64382742
300000002568692, 74180, DLG_MISC_CR, 929.58, , GBP, GWCCGLReserves_20200415005702F, , Motor, 64382742
300000002568692, 56202, DLG_MISC_DR, , 13002, GBP, GWCCGLReserves_20200415005702F, , Motor, 64382743
300000002568692, 74180, DLG_MISC_CR, 13002, , GBP, GWCCGLReserves_20200415005702F, , Motor, 64382743
300000002568692, 56202, DLG_MISC_DR, , 3901, GBP, GWCCGLReserves_20200415005702F, , Motor, 64382744
300000002568692, 74180, DLG_MISC_CR, 3901, , GBP, GWCCGLReserves_20200415005702F, , Motor, 64382744
300000002568692, 68785, DLG_MISC_DR, , 42, GBP, GWCCGLReserves_20200415005702F, , Motor, 64382745
300000002568692, 74179, DLG_MISC_CR, 42, , GBP, GWCCGLReserves_20200415005702F, , Motor, 64382745
300000002568692, 74177, DLG_MISC_DR, 150, , GBP, GWCCGLReserves_20200415005702F, , Motor, 64382746
300000002568692, 56205, DLG_MISC_CR, , 150, GBP, GWCCGLReserves_20200415005702F, , Motor, 64382746
300000002568692, 74177, DLG_MISC_DR, 249.5, , GBP, GWCCGLReserves_20200415005702F, , Motor, 64382747
300000002568692, 56205, DLG_MISC_CR, , 249.5, GBP, GWCCGLReserves_20200415005702F, , Motor, 64382747
300000002568692, 74177, DLG_MISC_DR, 400, , GBP, GWCCGLReserves_20200415005702F, , Motor, 64382748
300000002568692, 56205, DLG_MISC_CR, , 400, GBP, GWCCGLReserves_20200415005702F, , Motor, 64382748
300000002568692, 74177, DLG_MISC_DR, 600, , GBP, GWCCGLReserves_20200415005702F, , Motor, 64382749
300000002568692, 56205, DLG_MISC_CR, , 600, GBP, GWCCGLReserves_20200415005702F, , Motor, 64382749
300000002568692, 74177, DLG_MISC_DR, , 150, GBP, GWCCGLReserves_20200415005702F, , Motor, 64382750
300000002568692, 56205, DLG_MISC_CR, 150, , GBP, GWCCGLReserves_20200415005702F, , Motor, 64382750
300000002568692, 56205, DLG_MISC_CR, 75, , GBP, GWCCGLReserves_20200415005702F, , Motor, 64382751
300000002568692, 74177, DLG_MISC_DR, , 75, GBP, GWCCGLReserves_20200415005702F, , Motor, 64382751
300000002568692, 74177, DLG_MISC_DR, , 850, GBP, GWCCGLReserves_20200415005702F, , Motor, 64382752
300000002568692, 56205, DLG_MISC_CR, 850, , GBP, GWCCGLReserves_20200415005702F, , Motor, 64382752
300000002568692, 74177, DLG_MISC_DR, , 75, GBP, GWCCGLReserves_20200415005702F, , Motor, 64382753
300000002568692, 56205, DLG_MISC_CR, 75, , GBP, GWCCGLReserves_20200415005702F, , Motor, 64382753
300000002568692, 74177, DLG_MISC_DR, , 75, GBP, GWCCGLReserves_20200415005702F, , Motor, 64382754
300000002568692, 56205, DLG_MISC_CR, 75, , GBP, GWCCGLReserves_20200415005702F, , Motor, 64382754
300000002568692, 74177, DLG_MISC_DR, , 650, GBP, GWCCGLReserves_20200415005702F, , Motor, 64382755
300000002568692, 56205, DLG_MISC_CR, 650, , GBP, GWCCGLReserves_20200415005702F, , Motor, 64382755
300000002568692, 74177, DLG_MISC_DR, , 100, GBP, GWCCGLReserves_20200415005702F, , Motor, 64382756
300000002568692, 56205, DLG_MISC_CR, 100, , GBP, GWCCGLReserves_20200415005702F, , Motor, 64382756
300000002568692, 74177, DLG_MISC_DR, , 700, GBP, GWCCGLReserves_20200415005702F, , Motor, 64382757
300000002568692, 56205, DLG_MISC_CR, 700, , GBP, GWCCGLReserves_20200415005702F, , Motor, 64382757
300000002568692, 56205, DLG_MISC_CR, 950, , GBP, GWCCGLReserves_20200415005702F, , Motor, 64382758
300000002568692, 74177, DLG_MISC_DR, , 950, GBP, GWCCGLReserves_20200415005702F, , Motor, 64382758
300000002568692, 74177, DLG_MISC_DR, , 600, GBP, GWCCGLReserves_20200415005702F, , Motor, 64382759
300000002568692, 56205, DLG_MISC_CR, 600, , GBP, GWCCGLReserves_20200415005702F, , Motor, 64382759
300000002568692, 74177, DLG_MISC_DR, , 75, GBP, GWCCGLReserves_20200415005702F, , Motor, 64382760
300000002568692, 56205, DLG_MISC_CR, 75, , GBP, GWCCGLReserves_20200415005702F, , Motor, 64382760
300000002568692, 74177, DLG_MISC_DR, , 75, GBP, GWCCGLReserves_20200415005702F, , Motor, 64382761
300000002568692, 56205, DLG_MISC_CR, 75, , GBP, GWCCGLReserves_20200415005702F, , Motor, 64382761
300000002568692, 55216, DLG_MISC_DR, , 1901, GBP, GWCCGLReserves_20200415005702F, , Motor, 64382762
300000002568692, 74180, DLG_MISC_CR, 1901, , GBP, GWCCGLReserves_20200415005702F, , Motor, 64382762
300000002568692, 74177, DLG_MISC_DR, 500, , GBP, GWCCGLReserves_20200415005702F, , Motor, 64382763
300000002568692, 55764, DLG_MISC_CR, , 500, GBP, GWCCGLReserves_20200415005702F, , Motor, 64382763
300000002568692, 74177, DLG_MISC_DR, , 500, GBP, GWCCGLReserves_20200415005702F, , Motor, 64382764
300000002568692, 55764, DLG_MISC_CR, 500, , GBP, GWCCGLReserves_20200415005702F, , Motor, 64382764
300000002568692, 74177, DLG_MISC_DR, , 350, GBP, GWCCGLReserves_20200415005702F, , Motor, 64382765
300000002568692, 55764, DLG_MISC_CR, 350, , GBP, GWCCGLReserves_20200415005702F, , Motor, 64382765
300000002568692, 74177, DLG_MISC_DR, , 75, GBP, GWCCGLReserves_20200415005702F, , Motor, 64382766
300000002568692, 55764, DLG_MISC_CR, 75, , GBP, GWCCGLReserves_20200415005702F, , Motor, 64382766
300000002568692, 74177, DLG_MISC_DR, , 75, GBP, GWCCGLReserves_20200415005702F, , Motor, 64382767
300000002568692, 55765, DLG_MISC_CR, 75, , GBP, GWCCGLReserves_20200415005702F, , Motor, 64382767
300000002568692, 56203, DLG_MISC_DR, 3772, , GBP, GWCCGLReserves_20200415005702F, , Motor, 64382768
300000002568692, 74180, DLG_MISC_CR, , 3772, GBP, GWCCGLReserves_20200415005702F, , Motor, 64382768
300000002568692, 74177, DLG_MISC_DR, 1200, , GBP, GWCCGLReserves_20200415005702F, , Motor, 64382769
300000002568692, 56206, DLG_MISC_CR, , 1200, GBP, GWCCGLReserves_20200415005702F, , Motor, 64382769
300000002568692, 74177, DLG_MISC_DR, , 75, GBP, GWCCGLReserves_20200415005702F, , Motor, 64382770
300000002568692, 56206, DLG_MISC_CR, 75, , GBP, GWCCGLReserves_20200415005702F, , Motor, 64382770
300000002568692, 74177, DLG_MISC_DR, , 1200, GBP, GWCCGLReserves_20200415005702F, , Motor, 64382771
300000002568692, 56206, DLG_MISC_CR, 1200, , GBP, GWCCGLReserves_20200415005702F, , Motor, 64382771
300000002568692, 74177, DLG_MISC_DR, , 75, GBP, GWCCGLReserves_20200415005702F, , Motor, 64382772
300000002568692, 56206, DLG_MISC_CR, 75, , GBP, GWCCGLReserves_20200415005702F, , Motor, 64382772
300000002568692, 74177, DLG_MISC_DR, , 75, GBP, GWCCGLReserves_20200415005702F, , Motor, 64382773
300000002568692, 56206, DLG_MISC_CR, 75, , GBP, GWCCGLReserves_20200415005702F, , Motor, 64382773
300000002568692, 74177, DLG_MISC_DR, 1169.7, , GBP, GWCCGLReserves_20200415005702F, , Motor, 64382774
300000002568692, 56205, DLG_MISC_CR, , 1169.7, GBP, GWCCGLReserves_20200415005702F, , Motor, 64382774
300000002568692, 55214, DLG_MISC_DR, 2372, , GBP, GWCCGLReserves_20200415005702F, , Motor, 64402280
300000002568692, 74180, DLG_MISC_CR, , 2372, GBP, GWCCGLReserves_20200415005702F, , Motor, 64402280
300000002568692, 74177, DLG_MISC_DR, 350, , GBP, GWCCGLReserves_20200415005702F, , Motor, 64402281
300000002568692, 55762, DLG_MISC_CR, , 350, GBP, GWCCGLReserves_20200415005702F, , Motor, 64402281
300000002568692, 74177, DLG_MISC_DR, 500, , GBP, GWCCGLReserves_20200415005702F, , Motor, 64402282
300000002568692, 55762, DLG_MISC_CR, , 500, GBP, GWCCGLReserves_20200415005702F, , Motor, 64402282
300000002568692, 74177, DLG_MISC_DR, , 350, GBP, GWCCGLReserves_20200415005702F, , Motor, 64402283
300000002568692, 55762, DLG_MISC_CR, 350, , GBP, GWCCGLReserves_20200415005702F, , Motor, 64402283
300000002568692, 74177, DLG_MISC_DR, , 350, GBP, GWCCGLReserves_20200415005702F, , Motor, 64402284
300000002568692, 55762, DLG_MISC_CR, 350, , GBP, GWCCGLReserves_20200415005702F, , Motor, 64402284
300000002568692, 74177, DLG_MISC_DR, , 500, GBP, GWCCGLReserves_20200415005702F, , Motor, 64402285
300000002568692, 55762, DLG_MISC_CR, 500, , GBP, GWCCGLReserves_20200415005702F, , Motor, 64402285
300000002568692, 55215, DLG_MISC_DR, 200, , GBP, GWCCGLReserves_20200415005702F, , Motor, 64402286
300000002568692, 74180, DLG_MISC_CR, , 200, GBP, GWCCGLReserves_20200415005702F, , Motor, 64402286
300000002568692, 55215, DLG_MISC_DR, , 4551, GBP, GWCCGLReserves_20200415005702F, , Motor, 64402287
300000002568692, 74180, DLG_MISC_CR, 4551, , GBP, GWCCGLReserves_20200415005702F, , Motor, 64402287
300000002568692, 56202, DLG_MISC_DR, 1971, , GBP, GWCCGLReserves_20200415005702F, , Motor, 64402288
300000002568692, 74180, DLG_MISC_CR, , 1971, GBP, GWCCGLReserves_20200415005702F, , Motor, 64402288
300000002568692, 56202, DLG_MISC_DR, 10, , GBP, GWCCGLReserves_20200415005702F, , Motor, 64402289
300000002568692, 74180, DLG_MISC_CR, , 10, GBP, GWCCGLReserves_20200415005702F, , Motor, 64402289
300000002568692, 56202, DLG_MISC_DR, 820, , GBP, GWCCGLReserves_20200415005702F, , Motor, 64402290
300000002568692, 74180, DLG_MISC_CR, , 820, GBP, GWCCGLReserves_20200415005702F, , Motor, 64402290
300000002568692, 56202, DLG_MISC_DR, , 1971, GBP, GWCCGLReserves_20200415005702F, , Motor, 64402291
300000002568692, 74180, DLG_MISC_CR, 1971, , GBP, GWCCGLReserves_20200415005702F, , Motor, 64402291
300000002568692, 56202, DLG_MISC_DR, , 929.58, GBP, GWCCGLReserves_20200415005702F, , Motor, 64402292
300000002568692, 74180, DLG_MISC_CR, 929.58, , GBP, GWCCGLReserves_20200415005702F, , Motor, 64402292
300000002568692, 56202, DLG_MISC_DR, , 13002, GBP, GWCCGLReserves_20200415005702F, , Motor, 64402293
300000002568692, 74180, DLG_MISC_CR, 13002, , GBP, GWCCGLReserves_20200415005702F, , Motor, 64402293
300000002568692, 56202, DLG_MISC_DR, , 3901, GBP, GWCCGLReserves_20200415005702F, , Motor, 64402294
300000002568692, 74180, DLG_MISC_CR, 3901, , GBP, GWCCGLReserves_20200415005702F, , Motor, 64402294
300000002568692, 68785, DLG_MISC_DR, , 42, GBP, GWCCGLReserves_20200415005702F, , Motor, 64402295
300000002568692, 74179, DLG_MISC_CR, 42, , GBP, GWCCGLReserves_20200415005702F, , Motor, 64402295
300000002568692, 74177, DLG_MISC_DR, 150, , GBP, GWCCGLReserves_20200415005702F, , Motor, 64402296
300000002568692, 56205, DLG_MISC_CR, , 150, GBP, GWCCGLReserves_20200415005702F, , Motor, 64402296
300000002568692, 74177, DLG_MISC_DR, 249.5, , GBP, GWCCGLReserves_20200415005702F, , Motor, 64402297
300000002568692, 56205, DLG_MISC_CR, , 249.5, GBP, GWCCGLReserves_20200415005702F, , Motor, 64402297
300000002568692, 74177, DLG_MISC_DR, 400, , GBP, GWCCGLReserves_20200415005702F, , Motor, 64402298
300000002568692, 56205, DLG_MISC_CR, , 400, GBP, GWCCGLReserves_20200415005702F, , Motor, 64402298
300000002568692, 74177, DLG_MISC_DR, 600, , GBP, GWCCGLReserves_20200415005702F, , Motor, 64402299
300000002568692, 56205, DLG_MISC_CR, , 600, GBP, GWCCGLReserves_20200415005702F, , Motor, 64402299
300000002568692, 74177, DLG_MISC_DR, , 150, GBP, GWCCGLReserves_20200415005702F, , Motor, 64402300
300000002568692, 56205, DLG_MISC_CR, 150, , GBP, GWCCGLReserves_20200415005702F, , Motor, 64402300
300000002568692, 74177, DLG_MISC_DR, , 75, GBP, GWCCGLReserves_20200415005702F, , Motor, 64402301
300000002568692, 56205, DLG_MISC_CR, 75, , GBP, GWCCGLReserves_20200415005702F, , Motor, 64402301
300000002568692, 74177, DLG_MISC_DR, , 850, GBP, GWCCGLReserves_20200415005702F, , Motor, 64402302
300000002568692, 56205, DLG_MISC_CR, 850, , GBP, GWCCGLReserves_20200415005702F, , Motor, 64402302
300000002568692, 74177, DLG_MISC_DR, , 75, GBP, GWCCGLReserves_20200415005702F, , Motor, 64402303
300000002568692, 56205, DLG_MISC_CR, 75, , GBP, GWCCGLReserves_20200415005702F, , Motor, 64402303
300000002568692, 74177, DLG_MISC_DR, , 75, GBP, GWCCGLReserves_20200415005702F, , Motor, 64402304
300000002568692, 56205, DLG_MISC_CR, 75, , GBP, GWCCGLReserves_20200415005702F, , Motor, 64402304
300000002568692, 74177, DLG_MISC_DR, , 650, GBP, GWCCGLReserves_20200415005702F, , Motor, 64402305
300000002568692, 56205, DLG_MISC_CR, 650, , GBP, GWCCGLReserves_20200415005702F, , Motor, 64402305
300000002568692, 74177, DLG_MISC_DR, , 100, GBP, GWCCGLReserves_20200415005702F, , Motor, 64402306
300000002568692, 56205, DLG_MISC_CR, 100, , GBP, GWCCGLReserves_20200415005702F, , Motor, 64402306
300000002568692, 74177, DLG_MISC_DR, , 700, GBP, GWCCGLReserves_20200415005702F, , Motor, 64402307
300000002568692, 56205, DLG_MISC_CR, 700, , GBP, GWCCGLReserves_20200415005702F, , Motor, 64402307
300000002568692, 74177, DLG_MISC_DR, , 950, GBP, GWCCGLReserves_20200415005702F, , Motor, 64402308
300000002568692, 56205, DLG_MISC_CR, 950, , GBP, GWCCGLReserves_20200415005702F, , Motor, 64402308
300000002568692, 74177, DLG_MISC_DR, , 600, GBP, GWCCGLReserves_20200415005702F, , Motor, 64402309
300000002568692, 56205, DLG_MISC_CR, 600, , GBP, GWCCGLReserves_20200415005702F, , Motor, 64402309
300000002568692, 74177, DLG_MISC_DR, , 75, GBP, GWCCGLReserves_20200415005702F, , Motor, 64402310
300000002568692, 56205, DLG_MISC_CR, 75, , GBP, GWCCGLReserves_20200415005702F, , Motor, 64402310
300000002568692, 74177, DLG_MISC_DR, , 75, GBP, GWCCGLReserves_20200415005702F, , Motor, 64402311
300000002568692, 56205, DLG_MISC_CR, 75, , GBP, GWCCGLReserves_20200415005702F, , Motor, 64402311
300000002568692, 55216, DLG_MISC_DR, , 1901, GBP, GWCCGLReserves_20200415005702F, , Motor, 64402312
300000002568692, 74180, DLG_MISC_CR, 1901, , GBP, GWCCGLReserves_20200415005702F, , Motor, 64402312
300000002568692, 74177, DLG_MISC_DR, 500, , GBP, GWCCGLReserves_20200415005702F, , Motor, 64402313
300000002568692, 55764, DLG_MISC_CR, , 500, GBP, GWCCGLReserves_20200415005702F, , Motor, 64402313
300000002568692, 74177, DLG_MISC_DR, , 500, GBP, GWCCGLReserves_20200415005702F, , Motor, 64402314
300000002568692, 55764, DLG_MISC_CR, 500, , GBP, GWCCGLReserves_20200415005702F, , Motor, 64402314
300000002568692, 74177, DLG_MISC_DR, , 350, GBP, GWCCGLReserves_20200415005702F, , Motor, 64402315
300000002568692, 55764, DLG_MISC_CR, 350, , GBP, GWCCGLReserves_20200415005702F, , Motor, 64402315
300000002568692, 74177, DLG_MISC_DR, , 75, GBP, GWCCGLReserves_20200415005702F, , Motor, 64402316
300000002568692, 55764, DLG_MISC_CR, 75, , GBP, GWCCGLReserves_20200415005702F, , Motor, 64402316
300000002568692, 74177, DLG_MISC_DR, , 75, GBP, GWCCGLReserves_20200415005702F, , Motor, 64402317
300000002568692, 55765, DLG_MISC_CR, 75, , GBP, GWCCGLReserves_20200415005702F, , Motor, 64402317
300000002568692, 56203, DLG_MISC_DR, 3772, , GBP, GWCCGLReserves_20200415005702F, , Motor, 64402318
300000002568692, 74180, DLG_MISC_CR, , 3772, GBP, GWCCGLReserves_20200415005702F, , Motor, 64402318
300000002568692, 74177, DLG_MISC_DR, 1200, , GBP, GWCCGLReserves_20200415005702F, , Motor, 64402319
300000002568692, 56206, DLG_MISC_CR, , 1200, GBP, GWCCGLReserves_20200415005702F, , Motor, 64402319
300000002568692, 74177, DLG_MISC_DR, , 75, GBP, GWCCGLReserves_20200415005702F, , Motor, 64402320
300000002568692, 56206, DLG_MISC_CR, 75, , GBP, GWCCGLReserves_20200415005702F, , Motor, 64402320
300000002568692, 74177, DLG_MISC_DR, , 1200, GBP, GWCCGLReserves_20200415005702F, , Motor, 64402321
300000002568692, 56206, DLG_MISC_CR, 1200, , GBP, GWCCGLReserves_20200415005702F, , Motor, 64402321
300000002568692, 74177, DLG_MISC_DR, , 75, GBP, GWCCGLReserves_20200415005702F, , Motor, 64402322
300000002568692, 56206, DLG_MISC_CR, 75, , GBP, GWCCGLReserves_20200415005702F, , Motor, 64402322
300000002568692, 74177, DLG_MISC_DR, , 75, GBP, GWCCGLReserves_20200415005702F, , Motor, 64402323
300000002568692, 56206, DLG_MISC_CR, 75, , GBP, GWCCGLReserves_20200415005702F, , Motor, 64402323
300000002568692, 74177, DLG_MISC_DR, 1169.7, , GBP, GWCCGLReserves_20200415005702F, , Motor, 64402324
300000002568692, 56205, DLG_MISC_CR, , 1169.7, GBP, GWCCGLReserves_20200415005702F, , Motor, 64402324
300000002568692, 55214, DLG_MISC_DR, 2372, , GBP, GWCCGLReserves_20200415005702F, , Motor, 64379430
300000002568692, 74180, DLG_MISC_CR, , 2372, GBP, GWCCGLReserves_20200415005702F, , Motor, 64379430
300000002568692, 74177, DLG_MISC_DR, 350, , GBP, GWCCGLReserves_20200415005702F, , Motor, 64379431
300000002568692, 55762, DLG_MISC_CR, , 350, GBP, GWCCGLReserves_20200415005702F, , Motor, 64379431
300000002568692, 74177, DLG_MISC_DR, 500, , GBP, GWCCGLReserves_20200415005702F, , Motor, 64379432
300000002568692, 55762, DLG_MISC_CR, , 500, GBP, GWCCGLReserves_20200415005702F, , Motor, 64379432
300000002568692, 74177, DLG_MISC_DR, , 350, GBP, GWCCGLReserves_20200415005702F, , Motor, 64379433
300000002568692, 55762, DLG_MISC_CR, 350, , GBP, GWCCGLReserves_20200415005702F, , Motor, 64379433
300000002568692, 74177, DLG_MISC_DR, , 350, GBP, GWCCGLReserves_20200415005702F, , Motor, 64379434
300000002568692, 55762, DLG_MISC_CR, 350, , GBP, GWCCGLReserves_20200415005702F, , Motor, 64379434
300000002568692, 74177, DLG_MISC_DR, , 500, GBP, GWCCGLReserves_20200415005702F, , Motor, 64379435
300000002568692, 55762, DLG_MISC_CR, 500, , GBP, GWCCGLReserves_20200415005702F, , Motor, 64379435
300000002568692, 55215, DLG_MISC_DR, 200, , GBP, GWCCGLReserves_20200415005702F, , Motor, 64379436
300000002568692, 74180, DLG_MISC_CR, , 200, GBP, GWCCGLReserves_20200415005702F, , Motor, 64379436
300000002568692, 55215, DLG_MISC_DR, , 4551, GBP, GWCCGLReserves_20200415005702F, , Motor, 64379437
300000002568692, 74180, DLG_MISC_CR, 4551, , GBP, GWCCGLReserves_20200415005702F, , Motor, 64379437
300000002568692, 74180, DLG_MISC_CR, , 1971, GBP, GWCCGLReserves_20200415005702F, , Motor, 64379438
300000002568692, 56202, DLG_MISC_DR, 1971, , GBP, GWCCGLReserves_20200415005702F, , Motor, 64379438
300000002568692, 56202, DLG_MISC_DR, 10, , GBP, GWCCGLReserves_20200415005702F, , Motor, 64379439
300000002568692, 74180, DLG_MISC_CR, , 10, GBP, GWCCGLReserves_20200415005702F, , Motor, 64379439
300000002568692, 56202, DLG_MISC_DR, 820, , GBP, GWCCGLReserves_20200415005702F, , Motor, 64379440
300000002568692, 74180, DLG_MISC_CR, , 820, GBP, GWCCGLReserves_20200415005702F, , Motor, 64379440
300000002568692, 56202, DLG_MISC_DR, , 1971, GBP, GWCCGLReserves_20200415005702F, , Motor, 64379441
300000002568692, 74180, DLG_MISC_CR, 1971, , GBP, GWCCGLReserves_20200415005702F, , Motor, 64379441
300000002568692, 56202, DLG_MISC_DR, , 929.58, GBP, GWCCGLReserves_20200415005702F, , Motor, 64379442
300000002568692, 74180, DLG_MISC_CR, 929.58, , GBP, GWCCGLReserves_20200415005702F, , Motor, 64379442
300000002568692, 56202, DLG_MISC_DR, , 13002, GBP, GWCCGLReserves_20200415005702F, , Motor, 64379443
300000002568692, 74180, DLG_MISC_CR, 13002, , GBP, GWCCGLReserves_20200415005702F, , Motor, 64379443
300000002568692, 56202, DLG_MISC_DR, , 3901, GBP, GWCCGLReserves_20200415005702F, , Motor, 64379444
300000002568692, 74180, DLG_MISC_CR, 3901, , GBP, GWCCGLReserves_20200415005702F, , Motor, 64379444
300000002568692, 68785, DLG_MISC_DR, , 42, GBP, GWCCGLReserves_20200415005702F, , Motor, 64379445
300000002568692, 74179, DLG_MISC_CR, 42, , GBP, GWCCGLReserves_20200415005702F, , Motor, 64379445
300000002568692, 74177, DLG_MISC_DR, 150, , GBP, GWCCGLReserves_20200415005702F, , Motor, 64379446
300000002568692, 56205, DLG_MISC_CR, , 150, GBP, GWCCGLReserves_20200415005702F, , Motor, 64379446
300000002568692, 74177, DLG_MISC_DR, 249.5, , GBP, GWCCGLReserves_20200415005702F, , Motor, 64379447
300000002568692, 56205, DLG_MISC_CR, , 249.5, GBP, GWCCGLReserves_20200415005702F, , Motor, 64379447
300000002568692, 74177, DLG_MISC_DR, 400, , GBP, GWCCGLReserves_20200415005702F, , Motor, 64379448
300000002568692, 56205, DLG_MISC_CR, , 400, GBP, GWCCGLReserves_20200415005702F, , Motor, 64379448
300000002568692, 74177, DLG_MISC_DR, 600, , GBP, GWCCGLReserves_20200415005702F, , Motor, 64379449
300000002568692, 56205, DLG_MISC_CR, , 600, GBP, GWCCGLReserves_20200415005702F, , Motor, 64379449
300000002568692, 74177, DLG_MISC_DR, , 150, GBP, GWCCGLReserves_20200415005702F, , Motor, 64379450
300000002568692, 56205, DLG_MISC_CR, 150, , GBP, GWCCGLReserves_20200415005702F, , Motor, 64379450
300000002568692, 74177, DLG_MISC_DR, , 75, GBP, GWCCGLReserves_20200415005702F, , Motor, 64379451
300000002568692, 56205, DLG_MISC_CR, 75, , GBP, GWCCGLReserves_20200415005702F, , Motor, 64379451
300000002568692, 74177, DLG_MISC_DR, , 850, GBP, GWCCGLReserves_20200415005702F, , Motor, 64379452
300000002568692, 56205, DLG_MISC_CR, 850, , GBP, GWCCGLReserves_20200415005702F, , Motor, 64379452
300000002568692, 74177, DLG_MISC_DR, , 75, GBP, GWCCGLReserves_20200415005702F, , Motor, 64379453
300000002568692, 56205, DLG_MISC_CR, 75, , GBP, GWCCGLReserves_20200415005702F, , Motor, 64379453
300000002568692, 74177, DLG_MISC_DR, , 75, GBP, GWCCGLReserves_20200415005702F, , Motor, 64379454
300000002568692, 56205, DLG_MISC_CR, 75, , GBP, GWCCGLReserves_20200415005702F, , Motor, 64379454
300000002568692, 74177, DLG_MISC_DR, , 650, GBP, GWCCGLReserves_20200415005702F, , Motor, 64379455
300000002568692, 56205, DLG_MISC_CR, 650, , GBP, GWCCGLReserves_20200415005702F, , Motor, 64379455
300000002568692, 74177, DLG_MISC_DR, , 100, GBP, GWCCGLReserves_20200415005702F, , Motor, 64379456
300000002568692, 56205, DLG_MISC_CR, 100, , GBP, GWCCGLReserves_20200415005702F, , Motor, 64379456
300000002568692, 74177, DLG_MISC_DR, , 700, GBP, GWCCGLReserves_20200415005702F, , Motor, 64379457
300000002568692, 56205, DLG_MISC_CR, 700, , GBP, GWCCGLReserves_20200415005702F, , Motor, 64379457
300000002568692, 74177, DLG_MISC_DR, , 950, GBP, GWCCGLReserves_20200415005702F, , Motor, 64379458
300000002568692, 56205, DLG_MISC_CR, 950, , GBP, GWCCGLReserves_20200415005702F, , Motor, 64379458
300000002568692, 74177, DLG_MISC_DR, , 600, GBP, GWCCGLReserves_20200415005702F, , Motor, 64379459
300000002568692, 56205, DLG_MISC_CR, 600, , GBP, GWCCGLReserves_20200415005702F, , Motor, 64379459
300000002568692, 74177, DLG_MISC_DR, , 75, GBP, GWCCGLReserves_20200415005702F, , Motor, 64379460
300000002568692, 56205, DLG_MISC_CR, 75, , GBP, GWCCGLReserves_20200415005702F, , Motor, 64379460
300000002568692, 74177, DLG_MISC_DR, , 75, GBP, GWCCGLReserves_20200415005702F, , Motor, 64379461
300000002568692, 56205, DLG_MISC_CR, 75, , GBP, GWCCGLReserves_20200415005702F, , Motor, 64379461
300000002568692, 55216, DLG_MISC_DR, , 1901, GBP, GWCCGLReserves_20200415005702F, , Motor, 64379462
300000002568692, 74180, DLG_MISC_CR, 1901, , GBP, GWCCGLReserves_20200415005702F, , Motor, 64379462
300000002568692, 74177, DLG_MISC_DR, 500, , GBP, GWCCGLReserves_20200415005702F, , Motor, 64379463
300000002568692, 55764, DLG_MISC_CR, , 500, GBP, GWCCGLReserves_20200415005702F, , Motor, 64379463
300000002568692, 74177, DLG_MISC_DR, , 500, GBP, GWCCGLReserves_20200415005702F, , Motor, 64379464
300000002568692, 55764, DLG_MISC_CR, 500, , GBP, GWCCGLReserves_20200415005702F, , Motor, 64379464
300000002568692, 74177, DLG_MISC_DR, , 350, GBP, GWCCGLReserves_20200415005702F, , Motor, 64379465
300000002568692, 55764, DLG_MISC_CR, 350, , GBP, GWCCGLReserves_20200415005702F, , Motor, 64379465
300000002568692, 74177, DLG_MISC_DR, , 75, GBP, GWCCGLReserves_20200415005702F, , Motor, 64379466
300000002568692, 55764, DLG_MISC_CR, 75, , GBP, GWCCGLReserves_20200415005702F, , Motor, 64379466
300000002568692, 74177, DLG_MISC_DR, , 75, GBP, GWCCGLReserves_20200415005702F, , Motor, 64379467
300000002568692, 55765, DLG_MISC_CR, 75, , GBP, GWCCGLReserves_20200415005702F, , Motor, 64379467
300000002568692, 56203, DLG_MISC_DR, 3772, , GBP, GWCCGLReserves_20200415005702F, , Motor, 64379468
300000002568692, 74180, DLG_MISC_CR, , 3772, GBP, GWCCGLReserves_20200415005702F, , Motor, 64379468
300000002568692, 74177, DLG_MISC_DR, 1200, , GBP, GWCCGLReserves_20200415005702F, , Motor, 64379469
300000002568692, 56206, DLG_MISC_CR, , 1200, GBP, GWCCGLReserves_20200415005702F, , Motor, 64379469
300000002568692, 74177, DLG_MISC_DR, , 75, GBP, GWCCGLReserves_20200415005702F, , Motor, 64379470
300000002568692, 56206, DLG_MISC_CR, 75, , GBP, GWCCGLReserves_20200415005702F, , Motor, 64379470
300000002568692, 74177, DLG_MISC_DR, , 1200, GBP, GWCCGLReserves_20200415005702F, , Motor, 64379471
300000002568692, 56206, DLG_MISC_CR, 1200, , GBP, GWCCGLReserves_20200415005702F, , Motor, 64379471
300000002568692, 74177, DLG_MISC_DR, , 75, GBP, GWCCGLReserves_20200415005702F, , Motor, 64379472
300000002568692, 56206, DLG_MISC_CR, 75, , GBP, GWCCGLReserves_20200415005702F, , Motor, 64379472
300000002568692, 74177, DLG_MISC_DR, , 75, GBP, GWCCGLReserves_20200415005702F, , Motor, 64379473
300000002568692, 56206, DLG_MISC_CR, 75, , GBP, GWCCGLReserves_20200415005702F, , Motor, 64379473
300000002568692, 74177, DLG_MISC_DR, 1169.7, , GBP, GWCCGLReserves_20200415005702F, , Motor, 64379474
300000002568692, 56205, DLG_MISC_CR, , 1169.7, GBP, GWCCGLReserves_20200415005702F, , Motor, 64379474
300000002568692, 55214, DLG_MISC_DR, 2372, , GBP, GWCCGLReserves_20200415005702F, , Motor, 64379680
300000002568692, 74180, DLG_MISC_CR, , 2372, GBP, GWCCGLReserves_20200415005702F, , Motor, 64379680
300000002568692, 74177, DLG_MISC_DR, 350, , GBP, GWCCGLReserves_20200415005702F, , Motor, 64379681
300000002568692, 55762, DLG_MISC_CR, , 350, GBP, GWCCGLReserves_20200415005702F, , Motor, 64379681
300000002568692, 74177, DLG_MISC_DR, 500, , GBP, GWCCGLReserves_20200415005702F, , Motor, 64379682
300000002568692, 55762, DLG_MISC_CR, , 500, GBP, GWCCGLReserves_20200415005702F, , Motor, 64379682
300000002568692, 74177, DLG_MISC_DR, , 350, GBP, GWCCGLReserves_20200415005702F, , Motor, 64379683
300000002568692, 55762, DLG_MISC_CR, 350, , GBP, GWCCGLReserves_20200415005702F, , Motor, 64379683
300000002568692, 74177, DLG_MISC_DR, , 350, GBP, GWCCGLReserves_20200415005702F, , Motor, 64379684
300000002568692, 55762, DLG_MISC_CR, 350, , GBP, GWCCGLReserves_20200415005702F, , Motor, 64379684
300000002568692, 74177, DLG_MISC_DR, , 500, GBP, GWCCGLReserves_20200415005702F, , Motor, 64379685
300000002568692, 55762, DLG_MISC_CR, 500, , GBP, GWCCGLReserves_20200415005702F, , Motor, 64379685
300000002568692, 55215, DLG_MISC_DR, 200, , GBP, GWCCGLReserves_20200415005702F, , Motor, 64379686
300000002568692, 74180, DLG_MISC_CR, , 200, GBP, GWCCGLReserves_20200415005702F, , Motor, 64379686
300000002568692, 55215, DLG_MISC_DR, , 4551, GBP, GWCCGLReserves_20200415005702F, , Motor, 64379687
300000002568692, 74180, DLG_MISC_CR, 4551, , GBP, GWCCGLReserves_20200415005702F, , Motor, 64379687
300000002568692, 56202, DLG_MISC_DR, 1971, , GBP, GWCCGLReserves_20200415005702F, , Motor, 64379688
300000002568692, 74180, DLG_MISC_CR, , 1971, GBP, GWCCGLReserves_20200415005702F, , Motor, 64379688
300000002568692, 56202, DLG_MISC_DR, 10, , GBP, GWCCGLReserves_20200415005702F, , Motor, 64379689
300000002568692, 74180, DLG_MISC_CR, , 10, GBP, GWCCGLReserves_20200415005702F, , Motor, 64379689
300000002568692, 56202, DLG_MISC_DR, 820, , GBP, GWCCGLReserves_20200415005702F, , Motor, 64379690
300000002568692, 74180, DLG_MISC_CR, , 820, GBP, GWCCGLReserves_20200415005702F, , Motor, 64379690
300000002568692, 56202, DLG_MISC_DR, , 1971, GBP, GWCCGLReserves_20200415005702F, , Motor, 64379691
300000002568692, 74180, DLG_MISC_CR, 1971, , GBP, GWCCGLReserves_20200415005702F, , Motor, 64379691
300000002568692, 56202, DLG_MISC_DR, , 929.58, GBP, GWCCGLReserves_20200415005702F, , Motor, 64379692
300000002568692, 74180, DLG_MISC_CR, 929.58, , GBP, GWCCGLReserves_20200415005702F, , Motor, 64379692
300000002568692, 56202, DLG_MISC_DR, , 13002, GBP, GWCCGLReserves_20200415005702F, , Motor, 64379693
300000002568692, 74180, DLG_MISC_CR, 13002, , GBP, GWCCGLReserves_20200415005702F, , Motor, 64379693
300000002568692, 56202, DLG_MISC_DR, , 3901, GBP, GWCCGLReserves_20200415005702F, , Motor, 64379694
300000002568692, 74180, DLG_MISC_CR, 3901, , GBP, GWCCGLReserves_20200415005702F, , Motor, 64379694
300000002568692, 68785, DLG_MISC_DR, , 42, GBP, GWCCGLReserves_20200415005702F, , Motor, 64379695
300000002568692, 74179, DLG_MISC_CR, 42, , GBP, GWCCGLReserves_20200415005702F, , Motor, 64379695
300000002568692, 74177, DLG_MISC_DR, 150, , GBP, GWCCGLReserves_20200415005702F, , Motor, 64379696
300000002568692, 56205, DLG_MISC_CR, , 150, GBP, GWCCGLReserves_20200415005702F, , Motor, 64379696
300000002568692, 74177, DLG_MISC_DR, 249.5, , GBP, GWCCGLReserves_20200415005702F, , Motor, 64379697
300000002568692, 56205, DLG_MISC_CR, , 249.5, GBP, GWCCGLReserves_20200415005702F, , Motor, 64379697
300000002568692, 74177, DLG_MISC_DR, 400, , GBP, GWCCGLReserves_20200415005702F, , Motor, 64379698
300000002568692, 56205, DLG_MISC_CR, , 400, GBP, GWCCGLReserves_20200415005702F, , Motor, 64379698
300000002568692, 74177, DLG_MISC_DR, 600, , GBP, GWCCGLReserves_20200415005702F, , Motor, 64379699
300000002568692, 56205, DLG_MISC_CR, , 600, GBP, GWCCGLReserves_20200415005702F, , Motor, 64379699
300000002568692, 74177, DLG_MISC_DR, , 150, GBP, GWCCGLReserves_20200415005702F, , Motor, 64379700
300000002568692, 56205, DLG_MISC_CR, 150, , GBP, GWCCGLReserves_20200415005702F, , Motor, 64379700
300000002568692, 74177, DLG_MISC_DR, , 75, GBP, GWCCGLReserves_20200415005702F, , Motor, 64379701
300000002568692, 56205, DLG_MISC_CR, 75, , GBP, GWCCGLReserves_20200415005702F, , Motor, 64379701
300000002568692, 74177, DLG_MISC_DR, , 850, GBP, GWCCGLReserves_20200415005702F, , Motor, 64379702
300000002568692, 56205, DLG_MISC_CR, 850, , GBP, GWCCGLReserves_20200415005702F, , Motor, 64379702
300000002568692, 74177, DLG_MISC_DR, , 75, GBP, GWCCGLReserves_20200415005702F, , Motor, 64379703
300000002568692, 56205, DLG_MISC_CR, 75, , GBP, GWCCGLReserves_20200415005702F, , Motor, 64379703
300000002568692, 74177, DLG_MISC_DR, , 75, GBP, GWCCGLReserves_20200415005702F, , Motor, 64379704
300000002568692, 56205, DLG_MISC_CR, 75, , GBP, GWCCGLReserves_20200415005702F, , Motor, 64379704
300000002568692, 74177, DLG_MISC_DR, , 650, GBP, GWCCGLReserves_20200415005702F, , Motor, 64379705
300000002568692, 56205, DLG_MISC_CR, 650, , GBP, GWCCGLReserves_20200415005702F, , Motor, 64379705
300000002568692, 74177, DLG_MISC_DR, , 100, GBP, GWCCGLReserves_20200415005702F, , Motor, 64379706
300000002568692, 56205, DLG_MISC_CR, 100, , GBP, GWCCGLReserves_20200415005702F, , Motor, 64379706
300000002568692, 74177, DLG_MISC_DR, , 700, GBP, GWCCGLReserves_20200415005702F, , Motor, 64379707
300000002568692, 56205, DLG_MISC_CR, 700, , GBP, GWCCGLReserves_20200415005702F, , Motor, 64379707
300000002568692, 74177, DLG_MISC_DR, , 950, GBP, GWCCGLReserves_20200415005702F, , Motor, 64379708
300000002568692, 56205, DLG_MISC_CR, 950, , GBP, GWCCGLReserves_20200415005702F, , Motor, 64379708
300000002568692, 56205, DLG_MISC_CR, 600, , GBP, GWCCGLReserves_20200415005702F, , Motor, 64379709
300000002568692, 74177, DLG_MISC_DR, , 600, GBP, GWCCGLReserves_20200415005702F, , Motor, 64379709
300000002568692, 74177, DLG_MISC_DR, , 75, GBP, GWCCGLReserves_20200415005702F, , Motor, 64379710
300000002568692, 56205, DLG_MISC_CR, 75, , GBP, GWCCGLReserves_20200415005702F, , Motor, 64379710
300000002568692, 74177, DLG_MISC_DR, , 75, GBP, GWCCGLReserves_20200415005702F, , Motor, 64379711
300000002568692, 56205, DLG_MISC_CR, 75, , GBP, GWCCGLReserves_20200415005702F, , Motor, 64379711
300000002568692, 55216, DLG_MISC_DR, , 1901, GBP, GWCCGLReserves_20200415005702F, , Motor, 64379712
300000002568692, 74180, DLG_MISC_CR, 1901, , GBP, GWCCGLReserves_20200415005702F, , Motor, 64379712
300000002568692, 74177, DLG_MISC_DR, 500, , GBP, GWCCGLReserves_20200415005702F, , Motor, 64379713
300000002568692, 55764, DLG_MISC_CR, , 500, GBP, GWCCGLReserves_20200415005702F, , Motor, 64379713
300000002568692, 74177, DLG_MISC_DR, , 500, GBP, GWCCGLReserves_20200415005702F, , Motor, 64379714
300000002568692, 55764, DLG_MISC_CR, 500, , GBP, GWCCGLReserves_20200415005702F, , Motor, 64379714
300000002568692, 74177, DLG_MISC_DR, , 350, GBP, GWCCGLReserves_20200415005702F, , Motor, 64379715
300000002568692, 55764, DLG_MISC_CR, 350, , GBP, GWCCGLReserves_20200415005702F, , Motor, 64379715
300000002568692, 74177, DLG_MISC_DR, , 75, GBP, GWCCGLReserves_20200415005702F, , Motor, 64379716
300000002568692, 55764, DLG_MISC_CR, 75, , GBP, GWCCGLReserves_20200415005702F, , Motor, 64379716
300000002568692, 74177, DLG_MISC_DR, , 75, GBP, GWCCGLReserves_20200415005702F, , Motor, 64379717
300000002568692, 55765, DLG_MISC_CR, 75, , GBP, GWCCGLReserves_20200415005702F, , Motor, 64379717
300000002568692, 56203, DLG_MISC_DR, 3772, , GBP, GWCCGLReserves_20200415005702F, , Motor, 64379718
300000002568692, 74180, DLG_MISC_CR, , 3772, GBP, GWCCGLReserves_20200415005702F, , Motor, 64379718
300000002568692, 74177, DLG_MISC_DR, 1200, , GBP, GWCCGLReserves_20200415005702F, , Motor, 64379719
300000002568692, 56206, DLG_MISC_CR, , 1200, GBP, GWCCGLReserves_20200415005702F, , Motor, 64379719
300000002568692, 74177, DLG_MISC_DR, , 75, GBP, GWCCGLReserves_20200415005702F, , Motor, 64379720
300000002568692, 56206, DLG_MISC_CR, 75, , GBP, GWCCGLReserves_20200415005702F, , Motor, 64379720
300000002568692, 74177, DLG_MISC_DR, , 1200, GBP, GWCCGLReserves_20200415005702F, , Motor, 64379721
300000002568692, 56206, DLG_MISC_CR, 1200, , GBP, GWCCGLReserves_20200415005702F, , Motor, 64379721
300000002568692, 74177, DLG_MISC_DR, , 75, GBP, GWCCGLReserves_20200415005702F, , Motor, 64379722
300000002568692, 56206, DLG_MISC_CR, 75, , GBP, GWCCGLReserves_20200415005702F, , Motor, 64379722
300000002568692, 74177, DLG_MISC_DR, , 75, GBP, GWCCGLReserves_20200415005702F, , Motor, 64379723
300000002568692, 56206, DLG_MISC_CR, 75, , GBP, GWCCGLReserves_20200415005702F, , Motor, 64379723
300000002568692, 74177, DLG_MISC_DR, 1169.7, , GBP, GWCCGLReserves_20200415005702F, , Motor, 64379724
300000002568692, 56205, DLG_MISC_CR, , 1169.7, GBP, GWCCGLReserves_20200415005702F, , Motor, 64379724
