TRANSACTION_DATE,TRANSACTION_NUMBER,AHCS_EVENT_CODE,FSH_SOURCE,SOURCE_FILE_NAME,RESERVES_FLAG,UNDERWRITER,SUMMARY_FLAG,EVENT_ID,LINE_NUMBER,APPLICATION_ID,BASE_AMOUNT,CURRENCY_CODE,ORIGINAL_AMOUNT,LINE_OF_BUSINESS,FSH_BRAND,FSH_CHANNEL,FSH_PRODUCT,PRODUCT_TYPE,EXCHANGE_RATE,EXCHANGE_RATE_TYPE,EXCHANGE_DATE,PRODUCT_KEY,DR/CR,CODE_COMBINATION_ID,SEGMNT1,SEGMENT2,SEGMENT3,SEGMENT4,SEGMENT5,SEGMENT6,SEGMENT7,SEGMENT8,SEGMENT9,SEGMENT10
2020-12-06T00:00:00.000+00:00,64402280,DLG_RESERVES,GWCCGLReserves,GWCCGLReserves_20200415005702F119.xml,CY,UKInsurance,,510236,1,300000002568692,2372,GBP,2372,Motor,Privilege,ContactCentre,Motor,Comprehensive,1,DAILY,,Privilege_Comprehensive,DR,55214,320,SYS000,20700,208,CD000,PHONE,000,GWCC,0,0
2020-12-06T00:00:00.000+00:00,64402280,DLG_RESERVES,GWCCGLReserves,GWCCGLReserves_20200415005702F119.xml,CY,UKInsurance,,510236,1,300000002568692,2372,GBP,2372,Motor,Privilege,ContactCentre,Motor,Comprehensive,1,DAILY,,Privilege_Comprehensive,CR,74180,320,000000,90300,208,CD000,00000,000,GWCC,0,0
2020-12-06T00:00:00.000+00:00,64402281,DLG_RECO_RESV,GWCCGLReserves,GWCCGLReserves_20200415005702F119.xml,CY,UKInsurance,,510237,2,300000002568692,350,GBP,350,Motor,Privilege,ContactCentre,Motor,Comprehensive,1,DAILY,,Privilege_Comprehensive,DR,74177,320,000000,90301,208,CD000,00000,000,GWCC,0,0
2020-12-06T00:00:00.000+00:00,64402281,DLG_RECO_RESV,GWCCGLReserves,GWCCGLReserves_20200415005702F119.xml,CY,UKInsurance,,510237,2,300000002568692,350,GBP,350,Motor,Privilege,ContactCentre,Motor,Comprehensive,1,DAILY,,Privilege_Comprehensive,CR,55762,320,SYS000,20701,208,CD000,PHONE,000,GWCC,0,0
2020-12-06T00:00:00.000+00:00,64402282,DLG_RECO_RESV,GWCCGLReserves,GWCCGLReserves_20200415005702F119.xml,CY,UKInsurance,,510238,3,300000002568692,500,GBP,500,Motor,Privilege,ContactCentre,Motor,Comprehensive,1,DAILY,,Privilege_Comprehensive,DR,74177,320,000000,90301,208,CD000,00000,000,GWCC,0,0
2020-12-06T00:00:00.000+00:00,64402282,DLG_RECO_RESV,GWCCGLReserves,GWCCGLReserves_20200415005702F119.xml,CY,UKInsurance,,510238,3,300000002568692,500,GBP,500,Motor,Privilege,ContactCentre,Motor,Comprehensive,1,DAILY,,Privilege_Comprehensive,CR,55762,320,SYS000,20701,208,CD000,PHONE,000,GWCC,0,0
2020-12-06T00:00:00.000+00:00,64402283,DLG_RECO_RESV,GWCCGLReserves,GWCCGLReserves_20200415005702F119.xml,CY,UKInsurance,,510239,4,300000002568692,-350,GBP,-350,Motor,Privilege,ContactCentre,Motor,Comprehensive,1,DAILY,,Privilege_Comprehensive,DR,74177,320,000000,90301,208,CD000,00000,000,GWCC,0,0
2020-12-06T00:00:00.000+00:00,64402283,DLG_RECO_RESV,GWCCGLReserves,GWCCGLReserves_20200415005702F119.xml,CY,UKInsurance,,510239,4,300000002568692,-350,GBP,-350,Motor,Privilege,ContactCentre,Motor,Comprehensive,1,DAILY,,Privilege_Comprehensive,CR,55762,320,SYS000,20701,208,CD000,PHONE,000,GWCC,0,0
2020-12-06T00:00:00.000+00:00,64402284,DLG_RECO_RESV,GWCCGLReserves,GWCCGLReserves_20200415005702F119.xml,CY,UKInsurance,,510240,5,300000002568692,-350,GBP,-350,Motor,Privilege,ContactCentre,Motor,Comprehensive,1,DAILY,,Privilege_Comprehensive,DR,74177,320,000000,90301,208,CD000,00000,000,GWCC,0,0
2020-12-06T00:00:00.000+00:00,64402284,DLG_RECO_RESV,GWCCGLReserves,GWCCGLReserves_20200415005702F119.xml,CY,UKInsurance,,510240,5,300000002568692,-350,GBP,-350,Motor,Privilege,ContactCentre,Motor,Comprehensive,1,DAILY,,Privilege_Comprehensive,CR,55762,320,SYS000,20701,208,CD000,PHONE,000,GWCC,0,0
2020-12-06T00:00:00.000+00:00,64402285,DLG_RECO_RESV,GWCCGLReserves,GWCCGLReserves_20200415005702F119.xml,CY,UKInsurance,,510241,6,300000002568692,-500,GBP,-500,Motor,Privilege,ContactCentre,Motor,Comprehensive,1,DAILY,,Privilege_Comprehensive,DR,74177,320,000000,90301,208,CD000,00000,000,GWCC,0,0
2020-12-06T00:00:00.000+00:00,64402285,DLG_RECO_RESV,GWCCGLReserves,GWCCGLReserves_20200415005702F119.xml,CY,UKInsurance,,510241,6,300000002568692,-500,GBP,-500,Motor,Privilege,ContactCentre,Motor,Comprehensive,1,DAILY,,Privilege_Comprehensive,CR,55762,320,SYS000,20701,208,CD000,PHONE,000,GWCC,0,0
2020-12-06T00:00:00.000+00:00,64402286,DLG_RESERVES,GWCCGLReserves,GWCCGLReserves_20200415005702F119.xml,CY,UKInsurance,,510242,7,300000002568692,200,GBP,200,Motor,Privilege,Digital,Motor,Comprehensive,1,DAILY,,Privilege_Comprehensive,DR,55215,320,SYS000,20700,208,CD000,WEB00,000,GWCC,0,0
2020-12-06T00:00:00.000+00:00,64402286,DLG_RESERVES,GWCCGLReserves,GWCCGLReserves_20200415005702F119.xml,CY,UKInsurance,,510242,7,300000002568692,200,GBP,200,Motor,Privilege,Digital,Motor,Comprehensive,1,DAILY,,Privilege_Comprehensive,CR,74180,320,000000,90300,208,CD000,00000,000,GWCC,0,0
2020-12-06T00:00:00.000+00:00,64402287,DLG_RESERVES,GWCCGLReserves,GWCCGLReserves_20200415005702F119.xml,CY,UKInsurance,,510243,8,300000002568692,-4551,GBP,-4551,Motor,Privilege,Digital,Motor,Comprehensive,1,DAILY,,Privilege_Comprehensive,DR,55215,320,SYS000,20700,208,CD000,WEB00,000,GWCC,0,0
2020-12-06T00:00:00.000+00:00,64402287,DLG_RESERVES,GWCCGLReserves,GWCCGLReserves_20200415005702F119.xml,CY,UKInsurance,,510243,8,300000002568692,-4551,GBP,-4551,Motor,Privilege,Digital,Motor,Comprehensive,1,DAILY,,Privilege_Comprehensive,CR,74180,320,000000,90300,208,CD000,00000,000,GWCC,0,0
2020-12-06T00:00:00.000+00:00,64402288,DLG_RESERVES,GWCCGLReserves,GWCCGLReserves_20200415005702F119.xml,CY,UKInsurance,,510244,9,300000002568692,1971,GBP,1971,Motor,Privilege,PCW,Motor,Comprehensive,1,DAILY,,Privilege_Comprehensive,DR,56202,320,SYS000,20700,208,CD000,PCW00,000,GWCC,0,0
2020-12-06T00:00:00.000+00:00,64402288,DLG_RESERVES,GWCCGLReserves,GWCCGLReserves_20200415005702F119.xml,CY,UKInsurance,,510244,9,300000002568692,1971,GBP,1971,Motor,Privilege,PCW,Motor,Comprehensive,1,DAILY,,Privilege_Comprehensive,CR,74180,320,000000,90300,208,CD000,00000,000,GWCC,0,0
2020-12-06T00:00:00.000+00:00,64402289,DLG_RESERVES,GWCCGLReserves,GWCCGLReserves_20200415005702F119.xml,CY,UKInsurance,,510245,10,300000002568692,10,GBP,10,Motor,Privilege,PCW,Motor,Comprehensive,1,DAILY,,Privilege_Comprehensive,DR,56202,320,SYS000,20700,208,CD000,PCW00,000,GWCC,0,0
2020-12-06T00:00:00.000+00:00,64402289,DLG_RESERVES,GWCCGLReserves,GWCCGLReserves_20200415005702F119.xml,CY,UKInsurance,,510245,10,300000002568692,10,GBP,10,Motor,Privilege,PCW,Motor,Comprehensive,1,DAILY,,Privilege_Comprehensive,CR,74180,320,000000,90300,208,CD000,00000,000,GWCC,0,0
2020-12-06T00:00:00.000+00:00,64402290,DLG_RESERVES,GWCCGLReserves,GWCCGLReserves_20200415005702F119.xml,CY,UKInsurance,,510246,11,300000002568692,820,GBP,820,Motor,Privilege,PCW,Motor,Comprehensive,1,DAILY,,Privilege_Comprehensive,DR,56202,320,SYS000,20700,208,CD000,PCW00,000,GWCC,0,0
2020-12-06T00:00:00.000+00:00,64402290,DLG_RESERVES,GWCCGLReserves,GWCCGLReserves_20200415005702F119.xml,CY,UKInsurance,,510246,11,300000002568692,820,GBP,820,Motor,Privilege,PCW,Motor,Comprehensive,1,DAILY,,Privilege_Comprehensive,CR,74180,320,000000,90300,208,CD000,00000,000,GWCC,0,0
2020-12-06T00:00:00.000+00:00,64402291,DLG_RESERVES,GWCCGLReserves,GWCCGLReserves_20200415005702F119.xml,CY,UKInsurance,,510247,12,300000002568692,-1971,GBP,-1971,Motor,Privilege,PCW,Motor,Comprehensive,1,DAILY,,Privilege_Comprehensive,DR,56202,320,SYS000,20700,208,CD000,PCW00,000,GWCC,0,0
2020-12-06T00:00:00.000+00:00,64402291,DLG_RESERVES,GWCCGLReserves,GWCCGLReserves_20200415005702F119.xml,CY,UKInsurance,,510247,12,300000002568692,-1971,GBP,-1971,Motor,Privilege,PCW,Motor,Comprehensive,1,DAILY,,Privilege_Comprehensive,CR,74180,320,000000,90300,208,CD000,00000,000,GWCC,0,0
2020-12-06T00:00:00.000+00:00,64402292,DLG_RESERVES,GWCCGLReserves,GWCCGLReserves_20200415005702F119.xml,CY,UKInsurance,,510248,13,300000002568692,-929.58,GBP,-929.58,Motor,Privilege,PCW,Motor,Comprehensive,1,DAILY,,Privilege_Comprehensive,DR,56202,320,SYS000,20700,208,CD000,PCW00,000,GWCC,0,0
2020-12-06T00:00:00.000+00:00,64402292,DLG_RESERVES,GWCCGLReserves,GWCCGLReserves_20200415005702F119.xml,CY,UKInsurance,,510248,13,300000002568692,-929.58,GBP,-929.58,Motor,Privilege,PCW,Motor,Comprehensive,1,DAILY,,Privilege_Comprehensive,CR,74180,320,000000,90300,208,CD000,00000,000,GWCC,0,0
2020-12-06T00:00:00.000+00:00,64402293,DLG_RESERVES,GWCCGLReserves,GWCCGLReserves_20200415005702F119.xml,CY,UKInsurance,,510249,14,300000002568692,-13002,GBP,-13002,Motor,Privilege,PCW,Motor,Comprehensive,1,DAILY,,Privilege_Comprehensive,DR,56202,320,SYS000,20700,208,CD000,PCW00,000,GWCC,0,0
2020-12-06T00:00:00.000+00:00,64402293,DLG_RESERVES,GWCCGLReserves,GWCCGLReserves_20200415005702F119.xml,CY,UKInsurance,,510249,14,300000002568692,-13002,GBP,-13002,Motor,Privilege,PCW,Motor,Comprehensive,1,DAILY,,Privilege_Comprehensive,CR,74180,320,000000,90300,208,CD000,00000,000,GWCC,0,0
2020-12-06T00:00:00.000+00:00,64402294,DLG_RESERVES,GWCCGLReserves,GWCCGLReserves_20200415005702F119.xml,CY,UKInsurance,,510250,15,300000002568692,-3901,GBP,-3901,Motor,Privilege,PCW,Motor,Comprehensive,1,DAILY,,Privilege_Comprehensive,DR,56202,320,SYS000,20700,208,CD000,PCW00,000,GWCC,0,0
2020-12-06T00:00:00.000+00:00,64402294,DLG_RESERVES,GWCCGLReserves,GWCCGLReserves_20200415005702F119.xml,CY,UKInsurance,,510250,15,300000002568692,-3901,GBP,-3901,Motor,Privilege,PCW,Motor,Comprehensive,1,DAILY,,Privilege_Comprehensive,CR,74180,320,000000,90300,208,CD000,00000,000,GWCC,0,0
2020-12-06T00:00:00.000+00:00,64402295,DLG_RESERVES,GWCCGLReserves,GWCCGLReserves_20200415005702F119.xml,PY,UKInsurance,,510251,16,300000002568692,-42,GBP,-42,Motor,Privilege,PCW,Motor,Comprehensive,1,DAILY,,Privilege_Comprehensive,DR,68785,320,SYS000,20710,208,CD000,PCW00,000,GWCC,0,0
2020-12-06T00:00:00.000+00:00,64402295,DLG_RESERVES,GWCCGLReserves,GWCCGLReserves_20200415005702F119.xml,PY,UKInsurance,,510251,16,300000002568692,-42,GBP,-42,Motor,Privilege,PCW,Motor,Comprehensive,1,DAILY,,Privilege_Comprehensive,CR,74179,320,000000,90310,208,CD000,00000,000,GWCC,0,0
2020-12-06T00:00:00.000+00:00,64402296,DLG_RECO_RESV,GWCCGLReserves,GWCCGLReserves_20200415005702F119.xml,CY,UKInsurance,,510252,17,300000002568692,150,GBP,150,Motor,Privilege,PCW,Motor,Comprehensive,1,DAILY,,Privilege_Comprehensive,DR,74177,320,000000,90301,208,CD000,00000,000,GWCC,0,0
2020-12-06T00:00:00.000+00:00,64402296,DLG_RECO_RESV,GWCCGLReserves,GWCCGLReserves_20200415005702F119.xml,CY,UKInsurance,,510252,17,300000002568692,150,GBP,150,Motor,Privilege,PCW,Motor,Comprehensive,1,DAILY,,Privilege_Comprehensive,CR,56205,320,SYS000,20701,208,CD000,PCW00,000,GWCC,0,0
2020-12-06T00:00:00.000+00:00,64402297,DLG_RECO_RESV,GWCCGLReserves,GWCCGLReserves_20200415005702F119.xml,CY,UKInsurance,,510253,18,300000002568692,249.5,GBP,249.5,Motor,Privilege,PCW,Motor,Comprehensive,1,DAILY,,Privilege_Comprehensive,DR,74177,320,000000,90301,208,CD000,00000,000,GWCC,0,0
2020-12-06T00:00:00.000+00:00,64402297,DLG_RECO_RESV,GWCCGLReserves,GWCCGLReserves_20200415005702F119.xml,CY,UKInsurance,,510253,18,300000002568692,249.5,GBP,249.5,Motor,Privilege,PCW,Motor,Comprehensive,1,DAILY,,Privilege_Comprehensive,CR,56205,320,SYS000,20701,208,CD000,PCW00,000,GWCC,0,0
2020-12-06T00:00:00.000+00:00,64402298,DLG_RECO_RESV,GWCCGLReserves,GWCCGLReserves_20200415005702F119.xml,CY,UKInsurance,,510254,19,300000002568692,400,GBP,400,Motor,Privilege,PCW,Motor,Comprehensive,1,DAILY,,Privilege_Comprehensive,DR,74177,320,000000,90301,208,CD000,00000,000,GWCC,0,0
2020-12-06T00:00:00.000+00:00,64402298,DLG_RECO_RESV,GWCCGLReserves,GWCCGLReserves_20200415005702F119.xml,CY,UKInsurance,,510254,19,300000002568692,400,GBP,400,Motor,Privilege,PCW,Motor,Comprehensive,1,DAILY,,Privilege_Comprehensive,CR,56205,320,SYS000,20701,208,CD000,PCW00,000,GWCC,0,0
2020-12-06T00:00:00.000+00:00,64402299,DLG_RECO_RESV,GWCCGLReserves,GWCCGLReserves_20200415005702F119.xml,CY,UKInsurance,,510255,20,300000002568692,600,GBP,600,Motor,Privilege,PCW,Motor,Comprehensive,1,DAILY,,Privilege_Comprehensive,DR,74177,320,000000,90301,208,CD000,00000,000,GWCC,0,0
2020-12-06T00:00:00.000+00:00,64402299,DLG_RECO_RESV,GWCCGLReserves,GWCCGLReserves_20200415005702F119.xml,CY,UKInsurance,,510255,20,300000002568692,600,GBP,600,Motor,Privilege,PCW,Motor,Comprehensive,1,DAILY,,Privilege_Comprehensive,CR,56205,320,SYS000,20701,208,CD000,PCW00,000,GWCC,0,0
2020-12-06T00:00:00.000+00:00,64402300,DLG_RECO_RESV,GWCCGLReserves,GWCCGLReserves_20200415005702F119.xml,CY,UKInsurance,,510256,21,300000002568692,-150,GBP,-150,Motor,Privilege,PCW,Motor,Comprehensive,1,DAILY,,Privilege_Comprehensive,DR,74177,320,000000,90301,208,CD000,00000,000,GWCC,0,0
2020-12-06T00:00:00.000+00:00,64402300,DLG_RECO_RESV,GWCCGLReserves,GWCCGLReserves_20200415005702F119.xml,CY,UKInsurance,,510256,21,300000002568692,-150,GBP,-150,Motor,Privilege,PCW,Motor,Comprehensive,1,DAILY,,Privilege_Comprehensive,CR,56205,320,SYS000,20701,208,CD000,PCW00,000,GWCC,0,0
2020-12-06T00:00:00.000+00:00,64402301,DLG_RECO_RESV,GWCCGLReserves,GWCCGLReserves_20200415005702F119.xml,CY,UKInsurance,,510257,22,300000002568692,-75,GBP,-75,Motor,Privilege,PCW,Motor,Comprehensive,1,DAILY,,Privilege_Comprehensive,DR,74177,320,000000,90301,208,CD000,00000,000,GWCC,0,0
2020-12-06T00:00:00.000+00:00,64402301,DLG_RECO_RESV,GWCCGLReserves,GWCCGLReserves_20200415005702F119.xml,CY,UKInsurance,,510257,22,300000002568692,-75,GBP,-75,Motor,Privilege,PCW,Motor,Comprehensive,1,DAILY,,Privilege_Comprehensive,CR,56205,320,SYS000,20701,208,CD000,PCW00,000,GWCC,0,0
2020-12-06T00:00:00.000+00:00,64402302,DLG_RECO_RESV,GWCCGLReserves,GWCCGLReserves_20200415005702F119.xml,CY,UKInsurance,,510258,23,300000002568692,-850,GBP,-850,Motor,Privilege,PCW,Motor,Comprehensive,1,DAILY,,Privilege_Comprehensive,DR,74177,320,000000,90301,208,CD000,00000,000,GWCC,0,0
2020-12-06T00:00:00.000+00:00,64402302,DLG_RECO_RESV,GWCCGLReserves,GWCCGLReserves_20200415005702F119.xml,CY,UKInsurance,,510258,23,300000002568692,-850,GBP,-850,Motor,Privilege,PCW,Motor,Comprehensive,1,DAILY,,Privilege_Comprehensive,CR,56205,320,SYS000,20701,208,CD000,PCW00,000,GWCC,0,0
2020-12-06T00:00:00.000+00:00,64402303,DLG_RECO_RESV,GWCCGLReserves,GWCCGLReserves_20200415005702F119.xml,CY,UKInsurance,,510259,24,300000002568692,-75,GBP,-75,Motor,Privilege,PCW,Motor,Comprehensive,1,DAILY,,Privilege_Comprehensive,DR,74177,320,000000,90301,208,CD000,00000,000,GWCC,0,0
2020-12-06T00:00:00.000+00:00,64402303,DLG_RECO_RESV,GWCCGLReserves,GWCCGLReserves_20200415005702F119.xml,CY,UKInsurance,,510259,24,300000002568692,-75,GBP,-75,Motor,Privilege,PCW,Motor,Comprehensive,1,DAILY,,Privilege_Comprehensive,CR,56205,320,SYS000,20701,208,CD000,PCW00,000,GWCC,0,0
2020-12-06T00:00:00.000+00:00,64402304,DLG_RECO_RESV,GWCCGLReserves,GWCCGLReserves_20200415005702F119.xml,CY,UKInsurance,,510260,25,300000002568692,-75,GBP,-75,Motor,Privilege,PCW,Motor,Comprehensive,1,DAILY,,Privilege_Comprehensive,DR,74177,320,000000,90301,208,CD000,00000,000,GWCC,0,0
2020-12-06T00:00:00.000+00:00,64402304,DLG_RECO_RESV,GWCCGLReserves,GWCCGLReserves_20200415005702F119.xml,CY,UKInsurance,,510260,25,300000002568692,-75,GBP,-75,Motor,Privilege,PCW,Motor,Comprehensive,1,DAILY,,Privilege_Comprehensive,CR,56205,320,SYS000,20701,208,CD000,PCW00,000,GWCC,0,0
2020-12-06T00:00:00.000+00:00,64402305,DLG_RECO_RESV,GWCCGLReserves,GWCCGLReserves_20200415005702F119.xml,CY,UKInsurance,,510261,26,300000002568692,-650,GBP,-650,Motor,Privilege,PCW,Motor,Comprehensive,1,DAILY,,Privilege_Comprehensive,DR,74177,320,000000,90301,208,CD000,00000,000,GWCC,0,0
2020-12-06T00:00:00.000+00:00,64402305,DLG_RECO_RESV,GWCCGLReserves,GWCCGLReserves_20200415005702F119.xml,CY,UKInsurance,,510261,26,300000002568692,-650,GBP,-650,Motor,Privilege,PCW,Motor,Comprehensive,1,DAILY,,Privilege_Comprehensive,CR,56205,320,SYS000,20701,208,CD000,PCW00,000,GWCC,0,0
2020-12-06T00:00:00.000+00:00,64402306,DLG_RECO_RESV,GWCCGLReserves,GWCCGLReserves_20200415005702F119.xml,CY,UKInsurance,,510262,27,300000002568692,-100,GBP,-100,Motor,Privilege,PCW,Motor,Comprehensive,1,DAILY,,Privilege_Comprehensive,DR,74177,320,000000,90301,208,CD000,00000,000,GWCC,0,0
2020-12-06T00:00:00.000+00:00,64402306,DLG_RECO_RESV,GWCCGLReserves,GWCCGLReserves_20200415005702F119.xml,CY,UKInsurance,,510262,27,300000002568692,-100,GBP,-100,Motor,Privilege,PCW,Motor,Comprehensive,1,DAILY,,Privilege_Comprehensive,CR,56205,320,SYS000,20701,208,CD000,PCW00,000,GWCC,0,0
2020-12-06T00:00:00.000+00:00,64402307,DLG_RECO_RESV,GWCCGLReserves,GWCCGLReserves_20200415005702F119.xml,CY,UKInsurance,,510263,28,300000002568692,-700,GBP,-700,Motor,Privilege,PCW,Motor,Comprehensive,1,DAILY,,Privilege_Comprehensive,DR,74177,320,000000,90301,208,CD000,00000,000,GWCC,0,0
2020-12-06T00:00:00.000+00:00,64402307,DLG_RECO_RESV,GWCCGLReserves,GWCCGLReserves_20200415005702F119.xml,CY,UKInsurance,,510263,28,300000002568692,-700,GBP,-700,Motor,Privilege,PCW,Motor,Comprehensive,1,DAILY,,Privilege_Comprehensive,CR,56205,320,SYS000,20701,208,CD000,PCW00,000,GWCC,0,0
2020-12-06T00:00:00.000+00:00,64402308,DLG_RECO_RESV,GWCCGLReserves,GWCCGLReserves_20200415005702F119.xml,CY,UKInsurance,,510264,29,300000002568692,-950,GBP,-950,Motor,Privilege,PCW,Motor,Comprehensive,1,DAILY,,Privilege_Comprehensive,DR,74177,320,000000,90301,208,CD000,00000,000,GWCC,0,0
2020-12-06T00:00:00.000+00:00,64402308,DLG_RECO_RESV,GWCCGLReserves,GWCCGLReserves_20200415005702F119.xml,CY,UKInsurance,,510264,29,300000002568692,-950,GBP,-950,Motor,Privilege,PCW,Motor,Comprehensive,1,DAILY,,Privilege_Comprehensive,CR,56205,320,SYS000,20701,208,CD000,PCW00,000,GWCC,0,0
2020-12-06T00:00:00.000+00:00,64402309,DLG_RECO_RESV,GWCCGLReserves,GWCCGLReserves_20200415005702F119.xml,CY,UKInsurance,,510265,30,300000002568692,-600,GBP,-600,Motor,Privilege,PCW,Motor,Comprehensive,1,DAILY,,Privilege_Comprehensive,DR,74177,320,000000,90301,208,CD000,00000,000,GWCC,0,0
2020-12-06T00:00:00.000+00:00,64402309,DLG_RECO_RESV,GWCCGLReserves,GWCCGLReserves_20200415005702F119.xml,CY,UKInsurance,,510265,30,300000002568692,-600,GBP,-600,Motor,Privilege,PCW,Motor,Comprehensive,1,DAILY,,Privilege_Comprehensive,CR,56205,320,SYS000,20701,208,CD000,PCW00,000,GWCC,0,0
2020-12-06T00:00:00.000+00:00,64402310,DLG_RECO_RESV,GWCCGLReserves,GWCCGLReserves_20200415005702F119.xml,CY,UKInsurance,,510266,31,300000002568692,-75,GBP,-75,Motor,Privilege,PCW,Motor,Comprehensive,1,DAILY,,Privilege_Comprehensive,DR,74177,320,000000,90301,208,CD000,00000,000,GWCC,0,0
2020-12-06T00:00:00.000+00:00,64402310,DLG_RECO_RESV,GWCCGLReserves,GWCCGLReserves_20200415005702F119.xml,CY,UKInsurance,,510266,31,300000002568692,-75,GBP,-75,Motor,Privilege,PCW,Motor,Comprehensive,1,DAILY,,Privilege_Comprehensive,CR,56205,320,SYS000,20701,208,CD000,PCW00,000,GWCC,0,0
2020-12-06T00:00:00.000+00:00,64402311,DLG_RECO_RESV,GWCCGLReserves,GWCCGLReserves_20200415005702F119.xml,CY,UKInsurance,,510267,32,300000002568692,-75,GBP,-75,Motor,Privilege,PCW,Motor,Comprehensive,1,DAILY,,Privilege_Comprehensive,DR,74177,320,000000,90301,208,CD000,00000,000,GWCC,0,0
2020-12-06T00:00:00.000+00:00,64402311,DLG_RECO_RESV,GWCCGLReserves,GWCCGLReserves_20200415005702F119.xml,CY,UKInsurance,,510267,32,300000002568692,-75,GBP,-75,Motor,Privilege,PCW,Motor,Comprehensive,1,DAILY,,Privilege_Comprehensive,CR,56205,320,SYS000,20701,208,CD000,PCW00,000,GWCC,0,0
2020-12-06T00:00:00.000+00:00,64402312,DLG_RESERVES,GWCCGLReserves,GWCCGLReserves_20200415005702F119.xml,CY,UKInsurance,,510268,33,300000002568692,-1901,GBP,-1901,Motor,Privilege,ContactCentre,Motor,ComprehensivePlus,1,DAILY,,Privilege_ComprehensivePlus,DR,55216,320,SYS000,20700,208,CD00E,PHONE,000,GWCC,0,0
2020-12-06T00:00:00.000+00:00,64402312,DLG_RESERVES,GWCCGLReserves,GWCCGLReserves_20200415005702F119.xml,CY,UKInsurance,,510268,33,300000002568692,-1901,GBP,-1901,Motor,Privilege,ContactCentre,Motor,ComprehensivePlus,1,DAILY,,Privilege_ComprehensivePlus,CR,74180,320,000000,90300,208,CD000,00000,000,GWCC,0,0
2020-12-06T00:00:00.000+00:00,64402313,DLG_RECO_RESV,GWCCGLReserves,GWCCGLReserves_20200415005702F119.xml,CY,UKInsurance,,510269,34,300000002568692,500,GBP,500,Motor,Privilege,ContactCentre,Motor,ComprehensivePlus,1,DAILY,,Privilege_ComprehensivePlus,DR,74177,320,000000,90301,208,CD000,00000,000,GWCC,0,0
2020-12-06T00:00:00.000+00:00,64402313,DLG_RECO_RESV,GWCCGLReserves,GWCCGLReserves_20200415005702F119.xml,CY,UKInsurance,,510269,34,300000002568692,500,GBP,500,Motor,Privilege,ContactCentre,Motor,ComprehensivePlus,1,DAILY,,Privilege_ComprehensivePlus,CR,55764,320,SYS000,20701,208,CD00E,PHONE,000,GWCC,0,0
2020-12-06T00:00:00.000+00:00,64402314,DLG_RECO_RESV,GWCCGLReserves,GWCCGLReserves_20200415005702F119.xml,CY,UKInsurance,,510270,35,300000002568692,-500,GBP,-500,Motor,Privilege,ContactCentre,Motor,ComprehensivePlus,1,DAILY,,Privilege_ComprehensivePlus,DR,74177,320,000000,90301,208,CD000,00000,000,GWCC,0,0
2020-12-06T00:00:00.000+00:00,64402314,DLG_RECO_RESV,GWCCGLReserves,GWCCGLReserves_20200415005702F119.xml,CY,UKInsurance,,510270,35,300000002568692,-500,GBP,-500,Motor,Privilege,ContactCentre,Motor,ComprehensivePlus,1,DAILY,,Privilege_ComprehensivePlus,CR,55764,320,SYS000,20701,208,CD00E,PHONE,000,GWCC,0,0
2020-12-06T00:00:00.000+00:00,64402315,DLG_RECO_RESV,GWCCGLReserves,GWCCGLReserves_20200415005702F119.xml,CY,UKInsurance,,510271,36,300000002568692,-350,GBP,-350,Motor,Privilege,ContactCentre,Motor,ComprehensivePlus,1,DAILY,,Privilege_ComprehensivePlus,DR,74177,320,000000,90301,208,CD000,00000,000,GWCC,0,0
2020-12-06T00:00:00.000+00:00,64402315,DLG_RECO_RESV,GWCCGLReserves,GWCCGLReserves_20200415005702F119.xml,CY,UKInsurance,,510271,36,300000002568692,-350,GBP,-350,Motor,Privilege,ContactCentre,Motor,ComprehensivePlus,1,DAILY,,Privilege_ComprehensivePlus,CR,55764,320,SYS000,20701,208,CD00E,PHONE,000,GWCC,0,0
2020-12-06T00:00:00.000+00:00,64402316,DLG_RECO_RESV,GWCCGLReserves,GWCCGLReserves_20200415005702F119.xml,CY,UKInsurance,,510272,37,300000002568692,-75,GBP,-75,Motor,Privilege,ContactCentre,Motor,ComprehensivePlus,1,DAILY,,Privilege_ComprehensivePlus,DR,74177,320,000000,90301,208,CD000,00000,000,GWCC,0,0
2020-12-06T00:00:00.000+00:00,64402316,DLG_RECO_RESV,GWCCGLReserves,GWCCGLReserves_20200415005702F119.xml,CY,UKInsurance,,510272,37,300000002568692,-75,GBP,-75,Motor,Privilege,ContactCentre,Motor,ComprehensivePlus,1,DAILY,,Privilege_ComprehensivePlus,CR,55764,320,SYS000,20701,208,CD00E,PHONE,000,GWCC,0,0
2020-12-06T00:00:00.000+00:00,64402317,DLG_RECO_RESV,GWCCGLReserves,GWCCGLReserves_20200415005702F119.xml,CY,UKInsurance,,510273,38,300000002568692,-75,GBP,-75,Motor,Privilege,Digital,Motor,ComprehensivePlus,1,DAILY,,Privilege_ComprehensivePlus,DR,74177,320,000000,90301,208,CD000,00000,000,GWCC,0,0
2020-12-06T00:00:00.000+00:00,64402317,DLG_RECO_RESV,GWCCGLReserves,GWCCGLReserves_20200415005702F119.xml,CY,UKInsurance,,510273,38,300000002568692,-75,GBP,-75,Motor,Privilege,Digital,Motor,ComprehensivePlus,1,DAILY,,Privilege_ComprehensivePlus,CR,55765,320,SYS000,20701,208,CD00E,WEB00,000,GWCC,0,0
2020-12-06T00:00:00.000+00:00,64402318,DLG_RESERVES,GWCCGLReserves,GWCCGLReserves_20200415005702F119.xml,CY,UKInsurance,,510274,39,300000002568692,3772,GBP,3772,Motor,Privilege,PCW,Motor,ComprehensivePlus,1,DAILY,,Privilege_ComprehensivePlus,DR,56203,320,SYS000,20700,208,CD00E,PCW00,000,GWCC,0,0
2020-12-06T00:00:00.000+00:00,64402318,DLG_RESERVES,GWCCGLReserves,GWCCGLReserves_20200415005702F119.xml,CY,UKInsurance,,510274,39,300000002568692,3772,GBP,3772,Motor,Privilege,PCW,Motor,ComprehensivePlus,1,DAILY,,Privilege_ComprehensivePlus,CR,74180,320,000000,90300,208,CD000,00000,000,GWCC,0,0
2020-12-06T00:00:00.000+00:00,64402319,DLG_RECO_RESV,GWCCGLReserves,GWCCGLReserves_20200415005702F119.xml,CY,UKInsurance,,510275,40,300000002568692,1200,GBP,1200,Motor,Privilege,PCW,Motor,ComprehensivePlus,1,DAILY,,Privilege_ComprehensivePlus,DR,74177,320,000000,90301,208,CD000,00000,000,GWCC,0,0
2020-12-06T00:00:00.000+00:00,64402319,DLG_RECO_RESV,GWCCGLReserves,GWCCGLReserves_20200415005702F119.xml,CY,UKInsurance,,510275,40,300000002568692,1200,GBP,1200,Motor,Privilege,PCW,Motor,ComprehensivePlus,1,DAILY,,Privilege_ComprehensivePlus,CR,56206,320,SYS000,20701,208,CD00E,PCW00,000,GWCC,0,0
2020-12-06T00:00:00.000+00:00,64402320,DLG_RECO_RESV,GWCCGLReserves,GWCCGLReserves_20200415005702F119.xml,CY,UKInsurance,,510276,41,300000002568692,-75,GBP,-75,Motor,Privilege,PCW,Motor,ComprehensivePlus,1,DAILY,,Privilege_ComprehensivePlus,DR,74177,320,000000,90301,208,CD000,00000,000,GWCC,0,0
2020-12-06T00:00:00.000+00:00,64402320,DLG_RECO_RESV,GWCCGLReserves,GWCCGLReserves_20200415005702F119.xml,CY,UKInsurance,,510276,41,300000002568692,-75,GBP,-75,Motor,Privilege,PCW,Motor,ComprehensivePlus,1,DAILY,,Privilege_ComprehensivePlus,CR,56206,320,SYS000,20701,208,CD00E,PCW00,000,GWCC,0,0
2020-12-06T00:00:00.000+00:00,64402321,DLG_RECO_RESV,GWCCGLReserves,GWCCGLReserves_20200415005702F119.xml,CY,UKInsurance,,510277,42,300000002568692,-1200,GBP,-1200,Motor,Privilege,PCW,Motor,ComprehensivePlus,1,DAILY,,Privilege_ComprehensivePlus,DR,74177,320,000000,90301,208,CD000,00000,000,GWCC,0,0
2020-12-06T00:00:00.000+00:00,64402321,DLG_RECO_RESV,GWCCGLReserves,GWCCGLReserves_20200415005702F119.xml,CY,UKInsurance,,510277,42,300000002568692,-1200,GBP,-1200,Motor,Privilege,PCW,Motor,ComprehensivePlus,1,DAILY,,Privilege_ComprehensivePlus,CR,56206,320,SYS000,20701,208,CD00E,PCW00,000,GWCC,0,0
2020-12-06T00:00:00.000+00:00,64402322,DLG_RECO_RESV,GWCCGLReserves,GWCCGLReserves_20200415005702F119.xml,CY,UKInsurance,,510278,43,300000002568692,-75,GBP,-75,Motor,Privilege,PCW,Motor,ComprehensivePlus,1,DAILY,,Privilege_ComprehensivePlus,DR,74177,320,000000,90301,208,CD000,00000,000,GWCC,0,0
2020-12-06T00:00:00.000+00:00,64402322,DLG_RECO_RESV,GWCCGLReserves,GWCCGLReserves_20200415005702F119.xml,CY,UKInsurance,,510278,43,300000002568692,-75,GBP,-75,Motor,Privilege,PCW,Motor,ComprehensivePlus,1,DAILY,,Privilege_ComprehensivePlus,CR,56206,320,SYS000,20701,208,CD00E,PCW00,000,GWCC,0,0
2020-12-06T00:00:00.000+00:00,64402323,DLG_RECO_RESV,GWCCGLReserves,GWCCGLReserves_20200415005702F119.xml,CY,UKInsurance,,510279,44,300000002568692,-75,GBP,-75,Motor,Privilege,PCW,Motor,ComprehensivePlus,1,DAILY,,Privilege_ComprehensivePlus,DR,74177,320,000000,90301,208,CD000,00000,000,GWCC,0,0
2020-12-06T00:00:00.000+00:00,64402323,DLG_RECO_RESV,GWCCGLReserves,GWCCGLReserves_20200415005702F119.xml,CY,UKInsurance,,510279,44,300000002568692,-75,GBP,-75,Motor,Privilege,PCW,Motor,ComprehensivePlus,1,DAILY,,Privilege_ComprehensivePlus,CR,56206,320,SYS000,20701,208,CD00E,PCW00,000,GWCC,0,0
2020-12-06T00:00:00.000+00:00,64402324,DLG_RECO_RESV,GWCCGLReserves,GWCCGLReserves_20200415005702F119.xml,CY,UKInsurance,,510280,45,300000002568692,1169.7,GBP,1169.7,Motor,Privilege,PCW,Motor,Telematics,1,DAILY,,Privilege_Telematics,DR,74177,320,000000,90301,208,CD000,00000,000,GWCC,0,0
2020-12-06T00:00:00.000+00:00,64402324,DLG_RECO_RESV,GWCCGLReserves,GWCCGLReserves_20200415005702F119.xml,CY,UKInsurance,,510280,45,300000002568692,1169.7,GBP,1169.7,Motor,Privilege,PCW,Motor,Telematics,1,DAILY,,Privilege_Telematics,CR,56205,320,SYS000,20701,208,CD000,PCW00,000,GWCC,0,0
