<?xml version="1.0" encoding="UTF-8"?>
<!DOCTYPE suite SYSTEM "http://testng.org/testng-1.0.dtd" >
<suite name="Main Test Suite" verbose="2">

    <test name="GL_ALL">
         <classes>
        <class name="FileMockupCreation.GL_MockupFile.B4CGLAccrual_FileMockup"/>
             <class name="FileMockupCreation.GL_MockupFile.B4CGLBilling_FileMockup"/>
             <class name="FileMockupCreation.GL_MockupFile.B4CGLPremium_FileMockup"/>
             <class name="FileMockupCreation.GL_MockupFile.B4CGLReserves_FileMockup"/>
             <class name="FileMockupCreation.GL_MockupFile.DarwinGLPremium_FileMockup"/>
             <class name="FileMockupCreation.GL_MockupFile.EVOGLBilling_FileMockup"/>
             <class name="FileMockupCreation.GL_MockupFile.EVOGLPremium_FileMockup"/>
        </classes>
    </test>


</suite>