TRANSACTION_DATE,TRANSACTION_NUMBER,AHCS_EVENT_CODE,FSH_SOURCE,SOURCE_FILE_NAME,RESERVES_FLAG,UNDERWRITER,SUMMARY_FLAG,EVENT_ID,LINE_NUMBER,APPLICATION_ID,BASE_AMOUNT,CURRENCY_CODE,ORIGINAL_AMOUNT,LINE_OF_BUSINESS,FSH_BRAND,FSH_CHANNEL,FSH_PRODUCT,PRODUCT_TYPE,EXCHANGE_RATE,EXCHANGE_RATE_TYPE,EXCHANGE_DATE,PRODUCT_KEY,DR/CR,CODE_COMBINATION_ID,SEGMNT1,SEGMENT2,SEGMENT3,SEGMENT4,SEGMENT5,SEGMENT6,SEGMENT7,SEGMENT8,SEGMENT9,SEGMENT10
2020-09-30T00:00:00.000+00:00,64402131,DLG_RESV_ACCRLS,GWCCGLAccrual,GWCCGLAccrual_20200402062702F122.xml,CY,UKInsurance,,510204,2,300000002568692,6000,GBP,6000,Motor,Churchill,ContactCentre,Motor,ComprehensivePlus,1,DAILY,null,Churchill_ComprehensivePlus,DR,122127,320,SYS000,20705,208,R002E,PHONE,000,GWCC,0,0
2020-09-30T00:00:00.000+00:00,64402131,DLG_RESV_ACCRLS,GWCCGLAccrual,GWCCGLAccrual_20200402062702F122.xml,CY,UKInsurance,,510204,2,300000002568692,6000,GBP,6000,Motor,Churchill,ContactCentre,Motor,ComprehensivePlus,1,DAILY,null,Churchill_ComprehensivePlus,CR,122128,320,000000,90305,208,R0002,PHONE,000,GWCC,0,0
2020-09-30T00:00:00.000+00:00,64402132,DLG_RESV_ACCRLS,GWCCGLAccrual,GWCCGLAccrual_20200402062702F122.xml,CY,UKInsurance,,510205,3,300000002568692,7001,GBP,7001,Motor,Churchill,ContactCentre,Motor,ComprehensivePlus,1,DAILY,null,Churchill_ComprehensivePlus,DR,122127,320,SYS000,20705,208,R002E,PHONE,000,GWCC,0,0
2020-09-30T00:00:00.000+00:00,64402132,DLG_RESV_ACCRLS,GWCCGLAccrual,GWCCGLAccrual_20200402062702F122.xml,CY,UKInsurance,,510205,3,300000002568692,7001,GBP,7001,Motor,Churchill,ContactCentre,Motor,ComprehensivePlus,1,DAILY,null,Churchill_ComprehensivePlus,CR,122128,320,000000,90305,208,R0002,PHONE,000,GWCC,0,0
2020-09-30T00:00:00.000+00:00,64402133,DLG_RESV_ACCRLS,GWCCGLAccrual,GWCCGLAccrual_20200402062702F122.xml,CY,UKInsurance,,510206,4,300000002568692,1700,GBP,1700,Motor,Churchill,ContactCentre,Motor,TPFT,1,DAILY,null,Churchill_TPFT,DR,122129,320,SYS000,20705,208,R0002,PHONE,000,GWCC,0,0
2020-09-30T00:00:00.000+00:00,64402133,DLG_RESV_ACCRLS,GWCCGLAccrual,GWCCGLAccrual_20200402062702F122.xml,CY,UKInsurance,,510206,4,300000002568692,1700,GBP,1700,Motor,Churchill,ContactCentre,Motor,TPFT,1,DAILY,null,Churchill_TPFT,CR,122128,320,000000,90305,208,R0002,PHONE,000,GWCC,0,0
2020-09-30T00:00:00.000+00:00,64402134,DLG_RESV_ACCRLS,GWCCGLAccrual,GWCCGLAccrual_20200402062702F122.xml,CY,UKInsurance,,510207,5,300000002568692,1700,GBP,1700,Motor,Churchill,ContactCentre,Motor,TPFT,1,DAILY,null,Churchill_TPFT,DR,122129,320,SYS000,20705,208,R0002,PHONE,000,GWCC,0,0
2020-09-30T00:00:00.000+00:00,64402134,DLG_RESV_ACCRLS,GWCCGLAccrual,GWCCGLAccrual_20200402062702F122.xml,CY,UKInsurance,,510207,5,300000002568692,1700,GBP,1700,Motor,Churchill,ContactCentre,Motor,TPFT,1,DAILY,null,Churchill_TPFT,CR,122128,320,000000,90305,208,R0002,PHONE,000,GWCC,0,0
2020-09-30T00:00:00.000+00:00,64402135,DLG_RESV_ACCRLS,GWCCGLAccrual,GWCCGLAccrual_20200402062702F122.xml,CY,UKInsurance,,510208,6,300000002568692,1700,GBP,1700,Motor,Churchill,ContactCentre,Motor,TPFT,1,DAILY,null,Churchill_TPFT,DR,122129,320,SYS000,20705,208,R0002,PHONE,000,GWCC,0,0
2020-09-30T00:00:00.000+00:00,64402135,DLG_RESV_ACCRLS,GWCCGLAccrual,GWCCGLAccrual_20200402062702F122.xml,CY,UKInsurance,,510208,6,300000002568692,1700,GBP,1700,Motor,Churchill,ContactCentre,Motor,TPFT,1,DAILY,null,Churchill_TPFT,CR,122128,320,000000,90305,208,R0002,PHONE,000,GWCC,0,0
2020-09-30T00:00:00.000+00:00,64402136,DLG_RESV_ACCRLS,GWCCGLAccrual,GWCCGLAccrual_20200402062702F122.xml,CY,UKInsurance,,510209,7,300000002568692,2000,GBP,2000,Motor,Churchill,ContactCentre,Motor,TPFT,1,DAILY,null,Churchill_TPFT,DR,122129,320,SYS000,20705,208,R0002,PHONE,000,GWCC,0,0
2020-09-30T00:00:00.000+00:00,64402136,DLG_RESV_ACCRLS,GWCCGLAccrual,GWCCGLAccrual_20200402062702F122.xml,CY,UKInsurance,,510209,7,300000002568692,2000,GBP,2000,Motor,Churchill,ContactCentre,Motor,TPFT,1,DAILY,null,Churchill_TPFT,CR,122128,320,000000,90305,208,R0002,PHONE,000,GWCC,0,0
2020-09-30T00:00:00.000+00:00,64402137,DLG_RESV_ACCRLS,GWCCGLAccrual,GWCCGLAccrual_20200402062702F122.xml,CY,UKInsurance,,510210,8,300000002568692,6000,GBP,6000,Motor,DirectLine,ContactCentre,Motor,ComprehensivePlus,1,DAILY,null,DirectLine_ComprehensivePlus,DR,122130,320,SYS000,20705,208,R000E,PHONE,000,GWCC,0,0
2020-09-30T00:00:00.000+00:00,64402137,DLG_RESV_ACCRLS,GWCCGLAccrual,GWCCGLAccrual_20200402062702F122.xml,CY,UKInsurance,,510210,8,300000002568692,6000,GBP,6000,Motor,DirectLine,ContactCentre,Motor,ComprehensivePlus,1,DAILY,null,DirectLine_ComprehensivePlus,CR,122131,320,000000,90305,208,R0001,PHONE,000,GWCC,0,0
2020-09-30T00:00:00.000+00:00,64402138,DLG_RESV_ACCRLS,GWCCGLAccrual,GWCCGLAccrual_20200402062702F122.xml,CY,UKInsurance,,510211,9,300000002568692,8173,GBP,8173,Motor,DirectLine,ContactCentre,Motor,ComprehensivePlus,1,DAILY,null,DirectLine_ComprehensivePlus,DR,122130,320,SYS000,20705,208,R000E,PHONE,000,GWCC,0,0
2020-09-30T00:00:00.000+00:00,64402138,DLG_RESV_ACCRLS,GWCCGLAccrual,GWCCGLAccrual_20200402062702F122.xml,CY,UKInsurance,,510211,9,300000002568692,8173,GBP,8173,Motor,DirectLine,ContactCentre,Motor,ComprehensivePlus,1,DAILY,null,DirectLine_ComprehensivePlus,CR,122131,320,000000,90305,208,R0001,PHONE,000,GWCC,0,0
2020-09-30T00:00:00.000+00:00,64402139,DLG_RESV_ACCRLS,GWCCGLAccrual,GWCCGLAccrual_20200402062702F122.xml,CY,UKInsurance,,510212,10,300000002568692,7001,GBP,7001,Motor,DirectLine,ContactCentre,Motor,ComprehensivePlus,1,DAILY,null,DirectLine_ComprehensivePlus,DR,122130,320,SYS000,20705,208,R000E,PHONE,000,GWCC,0,0
2020-09-30T00:00:00.000+00:00,64402139,DLG_RESV_ACCRLS,GWCCGLAccrual,GWCCGLAccrual_20200402062702F122.xml,CY,UKInsurance,,510212,10,300000002568692,7001,GBP,7001,Motor,DirectLine,ContactCentre,Motor,ComprehensivePlus,1,DAILY,null,DirectLine_ComprehensivePlus,CR,122131,320,000000,90305,208,R0001,PHONE,000,GWCC,0,0
2020-09-30T00:00:00.000+00:00,64402140,DLG_RESV_ACCRLS,GWCCGLAccrual,GWCCGLAccrual_20200402062702F122.xml,CY,UKInsurance,,510213,11,300000002568692,1700,GBP,1700,Motor,DirectLine,ContactCentre,Motor,tpfttelematics,1,DAILY,null,DirectLine_tpfttelematics,DR,UTD,320,SYS000,20705,208,,PHONE,000,GWCC,0,0
2020-09-30T00:00:00.000+00:00,64402140,DLG_RESV_ACCRLS,GWCCGLAccrual,GWCCGLAccrual_20200402062702F122.xml,CY,UKInsurance,,510213,11,300000002568692,1700,GBP,1700,Motor,DirectLine,ContactCentre,Motor,tpfttelematics,1,DAILY,null,DirectLine_tpfttelematics,CR,122131,320,000000,90305,208,R0001,PHONE,000,GWCC,0,0
2020-09-30T00:00:00.000+00:00,64402141,DLG_RESV_ACCRLS,GWCCGLAccrual,GWCCGLAccrual_20200402062702F122.xml,CY,UKInsurance,,510214,12,300000002568692,1700,GBP,1700,Motor,DirectLine,ContactCentre,Motor,tpfttelematics,1,DAILY,null,DirectLine_tpfttelematics,DR,UTD,320,SYS000,20705,208,,PHONE,000,GWCC,0,0
2020-09-30T00:00:00.000+00:00,64402141,DLG_RESV_ACCRLS,GWCCGLAccrual,GWCCGLAccrual_20200402062702F122.xml,CY,UKInsurance,,510214,12,300000002568692,1700,GBP,1700,Motor,DirectLine,ContactCentre,Motor,tpfttelematics,1,DAILY,null,DirectLine_tpfttelematics,CR,122131,320,000000,90305,208,R0001,PHONE,000,GWCC,0,0
2020-09-30T00:00:00.000+00:00,64402142,DLG_RESV_ACCRLS,GWCCGLAccrual,GWCCGLAccrual_20200402062702F122.xml,CY,UKInsurance,,510215,13,300000002568692,1700,GBP,1700,Motor,DirectLine,ContactCentre,Motor,tpfttelematics,1,DAILY,null,DirectLine_tpfttelematics,DR,UTD,320,SYS000,20705,208,,PHONE,000,GWCC,0,0
2020-09-30T00:00:00.000+00:00,64402142,DLG_RESV_ACCRLS,GWCCGLAccrual,GWCCGLAccrual_20200402062702F122.xml,CY,UKInsurance,,510215,13,300000002568692,1700,GBP,1700,Motor,DirectLine,ContactCentre,Motor,tpfttelematics,1,DAILY,null,DirectLine_tpfttelematics,CR,122131,320,000000,90305,208,R0001,PHONE,000,GWCC,0,0
2020-09-30T00:00:00.000+00:00,64402143,DLG_RESV_ACCRLS,GWCCGLAccrual,GWCCGLAccrual_20200402062702F122.xml,CY,UKInsurance,,510216,14,300000002568692,30706,GBP,30706,Motor,Privilege,ContactCentre,Motor,ComprehensivePlus,1,DAILY,null,Privilege_ComprehensivePlus,DR,122133,320,SYS000,20705,208,CD00E,PHONE,000,GWCC,0,0
2020-09-30T00:00:00.000+00:00,64402143,DLG_RESV_ACCRLS,GWCCGLAccrual,GWCCGLAccrual_20200402062702F122.xml,CY,UKInsurance,,510216,14,300000002568692,30706,GBP,30706,Motor,Privilege,ContactCentre,Motor,ComprehensivePlus,1,DAILY,null,Privilege_ComprehensivePlus,CR,122134,320,000000,90305,208,CD000,PHONE,000,GWCC,0,0
2020-09-30T00:00:00.000+00:00,64402144,DLG_RESV_ACCRLS,GWCCGLAccrual,GWCCGLAccrual_20200402062702F122.xml,CY,UKInsurance,,510217,15,300000002568692,1700,GBP,1700,Motor,Privilege,ContactCentre,Motor,TPFT,1,DAILY,null,Privilege_TPFT,DR,68781,320,SYS000,20705,208,CD000,PHONE,000,GWCC,0,0
2020-09-30T00:00:00.000+00:00,64402144,DLG_RESV_ACCRLS,GWCCGLAccrual,GWCCGLAccrual_20200402062702F122.xml,CY,UKInsurance,,510217,15,300000002568692,1700,GBP,1700,Motor,Privilege,ContactCentre,Motor,TPFT,1,DAILY,null,Privilege_TPFT,CR,122134,320,000000,90305,208,CD000,PHONE,000,GWCC,0,0
2020-09-30T00:00:00.000+00:00,64402145,DLG_RESV_ACCRLS,GWCCGLAccrual,GWCCGLAccrual_20200402062702F122.xml,CY,UKInsurance,,510218,16,300000002568692,1700,GBP,1700,Motor,Privilege,ContactCentre,Motor,TPFT,1,DAILY,null,Privilege_TPFT,DR,68781,320,SYS000,20705,208,CD000,PHONE,000,GWCC,0,0
2020-09-30T00:00:00.000+00:00,64402145,DLG_RESV_ACCRLS,GWCCGLAccrual,GWCCGLAccrual_20200402062702F122.xml,CY,UKInsurance,,510218,16,300000002568692,1700,GBP,1700,Motor,Privilege,ContactCentre,Motor,TPFT,1,DAILY,null,Privilege_TPFT,CR,122134,320,000000,90305,208,CD000,PHONE,000,GWCC,0,0
2020-09-30T00:00:00.000+00:00,64402146,DLG_RESV_ACCRLS,GWCCGLAccrual,GWCCGLAccrual_20200402062702F122.xml,CY,UKInsurance,,510219,17,300000002568692,3600,GBP,3600,Motor,Privilege,ContactCentre,Motor,TPFT,1,DAILY,null,Privilege_TPFT,DR,68781,320,SYS000,20705,208,CD000,PHONE,000,GWCC,0,0
2020-09-30T00:00:00.000+00:00,64402146,DLG_RESV_ACCRLS,GWCCGLAccrual,GWCCGLAccrual_20200402062702F122.xml,CY,UKInsurance,,510219,17,300000002568692,3600,GBP,3600,Motor,Privilege,ContactCentre,Motor,TPFT,1,DAILY,null,Privilege_TPFT,CR,122134,320,000000,90305,208,CD000,PHONE,000,GWCC,0,0
2020-09-30T00:00:00.000+00:00,64402147,DLG_RESV_ACCRLS,GWCCGLAccrual,GWCCGLAccrual_20200402062702F122.xml,CY,UKInsurance,,510220,18,300000002568692,2000,GBP,2000,Motor,Privilege,ContactCentre,Motor,TPFT,1,DAILY,null,Privilege_TPFT,DR,68781,320,SYS000,20705,208,CD000,PHONE,000,GWCC,0,0
2020-09-30T00:00:00.000+00:00,64402147,DLG_RESV_ACCRLS,GWCCGLAccrual,GWCCGLAccrual_20200402062702F122.xml,CY,UKInsurance,,510220,18,300000002568692,2000,GBP,2000,Motor,Privilege,ContactCentre,Motor,TPFT,1,DAILY,null,Privilege_TPFT,CR,122134,320,000000,90305,208,CD000,PHONE,000,GWCC,0,0
2020-09-30T00:00:00.000+00:00,64402130,DLG_RESV_ACCRLS,GWCCGLAccrual,GWCCGLAccrual_20200402062702F122.xml,CY,UKInsurance,,510203,1,300000002568692,8173,GBP,8173,Motor,Churchill,ContactCentre,Motor,ComprehensivePlus,1,DAILY,null,Churchill_ComprehensivePlus,DR,122127,320,SYS000,20705,208,R002E,PHONE,000,GWCC,0,0
2020-09-30T00:00:00.000+00:00,64402130,DLG_RESV_ACCRLS,GWCCGLAccrual,GWCCGLAccrual_20200402062702F122.xml,CY,UKInsurance,,510203,1,300000002568692,8173,GBP,8173,Motor,Churchill,ContactCentre,Motor,ComprehensivePlus,1,DAILY,null,Churchill_ComprehensivePlus,CR,122128,320,000000,90305,208,R0002,PHONE,000,GWCC,0,0
