﻿APPLICATION_ID,CODE_COMBINATION_ID,ACCOUNTING_CLASS_CODE,ENTERED_DR,ENTERED_CR,CURRENCY_CODE,SR32,SR33,LINE_OF_BUSINESS,TRANSACTION_NUMBER
300000002568692, 122132, DLG_MISC_DR, 1700, , GBP, GWCCGLAccrual_20200402062702F1, , Motor, 64380590
300000002568692, 122131, DLG_MISC_CR, , 1700, GBP, GWCCGLAccrual_20200402062702F1, , Motor, 64380590
300000002568692, 122132, DLG_MISC_DR, , 1700, GBP, GWCCGLAccrual_20200402062702F1, , Motor, 64380590
300000002568692, 122131, DLG_MISC_CR, 1700, , GBP, GWCCGLAccrual_20200402062702F1, , Motor, 64380590
300000002568692, 122132, DLG_MISC_DR, 1700, , GBP, GWCCGLAccrual_20200402062702F1, , Motor, 64380591
300000002568692, 122131, DLG_MISC_CR, , 1700, GBP, GWCCGLAccrual_20200402062702F1, , Motor, 64380591
300000002568692, 122132, DLG_MISC_DR, , 1700, GBP, GWCCGLAccrual_20200402062702F1, , Motor, 64380591
300000002568692, 122131, DLG_MISC_CR, 1700, , GBP, GWCCGLAccrual_20200402062702F1, , Motor, 64380591
300000002568692, 122132, DLG_MISC_DR, 1700, , GBP, GWCCGLAccrual_20200402062702F1, , Motor, 64380592
300000002568692, 122131, DLG_MISC_CR, , 1700, GBP, GWCCGLAccrual_20200402062702F1, , Motor, 64380592
300000002568692, 122132, DLG_MISC_DR, , 1700, GBP, GWCCGLAccrual_20200402062702F1, , Motor, 64380592
300000002568692, 122131, DLG_MISC_CR, 1700, , GBP, GWCCGLAccrual_20200402062702F1, , Motor, 64380592
300000002568692, 122133, DLG_MISC_DR, 30706, , GBP, GWCCGLAccrual_20200402062702F1, , Motor, 64380593
300000002568692, 122134, DLG_MISC_CR, , 30706, GBP, GWCCGLAccrual_20200402062702F1, , Motor, 64380593
300000002568692, 122133, DLG_MISC_DR, , 30706, GBP, GWCCGLAccrual_20200402062702F1, , Motor, 64380593
300000002568692, 122134, DLG_MISC_CR, 30706, , GBP, GWCCGLAccrual_20200402062702F1, , Motor, 64380593
300000002568692, 68781, DLG_MISC_DR, 1700, , GBP, GWCCGLAccrual_20200402062702F1, , Motor, 64380594
300000002568692, 122134, DLG_MISC_CR, , 1700, GBP, GWCCGLAccrual_20200402062702F1, , Motor, 64380594
300000002568692, 68781, DLG_MISC_DR, , 1700, GBP, GWCCGLAccrual_20200402062702F1, , Motor, 64380594
300000002568692, 122134, DLG_MISC_CR, 1700, , GBP, GWCCGLAccrual_20200402062702F1, , Motor, 64380594
300000002568692, 68781, DLG_MISC_DR, 1700, , GBP, GWCCGLAccrual_20200402062702F1, , Motor, 64380595
300000002568692, 122134, DLG_MISC_CR, , 1700, GBP, GWCCGLAccrual_20200402062702F1, , Motor, 64380595
300000002568692, 68781, DLG_MISC_DR, , 1700, GBP, GWCCGLAccrual_20200402062702F1, , Motor, 64380595
300000002568692, 122134, DLG_MISC_CR, 1700, , GBP, GWCCGLAccrual_20200402062702F1, , Motor, 64380595
300000002568692, 68781, DLG_MISC_DR, 3600, , GBP, GWCCGLAccrual_20200402062702F1, , Motor, 64380596
300000002568692, 122134, DLG_MISC_CR, , 3600, GBP, GWCCGLAccrual_20200402062702F1, , Motor, 64380596
300000002568692, 68781, DLG_MISC_DR, , 3600, GBP, GWCCGLAccrual_20200402062702F1, , Motor, 64380596
300000002568692, 122134, DLG_MISC_CR, 3600, , GBP, GWCCGLAccrual_20200402062702F1, , Motor, 64380596
300000002568692, 68781, DLG_MISC_DR, 2000, , GBP, GWCCGLAccrual_20200402062702F1, , Motor, 64380597
300000002568692, 122134, DLG_MISC_CR, , 2000, GBP, GWCCGLAccrual_20200402062702F1, , Motor, 64380597
300000002568692, 68781, DLG_MISC_DR, , 2000, GBP, GWCCGLAccrual_20200402062702F1, , Motor, 64380597
300000002568692, 122134, DLG_MISC_CR, 2000, , GBP, GWCCGLAccrual_20200402062702F1, , Motor, 64380597
300000002568692, 122127, DLG_MISC_DR, , 8173, GBP, GWCCGLAccrual_20200402062702F1, , Motor, 64382430
300000002568692, 122128, DLG_MISC_CR, 8173, , GBP, GWCCGLAccrual_20200402062702F1, , Motor, 64382430
300000002568692, 122127, DLG_MISC_DR, 8173, , GBP, GWCCGLAccrual_20200402062702F1, , Motor, 64382430
300000002568692, 122128, DLG_MISC_CR, , 8173, GBP, GWCCGLAccrual_20200402062702F1, , Motor, 64382430
300000002568692, 122127, DLG_MISC_DR, , 6000, GBP, GWCCGLAccrual_20200402062702F1, , Motor, 64382431
300000002568692, 122128, DLG_MISC_CR, 6000, , GBP, GWCCGLAccrual_20200402062702F1, , Motor, 64382431
300000002568692, 122127, DLG_MISC_DR, 6000, , GBP, GWCCGLAccrual_20200402062702F1, , Motor, 64382431
300000002568692, 122128, DLG_MISC_CR, , 6000, GBP, GWCCGLAccrual_20200402062702F1, , Motor, 64382431
300000002568692, 122127, DLG_MISC_DR, , 7001, GBP, GWCCGLAccrual_20200402062702F1, , Motor, 64382432
300000002568692, 122128, DLG_MISC_CR, 7001, , GBP, GWCCGLAccrual_20200402062702F1, , Motor, 64382432
300000002568692, 122127, DLG_MISC_DR, 7001, , GBP, GWCCGLAccrual_20200402062702F1, , Motor, 64382432
300000002568692, 122128, DLG_MISC_CR, , 7001, GBP, GWCCGLAccrual_20200402062702F1, , Motor, 64382432
300000002568692, 122129, DLG_MISC_DR, , 1700, GBP, GWCCGLAccrual_20200402062702F1, , Motor, 64382433
300000002568692, 122128, DLG_MISC_CR, 1700, , GBP, GWCCGLAccrual_20200402062702F1, , Motor, 64382433
300000002568692, 122129, DLG_MISC_DR, 1700, , GBP, GWCCGLAccrual_20200402062702F1, , Motor, 64382433
300000002568692, 122128, DLG_MISC_CR, , 1700, GBP, GWCCGLAccrual_20200402062702F1, , Motor, 64382433
300000002568692, 122129, DLG_MISC_DR, , 1700, GBP, GWCCGLAccrual_20200402062702F1, , Motor, 64382434
300000002568692, 122128, DLG_MISC_CR, 1700, , GBP, GWCCGLAccrual_20200402062702F1, , Motor, 64382434
300000002568692, 122129, DLG_MISC_DR, 1700, , GBP, GWCCGLAccrual_20200402062702F1, , Motor, 64382434
300000002568692, 122128, DLG_MISC_CR, , 1700, GBP, GWCCGLAccrual_20200402062702F1, , Motor, 64382434
300000002568692, 122128, DLG_MISC_CR, , 1700, GBP, GWCCGLAccrual_20200402062702F1, , Motor, 64382435
300000002568692, 122129, DLG_MISC_DR, , 1700, GBP, GWCCGLAccrual_20200402062702F1, , Motor, 64382435
300000002568692, 122128, DLG_MISC_CR, 1700, , GBP, GWCCGLAccrual_20200402062702F1, , Motor, 64382435
300000002568692, 122129, DLG_MISC_DR, 1700, , GBP, GWCCGLAccrual_20200402062702F1, , Motor, 64382435
300000002568692, 122129, DLG_MISC_DR, 2000, , GBP, GWCCGLAccrual_20200402062702F1, , Motor, 64382436
300000002568692, 122128, DLG_MISC_CR, , 2000, GBP, GWCCGLAccrual_20200402062702F1, , Motor, 64382436
300000002568692, 122129, DLG_MISC_DR, , 2000, GBP, GWCCGLAccrual_20200402062702F1, , Motor, 64382436
300000002568692, 122128, DLG_MISC_CR, 2000, , GBP, GWCCGLAccrual_20200402062702F1, , Motor, 64382436
300000002568692, 122130, DLG_MISC_DR, 6000, , GBP, GWCCGLAccrual_20200402062702F1, , Motor, 64382437
300000002568692, 122131, DLG_MISC_CR, , 6000, GBP, GWCCGLAccrual_20200402062702F1, , Motor, 64382437
300000002568692, 122130, DLG_MISC_DR, , 6000, GBP, GWCCGLAccrual_20200402062702F1, , Motor, 64382437
300000002568692, 122131, DLG_MISC_CR, 6000, , GBP, GWCCGLAccrual_20200402062702F1, , Motor, 64382437
300000002568692, 122130, DLG_MISC_DR, 8173, , GBP, GWCCGLAccrual_20200402062702F1, , Motor, 64382438
300000002568692, 122131, DLG_MISC_CR, , 8173, GBP, GWCCGLAccrual_20200402062702F1, , Motor, 64382438
300000002568692, 122130, DLG_MISC_DR, , 8173, GBP, GWCCGLAccrual_20200402062702F1, , Motor, 64382438
300000002568692, 122131, DLG_MISC_CR, 8173, , GBP, GWCCGLAccrual_20200402062702F1, , Motor, 64382438
300000002568692, 122130, DLG_MISC_DR, 7001, , GBP, GWCCGLAccrual_20200402062702F1, , Motor, 64382439
300000002568692, 122131, DLG_MISC_CR, , 7001, GBP, GWCCGLAccrual_20200402062702F1, , Motor, 64382439
300000002568692, 122130, DLG_MISC_DR, , 7001, GBP, GWCCGLAccrual_20200402062702F1, , Motor, 64382439
300000002568692, 122131, DLG_MISC_CR, 7001, , GBP, GWCCGLAccrual_20200402062702F1, , Motor, 64382439
300000002568692, 122132, DLG_MISC_DR, 1700, , GBP, GWCCGLAccrual_20200402062702F1, , Motor, 64382440
300000002568692, 122131, DLG_MISC_CR, , 1700, GBP, GWCCGLAccrual_20200402062702F1, , Motor, 64382440
300000002568692, 122132, DLG_MISC_DR, , 1700, GBP, GWCCGLAccrual_20200402062702F1, , Motor, 64382440
300000002568692, 122131, DLG_MISC_CR, 1700, , GBP, GWCCGLAccrual_20200402062702F1, , Motor, 64382440
300000002568692, 122132, DLG_MISC_DR, 1700, , GBP, GWCCGLAccrual_20200402062702F1, , Motor, 64382441
300000002568692, 122131, DLG_MISC_CR, , 1700, GBP, GWCCGLAccrual_20200402062702F1, , Motor, 64382441
300000002568692, 122132, DLG_MISC_DR, , 1700, GBP, GWCCGLAccrual_20200402062702F1, , Motor, 64382441
300000002568692, 122131, DLG_MISC_CR, 1700, , GBP, GWCCGLAccrual_20200402062702F1, , Motor, 64382441
300000002568692, 122132, DLG_MISC_DR, 1700, , GBP, GWCCGLAccrual_20200402062702F1, , Motor, 64382442
300000002568692, 122131, DLG_MISC_CR, , 1700, GBP, GWCCGLAccrual_20200402062702F1, , Motor, 64382442
300000002568692, 122132, DLG_MISC_DR, , 1700, GBP, GWCCGLAccrual_20200402062702F1, , Motor, 64382442
300000002568692, 122131, DLG_MISC_CR, 1700, , GBP, GWCCGLAccrual_20200402062702F1, , Motor, 64382442
300000002568692, 122133, DLG_MISC_DR, 30706, , GBP, GWCCGLAccrual_20200402062702F1, , Motor, 64382443
300000002568692, 122134, DLG_MISC_CR, , 30706, GBP, GWCCGLAccrual_20200402062702F1, , Motor, 64382443
300000002568692, 122133, DLG_MISC_DR, , 30706, GBP, GWCCGLAccrual_20200402062702F1, , Motor, 64382443
300000002568692, 122134, DLG_MISC_CR, 30706, , GBP, GWCCGLAccrual_20200402062702F1, , Motor, 64382443
300000002568692, 68781, DLG_MISC_DR, 1700, , GBP, GWCCGLAccrual_20200402062702F1, , Motor, 64382444
300000002568692, 122134, DLG_MISC_CR, , 1700, GBP, GWCCGLAccrual_20200402062702F1, , Motor, 64382444
300000002568692, 68781, DLG_MISC_DR, , 1700, GBP, GWCCGLAccrual_20200402062702F1, , Motor, 64382444
300000002568692, 122134, DLG_MISC_CR, 1700, , GBP, GWCCGLAccrual_20200402062702F1, , Motor, 64382444
300000002568692, 68781, DLG_MISC_DR, , 1700, GBP, GWCCGLAccrual_20200402062702F1, , Motor, 64382445
300000002568692, 122134, DLG_MISC_CR, 1700, , GBP, GWCCGLAccrual_20200402062702F1, , Motor, 64382445
300000002568692, 68781, DLG_MISC_DR, 1700, , GBP, GWCCGLAccrual_20200402062702F1, , Motor, 64382445
300000002568692, 122134, DLG_MISC_CR, , 1700, GBP, GWCCGLAccrual_20200402062702F1, , Motor, 64382445
300000002568692, 68781, DLG_MISC_DR, , 3600, GBP, GWCCGLAccrual_20200402062702F1, , Motor, 64382446
300000002568692, 122134, DLG_MISC_CR, 3600, , GBP, GWCCGLAccrual_20200402062702F1, , Motor, 64382446
300000002568692, 68781, DLG_MISC_DR, 3600, , GBP, GWCCGLAccrual_20200402062702F1, , Motor, 64382446
300000002568692, 122134, DLG_MISC_CR, , 3600, GBP, GWCCGLAccrual_20200402062702F1, , Motor, 64382446
300000002568692, 68781, DLG_MISC_DR, , 2000, GBP, GWCCGLAccrual_20200402062702F1, , Motor, 64382447
300000002568692, 122134, DLG_MISC_CR, 2000, , GBP, GWCCGLAccrual_20200402062702F1, , Motor, 64382447
300000002568692, 68781, DLG_MISC_DR, 2000, , GBP, GWCCGLAccrual_20200402062702F1, , Motor, 64382447
300000002568692, 122134, DLG_MISC_CR, , 2000, GBP, GWCCGLAccrual_20200402062702F1, , Motor, 64382447
300000002568692, 122127, DLG_MISC_DR, , 8173, GBP, GWCCGLAccrual_20200402062702F1, , Motor, 64402130
300000002568692, 122128, DLG_MISC_CR, 8173, , GBP, GWCCGLAccrual_20200402062702F1, , Motor, 64402130
300000002568692, 122127, DLG_MISC_DR, 8173, , GBP, GWCCGLAccrual_20200402062702F1, , Motor, 64402130
300000002568692, 122128, DLG_MISC_CR, , 8173, GBP, GWCCGLAccrual_20200402062702F1, , Motor, 64402130
300000002568692, 122127, DLG_MISC_DR, , 6000, GBP, GWCCGLAccrual_20200402062702F1, , Motor, 64402131
300000002568692, 122128, DLG_MISC_CR, 6000, , GBP, GWCCGLAccrual_20200402062702F1, , Motor, 64402131
300000002568692, 122127, DLG_MISC_DR, 6000, , GBP, GWCCGLAccrual_20200402062702F1, , Motor, 64402131
300000002568692, 122128, DLG_MISC_CR, , 6000, GBP, GWCCGLAccrual_20200402062702F1, , Motor, 64402131
300000002568692, 122127, DLG_MISC_DR, , 7001, GBP, GWCCGLAccrual_20200402062702F1, , Motor, 64402132
300000002568692, 122128, DLG_MISC_CR, 7001, , GBP, GWCCGLAccrual_20200402062702F1, , Motor, 64402132
300000002568692, 122127, DLG_MISC_DR, 7001, , GBP, GWCCGLAccrual_20200402062702F1, , Motor, 64402132
300000002568692, 122128, DLG_MISC_CR, , 7001, GBP, GWCCGLAccrual_20200402062702F1, , Motor, 64402132
300000002568692, 122129, DLG_MISC_DR, , 1700, GBP, GWCCGLAccrual_20200402062702F1, , Motor, 64402133
300000002568692, 122128, DLG_MISC_CR, 1700, , GBP, GWCCGLAccrual_20200402062702F1, , Motor, 64402133
300000002568692, 122129, DLG_MISC_DR, 1700, , GBP, GWCCGLAccrual_20200402062702F1, , Motor, 64402133
300000002568692, 122128, DLG_MISC_CR, , 1700, GBP, GWCCGLAccrual_20200402062702F1, , Motor, 64402133
300000002568692, 122129, DLG_MISC_DR, , 1700, GBP, GWCCGLAccrual_20200402062702F1, , Motor, 64402134
300000002568692, 122128, DLG_MISC_CR, 1700, , GBP, GWCCGLAccrual_20200402062702F1, , Motor, 64402134
300000002568692, 122129, DLG_MISC_DR, 1700, , GBP, GWCCGLAccrual_20200402062702F1, , Motor, 64402134
300000002568692, 122128, DLG_MISC_CR, , 1700, GBP, GWCCGLAccrual_20200402062702F1, , Motor, 64402134
300000002568692, 122129, DLG_MISC_DR, , 1700, GBP, GWCCGLAccrual_20200402062702F1, , Motor, 64402135
300000002568692, 122128, DLG_MISC_CR, 1700, , GBP, GWCCGLAccrual_20200402062702F1, , Motor, 64402135
300000002568692, 122129, DLG_MISC_DR, 1700, , GBP, GWCCGLAccrual_20200402062702F1, , Motor, 64402135
300000002568692, 122128, DLG_MISC_CR, , 1700, GBP, GWCCGLAccrual_20200402062702F1, , Motor, 64402135
300000002568692, 122129, DLG_MISC_DR, , 2000, GBP, GWCCGLAccrual_20200402062702F1, , Motor, 64402136
300000002568692, 122128, DLG_MISC_CR, 2000, , GBP, GWCCGLAccrual_20200402062702F1, , Motor, 64402136
300000002568692, 122129, DLG_MISC_DR, 2000, , GBP, GWCCGLAccrual_20200402062702F1, , Motor, 64402136
300000002568692, 122128, DLG_MISC_CR, , 2000, GBP, GWCCGLAccrual_20200402062702F1, , Motor, 64402136
300000002568692, 122130, DLG_MISC_DR, , 6000, GBP, GWCCGLAccrual_20200402062702F1, , Motor, 64402137
300000002568692, 122131, DLG_MISC_CR, 6000, , GBP, GWCCGLAccrual_20200402062702F1, , Motor, 64402137
300000002568692, 122130, DLG_MISC_DR, 6000, , GBP, GWCCGLAccrual_20200402062702F1, , Motor, 64402137
300000002568692, 122131, DLG_MISC_CR, , 6000, GBP, GWCCGLAccrual_20200402062702F1, , Motor, 64402137
300000002568692, 122130, DLG_MISC_DR, , 8173, GBP, GWCCGLAccrual_20200402062702F1, , Motor, 64402138
300000002568692, 122131, DLG_MISC_CR, 8173, , GBP, GWCCGLAccrual_20200402062702F1, , Motor, 64402138
300000002568692, 122130, DLG_MISC_DR, 8173, , GBP, GWCCGLAccrual_20200402062702F1, , Motor, 64402138
300000002568692, 122131, DLG_MISC_CR, , 8173, GBP, GWCCGLAccrual_20200402062702F1, , Motor, 64402138
300000002568692, 122130, DLG_MISC_DR, , 7001, GBP, GWCCGLAccrual_20200402062702F1, , Motor, 64402139
300000002568692, 122130, DLG_MISC_DR, 7001, , GBP, GWCCGLAccrual_20200402062702F1, , Motor, 64402139
300000002568692, 122131, DLG_MISC_CR, , 7001, GBP, GWCCGLAccrual_20200402062702F1, , Motor, 64402139
300000002568692, 122131, DLG_MISC_CR, 7001, , GBP, GWCCGLAccrual_20200402062702F1, , Motor, 64402139
300000002568692, 122132, DLG_MISC_DR, 1700, , GBP, GWCCGLAccrual_20200402062702F1, , Motor, 64402140
300000002568692, 122131, DLG_MISC_CR, , 1700, GBP, GWCCGLAccrual_20200402062702F1, , Motor, 64402140
300000002568692, 122132, DLG_MISC_DR, , 1700, GBP, GWCCGLAccrual_20200402062702F1, , Motor, 64402140
300000002568692, 122131, DLG_MISC_CR, 1700, , GBP, GWCCGLAccrual_20200402062702F1, , Motor, 64402140
300000002568692, 122132, DLG_MISC_DR, 1700, , GBP, GWCCGLAccrual_20200402062702F1, , Motor, 64402141
300000002568692, 122131, DLG_MISC_CR, , 1700, GBP, GWCCGLAccrual_20200402062702F1, , Motor, 64402141
300000002568692, 122132, DLG_MISC_DR, , 1700, GBP, GWCCGLAccrual_20200402062702F1, , Motor, 64402141
300000002568692, 122131, DLG_MISC_CR, 1700, , GBP, GWCCGLAccrual_20200402062702F1, , Motor, 64402141
300000002568692, 122132, DLG_MISC_DR, 1700, , GBP, GWCCGLAccrual_20200402062702F1, , Motor, 64402142
300000002568692, 122131, DLG_MISC_CR, , 1700, GBP, GWCCGLAccrual_20200402062702F1, , Motor, 64402142
300000002568692, 122132, DLG_MISC_DR, , 1700, GBP, GWCCGLAccrual_20200402062702F1, , Motor, 64402142
300000002568692, 122131, DLG_MISC_CR, 1700, , GBP, GWCCGLAccrual_20200402062702F1, , Motor, 64402142
300000002568692, 122133, DLG_MISC_DR, 30706, , GBP, GWCCGLAccrual_20200402062702F1, , Motor, 64402143
300000002568692, 122134, DLG_MISC_CR, , 30706, GBP, GWCCGLAccrual_20200402062702F1, , Motor, 64402143
300000002568692, 122133, DLG_MISC_DR, , 30706, GBP, GWCCGLAccrual_20200402062702F1, , Motor, 64402143
300000002568692, 122134, DLG_MISC_CR, 30706, , GBP, GWCCGLAccrual_20200402062702F1, , Motor, 64402143
300000002568692, 68781, DLG_MISC_DR, 1700, , GBP, GWCCGLAccrual_20200402062702F1, , Motor, 64402144
300000002568692, 122134, DLG_MISC_CR, , 1700, GBP, GWCCGLAccrual_20200402062702F1, , Motor, 64402144
300000002568692, 68781, DLG_MISC_DR, , 1700, GBP, GWCCGLAccrual_20200402062702F1, , Motor, 64402144
300000002568692, 122134, DLG_MISC_CR, 1700, , GBP, GWCCGLAccrual_20200402062702F1, , Motor, 64402144
300000002568692, 68781, DLG_MISC_DR, 1700, , GBP, GWCCGLAccrual_20200402062702F1, , Motor, 64402145
300000002568692, 122134, DLG_MISC_CR, , 1700, GBP, GWCCGLAccrual_20200402062702F1, , Motor, 64402145
300000002568692, 68781, DLG_MISC_DR, , 1700, GBP, GWCCGLAccrual_20200402062702F1, , Motor, 64402145
300000002568692, 122134, DLG_MISC_CR, 1700, , GBP, GWCCGLAccrual_20200402062702F1, , Motor, 64402145
300000002568692, 68781, DLG_MISC_DR, , 3600, GBP, GWCCGLAccrual_20200402062702F1, , Motor, 64402146
300000002568692, 122134, DLG_MISC_CR, 3600, , GBP, GWCCGLAccrual_20200402062702F1, , Motor, 64402146
300000002568692, 68781, DLG_MISC_DR, 3600, , GBP, GWCCGLAccrual_20200402062702F1, , Motor, 64402146
300000002568692, 122134, DLG_MISC_CR, , 3600, GBP, GWCCGLAccrual_20200402062702F1, , Motor, 64402146
300000002568692, 68781, DLG_MISC_DR, , 2000, GBP, GWCCGLAccrual_20200402062702F1, , Motor, 64402147
300000002568692, 122134, DLG_MISC_CR, 2000, , GBP, GWCCGLAccrual_20200402062702F1, , Motor, 64402147
300000002568692, 68781, DLG_MISC_DR, 2000, , GBP, GWCCGLAccrual_20200402062702F1, , Motor, 64402147
300000002568692, 122134, DLG_MISC_CR, , 2000, GBP, GWCCGLAccrual_20200402062702F1, , Motor, 64402147
300000002568692, 122127, DLG_MISC_DR, , 8173, GBP, GWCCGLAccrual_20200402062702F1, , Motor, 64379530
300000002568692, 122128, DLG_MISC_CR, 8173, , GBP, GWCCGLAccrual_20200402062702F1, , Motor, 64379530
300000002568692, 122127, DLG_MISC_DR, 8173, , GBP, GWCCGLAccrual_20200402062702F1, , Motor, 64379530
300000002568692, 122128, DLG_MISC_CR, , 8173, GBP, GWCCGLAccrual_20200402062702F1, , Motor, 64379530
300000002568692, 122127, DLG_MISC_DR, , 6000, GBP, GWCCGLAccrual_20200402062702F1, , Motor, 64379531
300000002568692, 122128, DLG_MISC_CR, 6000, , GBP, GWCCGLAccrual_20200402062702F1, , Motor, 64379531
300000002568692, 122127, DLG_MISC_DR, 6000, , GBP, GWCCGLAccrual_20200402062702F1, , Motor, 64379531
300000002568692, 122128, DLG_MISC_CR, , 6000, GBP, GWCCGLAccrual_20200402062702F1, , Motor, 64379531
300000002568692, 122127, DLG_MISC_DR, , 7001, GBP, GWCCGLAccrual_20200402062702F1, , Motor, 64379532
300000002568692, 122128, DLG_MISC_CR, 7001, , GBP, GWCCGLAccrual_20200402062702F1, , Motor, 64379532
300000002568692, 122127, DLG_MISC_DR, 7001, , GBP, GWCCGLAccrual_20200402062702F1, , Motor, 64379532
300000002568692, 122128, DLG_MISC_CR, , 7001, GBP, GWCCGLAccrual_20200402062702F1, , Motor, 64379532
300000002568692, 122129, DLG_MISC_DR, , 1700, GBP, GWCCGLAccrual_20200402062702F1, , Motor, 64379533
300000002568692, 122128, DLG_MISC_CR, 1700, , GBP, GWCCGLAccrual_20200402062702F1, , Motor, 64379533
300000002568692, 122129, DLG_MISC_DR, 1700, , GBP, GWCCGLAccrual_20200402062702F1, , Motor, 64379533
300000002568692, 122128, DLG_MISC_CR, , 1700, GBP, GWCCGLAccrual_20200402062702F1, , Motor, 64379533
300000002568692, 122129, DLG_MISC_DR, , 1700, GBP, GWCCGLAccrual_20200402062702F1, , Motor, 64379534
300000002568692, 122128, DLG_MISC_CR, 1700, , GBP, GWCCGLAccrual_20200402062702F1, , Motor, 64379534
300000002568692, 122129, DLG_MISC_DR, 1700, , GBP, GWCCGLAccrual_20200402062702F1, , Motor, 64379534
300000002568692, 122128, DLG_MISC_CR, , 1700, GBP, GWCCGLAccrual_20200402062702F1, , Motor, 64379534
300000002568692, 122129, DLG_MISC_DR, , 1700, GBP, GWCCGLAccrual_20200402062702F1, , Motor, 64379535
300000002568692, 122128, DLG_MISC_CR, 1700, , GBP, GWCCGLAccrual_20200402062702F1, , Motor, 64379535
300000002568692, 122129, DLG_MISC_DR, 1700, , GBP, GWCCGLAccrual_20200402062702F1, , Motor, 64379535
300000002568692, 122128, DLG_MISC_CR, , 1700, GBP, GWCCGLAccrual_20200402062702F1, , Motor, 64379535
300000002568692, 122129, DLG_MISC_DR, , 2000, GBP, GWCCGLAccrual_20200402062702F1, , Motor, 64379536
300000002568692, 122128, DLG_MISC_CR, 2000, , GBP, GWCCGLAccrual_20200402062702F1, , Motor, 64379536
300000002568692, 122129, DLG_MISC_DR, 2000, , GBP, GWCCGLAccrual_20200402062702F1, , Motor, 64379536
300000002568692, 122128, DLG_MISC_CR, , 2000, GBP, GWCCGLAccrual_20200402062702F1, , Motor, 64379536
300000002568692, 122130, DLG_MISC_DR, , 6000, GBP, GWCCGLAccrual_20200402062702F1, , Motor, 64379537
300000002568692, 122131, DLG_MISC_CR, 6000, , GBP, GWCCGLAccrual_20200402062702F1, , Motor, 64379537
300000002568692, 122130, DLG_MISC_DR, 6000, , GBP, GWCCGLAccrual_20200402062702F1, , Motor, 64379537
300000002568692, 122131, DLG_MISC_CR, , 6000, GBP, GWCCGLAccrual_20200402062702F1, , Motor, 64379537
300000002568692, 122130, DLG_MISC_DR, , 8173, GBP, GWCCGLAccrual_20200402062702F1, , Motor, 64379538
300000002568692, 122131, DLG_MISC_CR, 8173, , GBP, GWCCGLAccrual_20200402062702F1, , Motor, 64379538
300000002568692, 122130, DLG_MISC_DR, 8173, , GBP, GWCCGLAccrual_20200402062702F1, , Motor, 64379538
300000002568692, 122131, DLG_MISC_CR, , 8173, GBP, GWCCGLAccrual_20200402062702F1, , Motor, 64379538
300000002568692, 122130, DLG_MISC_DR, , 7001, GBP, GWCCGLAccrual_20200402062702F1, , Motor, 64379539
300000002568692, 122131, DLG_MISC_CR, 7001, , GBP, GWCCGLAccrual_20200402062702F1, , Motor, 64379539
300000002568692, 122130, DLG_MISC_DR, 7001, , GBP, GWCCGLAccrual_20200402062702F1, , Motor, 64379539
300000002568692, 122131, DLG_MISC_CR, , 7001, GBP, GWCCGLAccrual_20200402062702F1, , Motor, 64379539
300000002568692, 122132, DLG_MISC_DR, , 1700, GBP, GWCCGLAccrual_20200402062702F1, , Motor, 64379540
300000002568692, 122131, DLG_MISC_CR, 1700, , GBP, GWCCGLAccrual_20200402062702F1, , Motor, 64379540
300000002568692, 122132, DLG_MISC_DR, 1700, , GBP, GWCCGLAccrual_20200402062702F1, , Motor, 64379540
300000002568692, 122131, DLG_MISC_CR, , 1700, GBP, GWCCGLAccrual_20200402062702F1, , Motor, 64379540
300000002568692, 122132, DLG_MISC_DR, , 1700, GBP, GWCCGLAccrual_20200402062702F1, , Motor, 64379541
300000002568692, 122131, DLG_MISC_CR, 1700, , GBP, GWCCGLAccrual_20200402062702F1, , Motor, 64379541
300000002568692, 122132, DLG_MISC_DR, 1700, , GBP, GWCCGLAccrual_20200402062702F1, , Motor, 64379541
300000002568692, 122131, DLG_MISC_CR, , 1700, GBP, GWCCGLAccrual_20200402062702F1, , Motor, 64379541
300000002568692, 122132, DLG_MISC_DR, , 1700, GBP, GWCCGLAccrual_20200402062702F1, , Motor, 64379542
300000002568692, 122131, DLG_MISC_CR, 1700, , GBP, GWCCGLAccrual_20200402062702F1, , Motor, 64379542
300000002568692, 122132, DLG_MISC_DR, 1700, , GBP, GWCCGLAccrual_20200402062702F1, , Motor, 64379542
300000002568692, 122131, DLG_MISC_CR, , 1700, GBP, GWCCGLAccrual_20200402062702F1, , Motor, 64379542
300000002568692, 122133, DLG_MISC_DR, , 30706, GBP, GWCCGLAccrual_20200402062702F1, , Motor, 64379543
300000002568692, 122134, DLG_MISC_CR, 30706, , GBP, GWCCGLAccrual_20200402062702F1, , Motor, 64379543
300000002568692, 122133, DLG_MISC_DR, 30706, , GBP, GWCCGLAccrual_20200402062702F1, , Motor, 64379543
300000002568692, 122134, DLG_MISC_CR, , 30706, GBP, GWCCGLAccrual_20200402062702F1, , Motor, 64379543
300000002568692, 68781, DLG_MISC_DR, , 1700, GBP, GWCCGLAccrual_20200402062702F1, , Motor, 64379544
300000002568692, 122134, DLG_MISC_CR, 1700, , GBP, GWCCGLAccrual_20200402062702F1, , Motor, 64379544
300000002568692, 68781, DLG_MISC_DR, 1700, , GBP, GWCCGLAccrual_20200402062702F1, , Motor, 64379544
300000002568692, 122134, DLG_MISC_CR, , 1700, GBP, GWCCGLAccrual_20200402062702F1, , Motor, 64379544
300000002568692, 68781, DLG_MISC_DR, , 1700, GBP, GWCCGLAccrual_20200402062702F1, , Motor, 64379545
300000002568692, 122134, DLG_MISC_CR, 1700, , GBP, GWCCGLAccrual_20200402062702F1, , Motor, 64379545
300000002568692, 68781, DLG_MISC_DR, 1700, , GBP, GWCCGLAccrual_20200402062702F1, , Motor, 64379545
300000002568692, 122134, DLG_MISC_CR, , 1700, GBP, GWCCGLAccrual_20200402062702F1, , Motor, 64379545
300000002568692, 68781, DLG_MISC_DR, , 3600, GBP, GWCCGLAccrual_20200402062702F1, , Motor, 64379546
300000002568692, 122134, DLG_MISC_CR, 3600, , GBP, GWCCGLAccrual_20200402062702F1, , Motor, 64379546
300000002568692, 68781, DLG_MISC_DR, 3600, , GBP, GWCCGLAccrual_20200402062702F1, , Motor, 64379546
300000002568692, 122134, DLG_MISC_CR, , 3600, GBP, GWCCGLAccrual_20200402062702F1, , Motor, 64379546
300000002568692, 68781, DLG_MISC_DR, , 2000, GBP, GWCCGLAccrual_20200402062702F1, , Motor, 64379547
300000002568692, 122134, DLG_MISC_CR, 2000, , GBP, GWCCGLAccrual_20200402062702F1, , Motor, 64379547
300000002568692, 68781, DLG_MISC_DR, 2000, , GBP, GWCCGLAccrual_20200402062702F1, , Motor, 64379547
300000002568692, 122134, DLG_MISC_CR, , 2000, GBP, GWCCGLAccrual_20200402062702F1, , Motor, 64379547
300000002568692, 122128, DLG_MISC_CR, , 8173, GBP, GWCCGLAccrual_20200402062702F1, , Motor, 64380580
300000002568692, 122127, DLG_MISC_DR, , 8173, GBP, GWCCGLAccrual_20200402062702F1, , Motor, 64380580
300000002568692, 122128, DLG_MISC_CR, 8173, , GBP, GWCCGLAccrual_20200402062702F1, , Motor, 64380580
300000002568692, 122127, DLG_MISC_DR, 8173, , GBP, GWCCGLAccrual_20200402062702F1, , Motor, 64380580
300000002568692, 122127, DLG_MISC_DR, 6000, , GBP, GWCCGLAccrual_20200402062702F1, , Motor, 64380581
300000002568692, 122127, DLG_MISC_DR, , 6000, GBP, GWCCGLAccrual_20200402062702F1, , Motor, 64380581
300000002568692, 122128, DLG_MISC_CR, 6000, , GBP, GWCCGLAccrual_20200402062702F1, , Motor, 64380581
300000002568692, 122128, DLG_MISC_CR, , 6000, GBP, GWCCGLAccrual_20200402062702F1, , Motor, 64380581
300000002568692, 122127, DLG_MISC_DR, 7001, , GBP, GWCCGLAccrual_20200402062702F1, , Motor, 64380582
300000002568692, 122128, DLG_MISC_CR, , 7001, GBP, GWCCGLAccrual_20200402062702F1, , Motor, 64380582
300000002568692, 122127, DLG_MISC_DR, , 7001, GBP, GWCCGLAccrual_20200402062702F1, , Motor, 64380582
300000002568692, 122128, DLG_MISC_CR, 7001, , GBP, GWCCGLAccrual_20200402062702F1, , Motor, 64380582
300000002568692, 122128, DLG_MISC_CR, , 1700, GBP, GWCCGLAccrual_20200402062702F1, , Motor, 64380583
300000002568692, 122129, DLG_MISC_DR, 1700, , GBP, GWCCGLAccrual_20200402062702F1, , Motor, 64380583
300000002568692, 122129, DLG_MISC_DR, , 1700, GBP, GWCCGLAccrual_20200402062702F1, , Motor, 64380583
300000002568692, 122128, DLG_MISC_CR, 1700, , GBP, GWCCGLAccrual_20200402062702F1, , Motor, 64380583
300000002568692, 122129, DLG_MISC_DR, 1700, , GBP, GWCCGLAccrual_20200402062702F1, , Motor, 64380584
300000002568692, 122128, DLG_MISC_CR, , 1700, GBP, GWCCGLAccrual_20200402062702F1, , Motor, 64380584
300000002568692, 122129, DLG_MISC_DR, , 1700, GBP, GWCCGLAccrual_20200402062702F1, , Motor, 64380584
300000002568692, 122128, DLG_MISC_CR, 1700, , GBP, GWCCGLAccrual_20200402062702F1, , Motor, 64380584
300000002568692, 122129, DLG_MISC_DR, 1700, , GBP, GWCCGLAccrual_20200402062702F1, , Motor, 64380585
300000002568692, 122128, DLG_MISC_CR, , 1700, GBP, GWCCGLAccrual_20200402062702F1, , Motor, 64380585
300000002568692, 122129, DLG_MISC_DR, , 1700, GBP, GWCCGLAccrual_20200402062702F1, , Motor, 64380585
300000002568692, 122128, DLG_MISC_CR, 1700, , GBP, GWCCGLAccrual_20200402062702F1, , Motor, 64380585
300000002568692, 122129, DLG_MISC_DR, 2000, , GBP, GWCCGLAccrual_20200402062702F1, , Motor, 64380586
300000002568692, 122128, DLG_MISC_CR, , 2000, GBP, GWCCGLAccrual_20200402062702F1, , Motor, 64380586
300000002568692, 122129, DLG_MISC_DR, , 2000, GBP, GWCCGLAccrual_20200402062702F1, , Motor, 64380586
300000002568692, 122128, DLG_MISC_CR, 2000, , GBP, GWCCGLAccrual_20200402062702F1, , Motor, 64380586
300000002568692, 122130, DLG_MISC_DR, 6000, , GBP, GWCCGLAccrual_20200402062702F1, , Motor, 64380587
300000002568692, 122131, DLG_MISC_CR, , 6000, GBP, GWCCGLAccrual_20200402062702F1, , Motor, 64380587
300000002568692, 122130, DLG_MISC_DR, , 6000, GBP, GWCCGLAccrual_20200402062702F1, , Motor, 64380587
300000002568692, 122131, DLG_MISC_CR, 6000, , GBP, GWCCGLAccrual_20200402062702F1, , Motor, 64380587
300000002568692, 122130, DLG_MISC_DR, 8173, , GBP, GWCCGLAccrual_20200402062702F1, , Motor, 64380588
300000002568692, 122131, DLG_MISC_CR, , 8173, GBP, GWCCGLAccrual_20200402062702F1, , Motor, 64380588
300000002568692, 122130, DLG_MISC_DR, , 8173, GBP, GWCCGLAccrual_20200402062702F1, , Motor, 64380588
300000002568692, 122131, DLG_MISC_CR, 8173, , GBP, GWCCGLAccrual_20200402062702F1, , Motor, 64380588
300000002568692, 122130, DLG_MISC_DR, 7001, , GBP, GWCCGLAccrual_20200402062702F1, , Motor, 64380589
300000002568692, 122131, DLG_MISC_CR, , 7001, GBP, GWCCGLAccrual_20200402062702F1, , Motor, 64380589
300000002568692, 122130, DLG_MISC_DR, , 7001, GBP, GWCCGLAccrual_20200402062702F1, , Motor, 64380589
300000002568692, 122131, DLG_MISC_CR, 7001, , GBP, GWCCGLAccrual_20200402062702F1, , Motor, 64380589
