<soap:Envelope xmlns:soap="http://www.w3.org/2003/05/soap-envelope" xmlns:pub="http://xmlns.oracle.com/oxp/service/PublicReportService">
<soap:Header/>
<soap:Body>
    <pub:runReport>
        <pub:reportRequest>
            <pub:parameterNameValues>
                <!--Zero or more repetitions:-->
                <pub:item>
                    <pub:defaultValue>SELECT EVENT_ID FROM XLA_EVENTS</pub:defaultValue>
                    <pub:name>P_QUERY</pub:name>
                    <pub:values>
                        <!--Zero or more repetitions:-->
                        <pub:item></pub:item>
                    </pub:values>
                </pub:item>
            </pub:parameterNameValues>
            <!--<pub:reportAbsolutePath>/Custom/DLGTesting/EXTRACT1REPORT.xdo</pub:reportAbsolutePath>-->
            <pub:reportAbsolutePath>/Custom/DLGTesting/EXTRACT1REPORT.xdo</pub:reportAbsolutePath>
            <pub:sizeOfDataChunkDownload>-1</pub:sizeOfDataChunkDownload>
        </pub:reportRequest>
        <pub:appParams></pub:appParams>
    </pub:runReport>
</soap:Body>
</soap:Envelope>