{
  "Debit":
    {
      "DLG_Company": "320",
      "DLG_Interco": "000",
      "DLG_Spare1": "0",
      "DLG_Spare2": "0",
      "DLG_Origin": {
        "CDLXGLFutures": "CDLX",
        "CDLXGLPremium": "CDLX",
        "CDLXGLUEP": "CDLX"
      },
      "DLG_CostCentre": {
        "CAN": "000000",
        "GFRC": "000000",
        "GFRD": "000000",
        "GFRPC": "000000",
        "GFRPD": "000000",
        "Motor IPT": "000000",
        "NEW": "000000",
        "RECPLUS": "000000",
        "REN": "000000",
        "VOIDC": "000000",
        "VOIDD": "000000",
        "IPT": "000000",
        "MOTGuaranteedHireCarPlusCov": "000000",
        "MOTLegalCoverCov": "000000",
        "MTA": "000000",
        "Fees":"000000",
        "TPFT": "000000",
        "MTARETC": "000000",
        " ": "000000",
        "": "000000",
        "BWO": "SYS000"

      },
      "DLG_Account": {
        "CAN": "71200",
        "GFRC": "71200",
        "GFRD": "71200",
        "GFRPC": "71200",
        "GFRPD": "71200",
        "Motor IPT": "71200",
        "NEW": "71200",
        "RECPLUS": "71200",
        "REN": "71200",
        "VOIDC": "71200",
        "VOIDD": "71200",
        "Fees":"71200",
        "IPT": "71200",
        "MOTGuaranteedHireCarPlusCov": "71200",
        "MOTLegalCoverCov": "71200",
        "MTA": "71200",
        "TPFT": "71200",
        "MTARETC": "71200",
        " ": "71200",
        "": "71200",
        "BWO": "10025"
      },
      "DLG_Product": {
        "Motor": "208"
      },
      "DLG_Brand": {
        "Default": "00000",
        "Motor": "DAR01"
      },
      "DLG_Channel": {
        "CAN": "00000",
        "GFRC": "00000",
        "GFRD": "00000",
        "GFRPC": "00000",
        "GFRPD": "00000",
        "Fees":"00000",
        "Motor IPT": "00000",
        "NEW": "00000",
        "RECPLUS": "00000",
        "REN": "00000",
        "VOIDC": "00000",
        "VOIDD": "00000",
        "IPT": "00000",
        "MOTGuaranteedHireCarPlusCov": "00000",
        "MOTLegalCoverCov": "00000",
        "MTA": "00000",
        "TPFT": "00000",
        "MTARETC": "00000",
        " ": "00000",
        "": "00000",
        "BrkrOffice": "PHONE",
        "Website": "WEB00",
        "comparethemarket": "PCW00",
        "moneysupermarket": "PCW00",
        "ContactCentre": "PHONE",
        "Digital": "WEB00",
        "PCW": "PCW00",
        "Other": "OTH00"
      }
    }
  ,
  "Credit":
    {
      "DLG_Company": "320",
      "DLG_Interco": "000",
      "DLG_Spare1": "0",
      "DLG_Spare2": "0",
      "DLG_Origin": {
        "CDLXGLFutures": "CDLX",
        "CDLXGLPremium": "CDLX",
        "CDLXGLUEP": "CDLX"
      },
      "DLG_Product": {
        "CAN": "208",
        "GFRC": "841",
        "GFRD": "841",
        "GFRPC": "841",
        "GFRPD": "841",
        "Motor IPT": "208",
        "NEW": "208",
        "RECPLUS": "841",
        "REN": "208",
        "VOIDC": "208",
        "VOIDD": "208",
        "IPT": "208",
        "MOTGuaranteedHireCarPlusCov": "216",
        "MOTLegalCoverCov": "831",
        "MTA": "208",
        "TPFT": "208",
        "MTARETC": "208",
        "Motor":"208",
        "Fees":"208"
      },
      "DLG_CostCentre": {
        "CAN": "SYS000",
        "GFRC": "SYS000",
        "GFRD": "SYS000",
        "GFRPC": "SYS000",
        "GFRPD": "SYS000",
        "Motor IPT": "000000",
        "NEW": "SYS000",
        "RECPLUS": "SYS000",
        "REN": "SYS000",
        "VOIDC": "SYS000",
        "VOIDD": "SYS000",
        "Fees":"SYS000",
        "IPT": "SYS000",
        "MOTGuaranteedHireCarPlusCov": "SYS000",
        "MOTLegalCoverCov": "SYS000",
        "MTA": "SYS000",
        "TPFT": "SYS000",
        "MTARETC": "SYS000",
        " ": "SYS000",
        "": "SYS000",
        "BWO": "000000"
      },
      "DLG_Account": {
        "CAN": "10000",
        "GFRC": "10000",
        "GFRD": "10000",
        "GFRPC": "10000",
        "GFRPD": "10000",
        "Motor IPT": "81500",
        "NEW": "10000",
        "RECPLUS": "10000",
        "REN": "10000",
        "VOIDC": "10000",
        "VOIDD": "10000",
        "Fees":"10000",
        "IPT": "10000",
        "MOTGuaranteedHireCarPlusCov": "10000",
        "MOTLegalCoverCov": "10000",
        "MTA": "10000",
        "TPFT": "10000",
        "MTARETC": "10000",
        " ": "10000",
        "": "10000",
        "BWO": "71200"
      },
      "DLG_Channel": {
        "BrkrOffice": "PHONE",
        "Website": "WEB00",
        "comparethemarket": "PCW00",
        "moneysupermarket": "PCW00",
        "ContactCentre": "PHONE",
        "Digital": "WEB00",
        "PCW": "PCW00",
        "Other": "OTH00",
        "Default": "00000"

      },
      "DLG_Brand": {
        "Default": "00000",
        "Motor": "DAR01"
      }

    }
}

