{
  "Debit":
    {
      "DLG_Company": "320",
      "DLG_Interco": "000",
      "DLG_Spare1": "0",
      "DLG_Spare2": "0",
      "DLG_CostCentre": "SYS000",
      "DLG_Origin": {
        "GWCCGLAccrual": "GWCC"
      },
      "DLG_Product": {
        "MLP_Ext": "831",
        "Motor": "208"
      },
      "DLG_Brand": {
        "Privilege_Comprehensive": "CD000",
        "Privilege_ComprehensivePlus": "CD00E",
        "Privilege_Telematics": "CD000",
        "Privilege_TPFT":"CD000",
        "Churchill_ComprehensivePlus":"R002E",
        "Churchill_TPFT":"R0002",
        "DirectLine_ComprehensivePlus":"R000E"

      },
      "DLG_Channel": {
        "boughtbymany": "PCW00",
        "breakdowncover": "PCW00",
        "breakdowncovercompare": "PCW00",
        "comparesave": "PCW00",
        "comparethemarket": "PCW00",
        "confused": "PCW00",
        "discvouch": "PCW00",
        "fairinvest": "PCW00",
        "gocompare": "PCW00",
        "kidstart": "PCW00",
        "knowyourmoney": "PCW00",
        "Money": "PCW00",
        "moneysavingexpert": "PCW00",
        "MVC": "PCW00",
        "noselect": "PCW00",
        "quidco": "PCW00",
        "quotesearch": "PCW00",
        "rescuecomp": "PCW00",
        "topcash": "PCW00",
        "uksimple": "PCW00",
        "uswitch": "PCW00",
        "voucher": "PCW00",
        "vouchercloud": "PCW00",
        "ContactCentre":"PHONE",
        "Digital":"WEB00",
        "moneysupermarket":"PCW00",
        "PCW":"PCW00",
        "Other":"OTH00"

      },
      "Product_Type":{
        "CY":{
          "DLG_Account": "20705"
        },
        "PY": {
          "DLG_Account": "20715"
        }

      }
    }
  ,
  "Credit":
    {
      "DLG_Company": "320",
      "DLG_CostCentre": "000000",
      "DLG_Interco": "000",
      "DLG_Spare1": "0",
      "DLG_Spare2": "0",
      "DLG_Origin": {
        "GWCCGLAccrual": "GWCC"
      },
      "DLG_Brand": {
        "Privilege": "CD000",
        "Churchill": "R0002",
        "DirectLine":"R0001"
      },
      "DLG_Product": {
        "MLP_Ext": "831",
        "Motor": "208"
      },
      "DLG_Channel": {
        "boughtbymany": "PCW00",
        "breakdowncover": "PCW00",
        "breakdowncovercompare": "PCW00",
        "comparesave": "PCW00",
        "comparethemarket": "PCW00",
        "confused": "PCW00",
        "discvouch": "PCW00",
        "fairinvest": "PCW00",
        "gocompare": "PCW00",
        "kidstart": "PCW00",
        "knowyourmoney": "PCW00",
        "Money": "PCW00",
        "moneysavingexpert": "PCW00",
        "MVC": "PCW00",
        "noselect": "PCW00",
        "quidco": "PCW00",
        "quotesearch": "PCW00",
        "rescuecomp": "PCW00",
        "topcash": "PCW00",
        "uksimple": "PCW00",
        "uswitch": "PCW00",
        "voucher": "PCW00",
        "vouchercloud": "PCW00",
        "ContactCentre":"PHONE",
        "Digital":"WEB00",
        "moneysupermarket":"PCW00",
        "PCW":"PCW00",
        "Other":"OTH00"
      },
      "Product_Type": {

        "CY":{
          "DLG_Account": "90305"
        },
        "PY": {
          "DLG_Account": "90315"
        }



      }
    }

}


