{
        "TravelGL":[{
                "GLReserves_Cons":"SELECT * from FSH_ORA_DATA.DLG_FSH_CONS_AQUA_GL_RES_HDR WHERE FILE_NAME =",
                "GLReserves_Stg":"SELECT * from FSH_ORA_DATA.DLG_FSH_STG_COMM_CC_HDR WHERE FILE_NAME =",
                "GLBilling_Cons":"SELECT * from FSH_ORA_DATA.DLG_FSH_CONS_AQUA_BC_HDR WHERE FILE_NAME =",
                "GLBilling_Stg":"SELECT * from FSH_ORA_DATA.DLG_FSH_STG_COMM_BCCC_HDR WHERE FILE_NAME ="

        }],

        "BATCH":[{
                "GLReserves_batchCtl":"Select distinct file_name  from FSH_ORA_DATA.dlg_fsh_ctl_batch where  LOAD_DATE > SYSDATE-1 and System='AQUA' and PATTERN='GLReserves'",
                "GLReserves_batchCtl_key" : "Select BATCH_PKEY from FSH_ORA_DATA.dlg_fsh_ctl_batch where  LOAD_DATE > SYSDATE-1 and System='AQUA' and PATTERN='GLReserves'",

                "GLBilling_batchCtl":"Select distinct file_name  from FSH_ORA_DATA.dlg_fsh_ctl_batch where  file_name = 'AQUA_BD14B_20190805150715.XML'",
                "GLBilling_batchCtl_key" : "Select BATCH_PKEY from FSH_ORA_DATA.dlg_fsh_ctl_batch where  file_name = 'AQUA_BD14B_20190805150715.XML'"

        }],

        "Lookup":[{

                "FSH_LOOKUP": "SELECT MEANING FROM FSH_ORA_DATA.DLG_FSH_LOOKUP_VALUES",
                "FSH_LOOKUP_SOURCE_TravelGLReserves": "AND SYSTEM = 'AQUA' AND PATTERN = 'GLReserves'",
                "FSH_LOOKUP_SOURCE_TravelGLBilling": "AND SYSTEM = 'AQUA' AND PATTERN = 'GLBILLING'",
                "FSH_SYS_LOOKUP": "SELECT MEANING FROM FSH_ORA_DATA.DLG_FSH_SYS_LOOKUP_VALUES"
        }]

}