{
        "PULSE_AR":[{
                "ARReceipts_Cons":"SELECT * from DLG_FSH_CONS_PULS_ARREC_HDR WHERE FILE_NAME =",
                "ARReceipts_Stg":"SELECT * from DLG_FSH_STG_COMM_ARRECEIPTS_HDR WHERE FILE_NAME =",
                "ARReceipts_Cons_line":"SELECT * from DLG_FSH_CONS_PULS_ARREC_LIN ",
                "ARReceipts_Stg_line":"SELECT * from DLG_FSH_STG_COMM_ARRECEIPTS_LIN "

        }],

        "PULSE_AP":[{
                "APInvoice_Cons":"SELECT * from FSH_ORA_DATA.DLG_FSH_CONS_PULS_API_HDR WHERE FILE_NAME =",
                "APInvoice_Stg":"SELECT * from FSH_ORA_DATA.DLG_FSH_STG_COMM_API_HDR WHERE FILE_NAME =",
                "APInvoice_Cons_line":"SELECT * from FSH_ORA_DATA.DLG_FSH_CONS_PULS_API_LIN ",
                "APInvoice_Stg_line":"SELECT * from FSH_ORA_DATA.DLG_FSH_STG_COMM_API_LIN "

        }],

        "BATCH":[{
                "ARReceipts_batchCtl":"Select distinct file_name  from FSH_ORA_DATA.dlg_fsh_ctl_batch where  file_name = 'PULS_ARReciepts_80018_20200211'",
                "ARReceipts_batchCtl_key" : "Select BATCH_PKEY from FSH_ORA_DATA.dlg_fsh_ctl_batch where  file_name = 'PULS_ARReciepts_80018_20200211'",

                "APInvoice_batchCtl":"Select distinct file_name  from FSH_ORA_DATA.dlg_fsh_ctl_batch where  file_name = 'PULS_APINVOICE_16949_20200317'",
                "APInvoice_batchCtl_key" : "Select BATCH_PKEY from FSH_ORA_DATA.dlg_fsh_ctl_batch where  file_name = 'PULS_APINVOICE_16949_20200317'"
        }],


        "Lookup":[{

                "FSH_LOOKUP": "SELECT MEANING FROM FSH_ORA_DATA.DLG_FSH_LOOKUP_VALUES",
                "FSH_LOOKUP_SOURCE_PulseARReceipts": "AND SYSTEM = 'PULS' AND PATTERN = 'ARReceipts'",
                "FSH_LOOKUP_SOURCE_PulseAPInvoice": "AND SYSTEM = 'PULS' AND PATTERN = 'APInvoice'",
                 "COMMON_FSH_LOOKUP_SOURCE_PulseAPInvoice": "AND SYSTEM = 'COMMON' AND PATTERN = 'APInvoice'",
                "FSH_SYS_LOOKUP": "SELECT MEANING FROM FSH_ORA_DATA.DLG_FSH_SYS_LOOKUP_VALUES",
                "FSH_LOOKUP_PulseAPInvoice_distCodeConcatenated": "SELECT DIST_CODE_CONCATENATED as distCodeConcatenated FROM FSH_ORA_DATA.DLG_FSH_CONS_PULS_API_LIN ",
                "FSH_LOOKUP_PulseAPInvoice_source": "Select SOURCE as source from FSH_ORA_DATA.DLG_FSH_STG_COMM_API_HDR "
        }],

        "Reference":[{

                "ARReceipts_REF_ARLOCKBOX_ACCOUNT_NUMBER": "select BANK_ACCOUNT_NUMBER as bankAccountNumber from FSH_ORA_DATA.DLG_FSH_REF_AR_LOCKBOX ",
                "ARReceipts_REF_ARLOCKBOX_BANK_NUMBER": "select BANK_NUM as bankNumber from FSH_ORA_DATA.DLG_FSH_REF_AR_LOCKBOX ",
                "ARReceipts_REF_ARLOCKBOX_RECEIPT_NAME": "select RECEIPT_METHOD_NAME as receiptMethod from FSH_ORA_DATA.DLG_FSH_REF_AR_LOCKBOX ",
                "ARReceipts_REF_CUST_ACCOUNT_NUMBER": "select ACCOUNT_NUMBER as accountNumber from FSH_ORA_DATA.DLG_FSH_REF_CUST ",
                "ARReceipts_REF_CUST_LOCATION": "select LOCATION as location from FSH_ORA_DATA.DLG_FSH_REF_CUST ",

                "APInvoice_REF_SUPPL_PAYMENTMETHODCODE": "Select PAYMENT_METHOD_CODE as paymentMethodCode from FSH_ORA_DATA.DLG_FSH_REF_AP_SUPPLIER ",
                "APInvoice_REF_SUPPL_STATUS": "SUPPLIER_STATUS ='Active' and SUPPLIER_SITE_STATUS='Active' ",
                "APInvoice_REF_SUPPL_PAYGROUPLOOKUPCODE": "Select PAY_GROUP_LOOKUP_CODE as payGroupLookupCode from FSH_ORA_DATA.DLG_FSH_REF_AP_SUPPLIER ",
                "APInvoice_REF_SUPPL_SMALLBUSINESSFLAG": "Select SMALL_BUSINESS_FLAG as smallBusinessFlag from FSH_ORA_DATA.DLG_FSH_REF_AP_SUPPLIER "
        }]

}