{
        "CCV5_GL":[{
                "GLClaimcash_Cons":"SELECT * from DLG_FSH_CONS_CCV5_GL_CASH_HDR WHERE FILE_NAME =",
                "GLClaimcash_Stg":"SELECT * from DLG_FSH_STG_COMM_BCCC_HDR WHERE FILE_NAME =",
                "GLReserves_Cons":"SELECT * from FSH_ORA_DATA.DLG_FSH_CONS_CCV5_GL_RES_HDR WHERE FILE_NAME =",
                "GLReserves_Stg":"SELECT * from FSH_ORA_DATA.DLG_FSH_STG_COMM_CC_HDR WHERE FILE_NAME ="''
                "GLAccrual_Cons":"SELECT * from FSH_ORA_DATA.DLG_FSH_CONS_CCV5_GL_RES_HDR WHERE FILE_NAME =",
                "GLAccrual_Stg":"SELECT * from FSH_ORA_DATA.DLG_FSH_STG_COMM_CC_HDR WHERE FILE_NAME ="

        }],

        "BATCH":[{
                "GLClaimcash_batchCtl":"Select distinct file_name  from dlg_fsh_ctl_batch where  LOAD_DATE > SYSDATE-1 and System='CCV5' and PATTERN='GLClaimcash'",
                "GLClaimcash_batchCtl_key" : "Select BATCH_PKEY from dlg_fsh_ctl_batch where  LOAD_DATE > SYSDATE-1 and System='CCV5' and PATTERN='GLClaimcash'",

                "GLReserves_batchCtl":"Select distinct file_name  from FSH_ORA_DATA.dlg_fsh_ctl_batch where  file_name = 'CCV5_GLRESERVES_18256_20200402'",
                "GLReserves_batchCtl_key" : "Select BATCH_PKEY from FSH_ORA_DATA.dlg_fsh_ctl_batch where  file_name = 'CCV5_GLRESERVES_18256_20200402'",

                "GLAccrual_batchCtl":"Select distinct file_name  from FSH_ORA_DATA.dlg_fsh_ctl_batch where  file_name = 'CCV5_GLRESERVES_18256_20200402'",
                "GLAccrual_batchCtl_key" : "Select BATCH_PKEY from FSH_ORA_DATA.dlg_fsh_ctl_batch where  file_name = 'CCV5_GLRESERVES_18256_20200402'"

        }],


        "Lookup":[{

                "FSH_LOOKUP": "SELECT MEANING FROM DLG_FSH_LOOKUP_VALUES",
                "FSH_LOOKUP_SOURCE_CCV5_GLClaimcash": "AND SYSTEM = 'CCV5' AND PATTERN = 'GLClaimCash'",
                "FSH_LOOKUP_SOURCE_CCV5GLReserves": "AND SYSTEM = 'CCV5' AND PATTERN = 'GLReserves'",
                "FSH_LOOKUP_SOURCE_CCV5GLAccrual": "AND SYSTEM = 'CCV5' AND PATTERN = 'GLAccrual'",
                "FSH_SYS_LOOKUP": "SELECT MEANING FROM DLG_FSH_SYS_LOOKUP_VALUES"
        }]

}