{
        "BMS_GL":[{
                "GLAccrual_Cons":"SELECT * from FSH_ORA_DATA.DLG_FSH_CONS_ECLI_GL_ACC_HDR WHERE FILE_NAME =",
                "GLAccrual_Stg":"SELECT * from FSH_ORA_DATA.DLG_FSH_STG_COMM_CC_HDR WHERE FILE_NAME ="


        }],

        "BMS_AR":[{
                "ARReceipts_Cons":"SELECT * from FSH_ORA_DATA.DLG_FSH_CONS_ECLI_ARREC_HDR WHERE FILE_NAME =",
                "ARReceipts_Stg":"SELECT * from FSH_ORA_DATA.DLG_FSH_STG_COMM_ARRECEIPTS_HDR WHERE FILE_NAME =",
                "ARReceipts_Cons_line":"SELECT * from FSH_ORA_DATA.DLG_FSH_CONS_ECLI_ARREC_LIN  WHERE FILE_NAME =",
                "ARReceipts_Stg_line":"SELECT * from FSH_ORA_DATA.DLG_FSH_STG_COMM_ARRECEIPTS_LIN WHERE FILE_NAME ="

        }],

        "BMS_AP":[{
                "APInvoice_Cons":"SELECT * from FSH_ORA_DATA.DLG_FSH_CONS_BMSX_API_HDR WHERE FILE_NAME =",
                "APInvoice_Stg":"SELECT * from FSH_ORA_DATA.DLG_FSH_STG_COMM_API_HDR WHERE FILE_NAME =",
                "APInvoice_Cons_line":"SELECT * from FSH_ORA_DATA.DLG_FSH_CONS_BMSX_API_LIN ",
                "APInvoice_Stg_line":"SELECT * from FSH_ORA_DATA.DLG_FSH_STG_COMM_API_LIN "

        }],

        "BATCH":[{
                "GLAccrual_batchCtl":"Select distinct file_name  from FSH_ORA_DATA.dlg_fsh_ctl_batch where  LOAD_DATE > SYSDATE-1 and System='ECLI' and PATTERN='GLAccrual'",
                "GLAccrual_batchCtl_key" : "Select BATCH_PKEY from FSH_ORA_DATA.dlg_fsh_ctl_batch where  LOAD_DATE > SYSDATE-1 and System='ECLI' and PATTERN='GLAccrual'",
                "GLAccrual_load":"SELECT * from FSH_ORA_DATA.DLG_FSH_STG_AGG_PC where LOAD_DATE > SYSDATE-1 and System='ECLI' and PATTERN='GLAccrual",

                "ARReceipts_batchCtl":"Select distinct file_name  from FSH_ORA_DATA.dlg_fsh_ctl_batch where  file_name='ECLIARR1911000220191104200518.SL'",
                "ARReceipts_batchCtl_key" : "Select BATCH_PKEY from FSH_ORA_DATA.dlg_fsh_ctl_batch where file_name='ECLIARR1911000220191104200518.SL'",
                "ARReceipts_load":"SELECT * from FSH_ORA_DATA.DLG_FSH_STG_AGG_PC where file_name='ECLIARR1911000220191104200518.SL'",

                "APInvoice_batchCtl":"Select distinct file_name  from FSH_ORA_DATA.dlg_fsh_ctl_batch where  LOAD_DATE > SYSDATE-1 and System='ECLI' and PATTERN='APInvoice'",
                "APInvoice_batchCtl_key" : "Select BATCH_PKEY from FSH_ORA_DATA.dlg_fsh_ctl_batch where  LOAD_DATE > SYSDATE-1 and System='ECLI' and PATTERN='APInvoice'",
                "APInvoice_load":"SELECT * from FSH_ORA_DATA.DLG_FSH_STG_AGG_PC where LOAD_DATE > SYSDATE-1 and System='ECLI' and PATTERN='APInvoice"
        }],


        "Lookup":[{

                "FSH_LOOKUP": "SELECT MEANING FROM FSH_ORA_DATA.DLG_FSH_LOOKUP_VALUES",
                "FSH_LOOKUP_SOURCE_BMSGLAccrual": "AND SYSTEM = 'ECLI' AND PATTERN = 'GLAccrual'",
                "FSH_LOOKUP_SOURCE_BMS_ARReceipts": "AND SYSTEM = 'ECLI' AND PATTERN = 'ARReceipts'",
                "FSH_LOOKUP_SOURCE_BMS_APInvoice": "AND SYSTEM = 'ECLI' AND PATTERN = 'APInvoice'",
                "FSH_SYS_LOOKUP": "SELECT MEANING FROM FSH_ORA_DATA.DLG_FSH_SYS_LOOKUP_VALUES"
        }],

        "Reference":[{

                "ARReceipts_REF_ARLOCKBOX_ACCOUNT_NUMBER": "select BANK_ACCOUNT_NUMBER as bankAccountNumber from FSH_ORA_DATA.DLG_FSH_REF_AR_LOCKBOX ",
                "ARReceipts_REF_ARLOCKBOX_BANK_NUMBER": "select BANK_NUM as bankNumber from FSH_ORA_DATA.DLG_FSH_REF_AR_LOCKBOX ",
                "ARReceipts_REF_CUST_ACCOUNT_NUMBER": "select ACCOUNT_NUMBER as accountNumber from FSH_ORA_DATA.DLG_FSH_REF_CUST ",
                "ARReceipts_REF_ARLOCKBOX_RECEIPT_NAME": "select RECEIPT_METHOD_NAME as receiptMethod from FSH_ORA_DATA.DLG_FSH_REF_AR_LOCKBOX ",
                "ARReceipts_REF_CUST_LOCATION": "select LOCATION as location from FSH_ORA_DATA.DLG_FSH_REF_CUST ",

                "APInvoice_REF_APSUPPL_paymentMethodCode": "Select PAYMENT_METHOD_CODE as paymentMethodCode from FSH_ORA_DATA.DLG_FSH_REF_AP_SUPPLIER ",
                "APInvoice_REF_SUPPL_STATUS": " AND SUPPLIER_STATUS ='Active' and SUPPLIER_SITE_STATUS='Active' ",
                "APInvoice_REF_APSUPPL_vendorSiteCode": "Select SUPPLIER_SITE as vendorSiteCode from FSH_ORA_DATA.DLG_FSH_REF_AP_SUPPLIER ",
                "APInvoice_REF_APSUPPL_globalAttribute1": "Select VENDOR_ID as globalAttribute1 from FSH_ORA_DATA.DLG_FSH_REF_AP_SUPPLIER ",
                "APInvoice_REF_APSUPPL_attribute9": "Select SUPPLIER_NUMBER as attribute9 from FSH_ORA_DATA.DLG_FSH_REF_AP_SUPPLIER "
        }]

}