{
        "LandscapeGL":[{
                "GLBilling_Cons":"SELECT * from FSH_ORA_DATA.DLG_FSH_CONS_LAND_BC_HDR WHERE FILE_NAME =",
                "GLBilling_Stg":"SELECT * from FSH_ORA_DATA.DLG_FSH_STG_COMM_BCCC_HDR WHERE FILE_NAME =",
                "GLClaimcash_Cons":"SELECT * from FSH_ORA_DATA.DLG_FSH_CONS_LAND_CC_HDR WHERE FILE_NAME =",
                "GLClaimcash_Stg":"SELECT * from FSH_ORA_DATA.DLG_FSH_STG_COMM_BCCC_HDR WHERE FILE_NAME =",
                "GLReserves_Cons":"SELECT * from FSH_ORA_DATA.DLG_FSH_CONS_LAND_CC_RES_HDR WHERE FILE_NAME =",
                "GLReserves_Stg":"SELECT * from FSH_ORA_DATA.DLG_FSH_STG_COMM_CC_HDR WHERE FILE_NAME =",
                "GLPremium_Cons":"SELECT * from FSH_ORA_DATA.DLG_FSH_CONS_LAND_PC_HDR WHERE FILE_NAME =",
                "GLPremium_Stg":"SELECT * from FSH_ORA_DATA.DLG_FSH_STG_COMM_PC_HDR WHERE FILE_NAME =",
                "GLPremium_Cons_line":"SELECT * from FSH_ORA_DATA.DLG_FSH_CONS_LAND_PC_LINE ",
                "GLPremium_Stg_line":"SELECT * from FSH_ORA_DATA.DLG_FSH_STG_COMM_PC_LINE "

        }],

        "BATCH":[{
                "GLBilling_batchCtl":"Select distinct file_name  from FSH_ORA_DATA.dlg_fsh_ctl_batch where  LOAD_DATE > SYSDATE-2 and System='LAND' and PATTERN='GLBilling'",
                "GLBilling_batchCtl_key" : "Select BATCH_PKEY from FSH_ORA_DATA.dlg_fsh_ctl_batch where  LOAD_DATE > SYSDATE-2 and System='LAND' and PATTERN='GLBilling'",
                "GLClaimcash_batchCtl":"Select distinct file_name  from FSH_ORA_DATA.dlg_fsh_ctl_batch where  LOAD_DATE > SYSDATE-1 and System='LAND' and PATTERN='GLClaimcash'",
                "GLClaimcash_batchCtl_key" : "Select BATCH_PKEY from FSH_ORA_DATA.dlg_fsh_ctl_batch where  LOAD_DATE > SYSDATE-1 and System='LAND' and PATTERN='GLClaimcash'",
                "GLReserves_batchCtl":"Select distinct file_name  from FSH_ORA_DATA.dlg_fsh_ctl_batch where  LOAD_DATE > SYSDATE-2 and System='LAND' and PATTERN='GLReserves'",
                "GLReserves_batchCtl_key" : "Select BATCH_PKEY from FSH_ORA_DATA.dlg_fsh_ctl_batch where  LOAD_DATE > SYSDATE-2 and System='LAND' and PATTERN='GLReserves'",
                "GLPremium_batchCtl":"Select distinct file_name  from FSH_ORA_DATA.dlg_fsh_ctl_batch where  LOAD_DATE > SYSDATE-2 and System='LAND' and PATTERN='GLPremium'",
                "GLPremium_batchCtl_key" : "Select BATCH_PKEY from FSH_ORA_DATA.dlg_fsh_ctl_batch where  LOAD_DATE > SYSDATE-2 and System='LAND' and PATTERN='GLPremium'"

        }],


        "Lookup":[{

                "FSH_LOOKUP": "SELECT MEANING FROM FSH_ORA_DATA.DLG_FSH_LOOKUP_VALUES",
                "FSH_LOOKUP_SOURCE_LandscapeGLBilling": " AND SYSTEM = 'LAND' AND PATTERN = 'GLBilling'",
                "FSH_LOOKUP_SOURCE_LandscapeGLClaimcash": " AND SYSTEM = 'LAND' AND PATTERN = 'GLClaimCash'",
                "FSH_LOOKUP_SOURCE_LandscapeGLReserves": " AND SYSTEM = 'LAND' AND PATTERN = 'GLReserves'",
                "FSH_LOOKUP_SOURCE_LandscapeGLPremium": " AND SYSTEM = 'LAND' AND PATTERN = 'GLPremium'",
                "FSH_SYS_LOOKUP": "SELECT MEANING FROM FSH_ORA_DATA.DLG_FSH_SYS_LOOKUP_VALUES"
        }]
}

