TRANSACTION_DATE,TRANSACTION_NUMBER,TRANSACTION_SUBTYPE,TRANSACTION_REASON,AHCS_EVENT_CODE,FSH_SOURCE,SOURCE_FILE_NAME,UNDERWRITER,SUMMARY_FLAG,CREDIT_IND,EVENT_ID,LINE_NUMBER,APPLICATION_ID,BASE_AMOUNT,CURRENCY_CODE,ORIGINAL_AMOUNT,LINE_OF_BUSINESS,FSH_BRAND,FSH_CHANNEL,FSH_PRODUCT,PRODUCT_TYPE,EXCHANGE_RATE,EXCHANGE_RATE_TYPE,EXCHANGE_DATE,PRODUCT_KEY,ACCOUNTING_CLASS_CODE,Code_Combination_ID,SEGMENT1,SEGMENT2,SEGMENT3,SEGMENT4,SEGMENT5,SEGMENT6,SEGMENT7,SEGMENT8,SEGMENT9,SEGMENT10
2020-12-06T00:00:00.000+00:00,53019001,DirectBillMoneyRcvdTxn,instalmentcharge,DLG_BILLING,GWBCGLBilling,GWBCGLBilling_2020041500702F121.xml,UKInsurance,Y,Y,510221,1,300000002148736,11.78,GBP,11.78,Motor,Privilege,PCW,,Combined,1,User,null,,DLG_MISC_DR,74175,320,000000,71047,208,CD000,00000,000,GWBC,0,0
2020-12-06T00:00:00.000+00:00,53019001,DirectBillMoneyRcvdTxn,instalmentcharge,DLG_BILLING,GWBCGLBilling,GWBCGLBilling_2020041500702F121.xml,UKInsurance,Y,Y,510221,1,300000002148736,11.78,GBP,11.78,Motor,Privilege,PCW,,Combined,1,User,null,,DLG_MISC_CR,55189,320,SYS000,14321,208,CD000,00000,000,GWBC,0,0
2020-12-06T00:00:00.000+00:00,53019003,DirectBillMoneyRcvdTxn,PolUnappliedFund,DLG_BILLING,GWBCGLBilling,GWBCGLBilling_2020041500702F121.xml,UKInsurance,Y,N,510222,2,300000002148736,615.48,GBP,615.48,Motor,Privilege,PCW,,Combined,1,User,null,,DLG_MISC_DR,300000002179106,320,000000,60485,000,00000,00000,000,0000,0,0
2020-12-06T00:00:00.000+00:00,53019003,DirectBillMoneyRcvdTxn,PolUnappliedFund,DLG_BILLING,GWBCGLBilling,GWBCGLBilling_2020041500702F121.xml,UKInsurance,Y,N,510222,2,300000002148736,615.48,GBP,615.48,Motor,Privilege,PCW,,Combined,1,User,null,,DLG_MISC_CR,74175,320,000000,71047,208,CD000,00000,000,GWBC,0,0
2020-12-06T00:00:00.000+00:00,53019005,DirectBillMoneyRcvdTxn,PolUnappliedFund,DLG_BILLING,GWBCGLBilling,GWBCGLBilling_2020041500702F121.xml,UKInsurance,Y,Y,510223,3,300000002148736,364.08,GBP,364.08,Motor,Privilege,PCW,,Combined,1,User,null,,DLG_MISC_DR,300000002179106,320,000000,60485,000,00000,00000,000,0000,0,0
2020-12-06T00:00:00.000+00:00,53019005,DirectBillMoneyRcvdTxn,PolUnappliedFund,DLG_BILLING,GWBCGLBilling,GWBCGLBilling_2020041500702F121.xml,UKInsurance,Y,Y,510223,3,300000002148736,364.08,GBP,364.08,Motor,Privilege,PCW,,Combined,1,User,null,,DLG_MISC_CR,74175,320,000000,71047,208,CD000,00000,000,GWBC,0,0
2020-12-06T00:00:00.000+00:00,53019023,DirectBillMoneyRcvdTxn,Premium,DLG_BILLING,GWBCGLBilling,GWBCGLBilling_2020041500702F121.xml,UKInsurance,Y,N,510224,4,300000002148736,615.48,GBP,615.48,Motor,Privilege,PCW,,Combined,1,User,null,,DLG_MISC_DR,74175,320,000000,71047,208,CD000,00000,000,GWBC,0,0
2020-12-06T00:00:00.000+00:00,53019023,DirectBillMoneyRcvdTxn,Premium,DLG_BILLING,GWBCGLBilling,GWBCGLBilling_2020041500702F121.xml,UKInsurance,Y,N,510224,4,300000002148736,615.48,GBP,615.48,Motor,Privilege,PCW,,Combined,1,User,null,,DLG_MISC_CR,74176,320,000000,71041,208,CD000,00000,000,GWBC,0,0
2020-12-06T00:00:00.000+00:00,53019025,DirectBillMoneyRcvdTxn,Premium,DLG_BILLING,GWBCGLBilling,GWBCGLBilling_2020041500702F121.xml,UKInsurance,Y,Y,510225,5,300000002148736,352.3,GBP,352.3,Motor,Privilege,PCW,,Combined,1,User,null,,DLG_MISC_DR,74175,320,000000,71047,208,CD000,00000,000,GWBC,0,0
2020-12-06T00:00:00.000+00:00,53019025,DirectBillMoneyRcvdTxn,Premium,DLG_BILLING,GWBCGLBilling,GWBCGLBilling_2020041500702F121.xml,UKInsurance,Y,Y,510225,5,300000002148736,352.3,GBP,352.3,Motor,Privilege,PCW,,Combined,1,User,null,,DLG_MISC_CR,74176,320,000000,71041,208,CD000,00000,000,GWBC,0,0
2020-12-06T00:00:00.000+00:00,53019007,DirectBillMoneyRcvdTxn,PolUnappliedFund,DLG_BILLING,GWBCGLBilling,GWBCGLBilling_2020041500702F121.xml,UKInsurance,Y,N,510226,6,300000002148736,1003.39,GBP,1003.39,Motor,Privilege,PCW,,Combined,1,User,null,,DLG_MISC_DR,300000002179106,320,000000,60485,000,00000,00000,000,0000,0,0
2020-12-06T00:00:00.000+00:00,53019007,DirectBillMoneyRcvdTxn,PolUnappliedFund,DLG_BILLING,GWBCGLBilling,GWBCGLBilling_2020041500702F121.xml,UKInsurance,Y,N,510226,6,300000002148736,1003.39,GBP,1003.39,Motor,Privilege,PCW,,Combined,1,User,null,,DLG_MISC_CR,74175,320,000000,71047,208,CD000,00000,000,GWBC,0,0
2020-12-06T00:00:00.000+00:00,53019008,DirectBillMoneyRcvdTxn,PolUnappliedFund,DLG_BILLING,GWBCGLBilling,GWBCGLBilling_2020041500702F121.xml,UKInsurance,Y,N,510227,7,300000002148736,303.24,GBP,303.24,Motor,Privilege,PCW,,Combined,1,User,null,,DLG_MISC_DR,300000002179106,320,000000,60485,000,00000,00000,000,0000,0,0
2020-12-06T00:00:00.000+00:00,53019008,DirectBillMoneyRcvdTxn,PolUnappliedFund,DLG_BILLING,GWBCGLBilling,GWBCGLBilling_2020041500702F121.xml,UKInsurance,Y,N,510227,7,300000002148736,303.24,GBP,303.24,Motor,Privilege,PCW,,Combined,1,User,null,,DLG_MISC_CR,74175,320,000000,71047,208,CD000,00000,000,GWBC,0,0
2020-12-06T00:00:00.000+00:00,53019009,DirectBillMoneyRcvdTxn,PolUnappliedFund,DLG_BILLING,GWBCGLBilling,GWBCGLBilling_2020041500702F121.xml,UKInsurance,Y,N,510228,8,300000002148736,848.84,GBP,848.84,Motor,Privilege,Digital,,Combined,1,User,null,,DLG_MISC_DR,300000002179106,320,000000,60485,000,00000,00000,000,0000,0,0
2020-12-06T00:00:00.000+00:00,53019009,DirectBillMoneyRcvdTxn,PolUnappliedFund,DLG_BILLING,GWBCGLBilling,GWBCGLBilling_2020041500702F121.xml,UKInsurance,Y,N,510228,8,300000002148736,848.84,GBP,848.84,Motor,Privilege,Digital,,Combined,1,User,null,,DLG_MISC_CR,74175,320,000000,71047,208,CD000,00000,000,GWBC,0,0
2020-12-06T00:00:00.000+00:00,53019017,DirectBillMoneyRcvdTxn,PolUnappliedFund,DLG_BILLING,GWBCGLBilling,GWBCGLBilling_2020041500702F121.xml,UKInsurance,Y,N,510229,9,300000002148736,2771.61,GBP,2771.61,Motor,Privilege,PCW,,Combined,1,User,null,,DLG_MISC_DR,300000002179106,320,000000,60485,000,00000,00000,000,0000,0,0
2020-12-06T00:00:00.000+00:00,53019017,DirectBillMoneyRcvdTxn,PolUnappliedFund,DLG_BILLING,GWBCGLBilling,GWBCGLBilling_2020041500702F121.xml,UKInsurance,Y,N,510229,9,300000002148736,2771.61,GBP,2771.61,Motor,Privilege,PCW,,Combined,1,User,null,,DLG_MISC_CR,74175,320,000000,71047,208,CD000,00000,000,GWBC,0,0
2020-12-06T00:00:00.000+00:00,53019021,DirectBillMoneyRcvdTxn,PolUnappliedFund,DLG_BILLING,GWBCGLBilling,GWBCGLBilling_2020041500702F121.xml,UKInsurance,Y,Y,510230,10,300000002148736,841.82,GBP,841.82,Motor,Privilege,PCW,,Combined,1,User,null,,DLG_MISC_DR,300000002179106,320,000000,60485,000,00000,00000,000,0000,0,0
2020-12-06T00:00:00.000+00:00,53019021,DirectBillMoneyRcvdTxn,PolUnappliedFund,DLG_BILLING,GWBCGLBilling,GWBCGLBilling_2020041500702F121.xml,UKInsurance,Y,Y,510230,10,300000002148736,841.82,GBP,841.82,Motor,Privilege,PCW,,Combined,1,User,null,,DLG_MISC_CR,74175,320,000000,71047,208,CD000,00000,000,GWBC,0,0
2020-12-06T00:00:00.000+00:00,53019027,DirectBillMoneyRcvdTxn,Premium,DLG_BILLING,GWBCGLBilling,GWBCGLBilling_2020041500702F121.xml,UKInsurance,Y,N,510231,11,300000002148736,1003.39,GBP,1003.39,Motor,Privilege,PCW,,Combined,1,User,null,,DLG_MISC_DR,74175,320,000000,71047,208,CD000,00000,000,GWBC,0,0
2020-12-06T00:00:00.000+00:00,53019027,DirectBillMoneyRcvdTxn,Premium,DLG_BILLING,GWBCGLBilling,GWBCGLBilling_2020041500702F121.xml,UKInsurance,Y,N,510231,11,300000002148736,1003.39,GBP,1003.39,Motor,Privilege,PCW,,Combined,1,User,null,,DLG_MISC_CR,74176,320,000000,71041,208,CD000,00000,000,GWBC,0,0
2020-12-06T00:00:00.000+00:00,53019028,DirectBillMoneyRcvdTxn,Premium,DLG_BILLING,GWBCGLBilling,GWBCGLBilling_2020041500702F121.xml,UKInsurance,Y,N,510232,12,300000002148736,303.24,GBP,303.24,Motor,Privilege,PCW,,Combined,1,User,null,,DLG_MISC_DR,74175,320,000000,71047,208,CD000,00000,000,GWBC,0,0
2020-12-06T00:00:00.000+00:00,53019028,DirectBillMoneyRcvdTxn,Premium,DLG_BILLING,GWBCGLBilling,GWBCGLBilling_2020041500702F121.xml,UKInsurance,Y,N,510232,12,300000002148736,303.24,GBP,303.24,Motor,Privilege,PCW,,Combined,1,User,null,,DLG_MISC_CR,74176,320,000000,71041,208,CD000,00000,000,GWBC,0,0
2020-12-06T00:00:00.000+00:00,53019029,DirectBillMoneyRcvdTxn,Premium,DLG_BILLING,GWBCGLBilling,GWBCGLBilling_2020041500702F121.xml,UKInsurance,Y,N,510233,13,300000002148736,848.84,GBP,848.84,Motor,Privilege,Digital,,Combined,1,User,null,,DLG_MISC_DR,74175,320,000000,71047,208,CD000,00000,000,GWBC,0,0
2020-12-06T00:00:00.000+00:00,53019029,DirectBillMoneyRcvdTxn,Premium,DLG_BILLING,GWBCGLBilling,GWBCGLBilling_2020041500702F121.xml,UKInsurance,Y,N,510233,13,300000002148736,848.84,GBP,848.84,Motor,Privilege,Digital,,Combined,1,User,null,,DLG_MISC_CR,74176,320,000000,71041,208,CD000,00000,000,GWBC,0,0
2020-12-06T00:00:00.000+00:00,53019035,DirectBillMoneyRcvdTxn,Premium,DLG_BILLING,GWBCGLBilling,GWBCGLBilling_2020041500702F121.xml,UKInsurance,Y,N,510234,14,300000002148736,2391.7,GBP,2391.7,Motor,Privilege,PCW,,Combined,1,User,null,,DLG_MISC_DR,74175,320,000000,71047,208,CD000,00000,000,GWBC,0,0
2020-12-06T00:00:00.000+00:00,53019035,DirectBillMoneyRcvdTxn,Premium,DLG_BILLING,GWBCGLBilling,GWBCGLBilling_2020041500702F121.xml,UKInsurance,Y,N,510234,14,300000002148736,2391.7,GBP,2391.7,Motor,Privilege,PCW,,Combined,1,User,null,,DLG_MISC_CR,74176,320,000000,71041,208,CD000,00000,000,GWBC,0,0
2020-12-06T00:00:00.000+00:00,53019039,DirectBillMoneyRcvdTxn,Premium,DLG_BILLING,GWBCGLBilling,GWBCGLBilling_2020041500702F121.xml,UKInsurance,Y,Y,510235,15,300000002148736,841.82,GBP,841.82,Motor,Privilege,PCW,,Combined,1,User,null,,DLG_MISC_DR,74175,320,000000,71047,208,CD000,00000,000,GWBC,0,0
2020-12-06T00:00:00.000+00:00,53019039,DirectBillMoneyRcvdTxn,Premium,DLG_BILLING,GWBCGLBilling,GWBCGLBilling_2020041500702F121.xml,UKInsurance,Y,Y,510235,15,300000002148736,841.82,GBP,841.82,Motor,Privilege,PCW,,Combined,1,User,null,,DLG_MISC_CR,74176,320,000000,71041,208,CD000,00000,000,GWBC,0,0
