<?xml version="1.0" encoding="UTF-8" standalone="no"?>
<nsl:dlg_file_header create_date_time="2020-04-01T01:26:38" job_id="299586" sequence_no="1" source="GWCCGLAccrual" version="2.6.0" xmlns:nsl="http://www.directlinegroup.co.uk/b4c/Claims/GLAccrual" xsi:schemaLocation="http://www.directlinegroup.co.uk/b4c/Claims/GLAccrual GWCCGLAccrual_v2.6.2.xsd" xmlns:xsi="http://www.w3.org/2001/XMLSchema-instance">
  <nsl:dlg_header>
    <nsl:header_id>r1d38ofc:1400</nsl:header_id>
    <nsl:source>GWCCGLAccrual</nsl:source>
    <nsl:policy_number>9700023378</nsl:policy_number>
    <nsl:claim_number>360010672</nsl:claim_number>
    <nsl:underwriter>ukinsurance_dlg</nsl:underwriter>
    <nsl:brand>privilege</nsl:brand>
    <nsl:line_of_business>MOTLine</nsl:line_of_business>
    <nsl:product_type>tpft</nsl:product_type>
    <nsl:channel>contactcentre</nsl:channel>
    <nsl:transaction_date>2020-03-20T09:54:00</nsl:transaction_date>
    <nsl:loss_date>2020-03-20T09:42:00</nsl:loss_date>
    <nsl:product>Motor</nsl:product>
    <nsl:transaction_amount currency_code="GBP">1700.000</nsl:transaction_amount>
    <nsl:exchange_rate>1.00000</nsl:exchange_rate>
    <nsl:exchange_rate_type>DAILY</nsl:exchange_rate_type>
    <nsl:base_currency_amount>1700.00</nsl:base_currency_amount>
  </nsl:dlg_header>
  <nsl:dlg_header>
    <nsl:header_id>r1d38ofc:1494</nsl:header_id>
    <nsl:source>GWCCGLAccrual</nsl:source>
    <nsl:policy_number>9700027007</nsl:policy_number>
    <nsl:claim_number>360013056</nsl:claim_number>
    <nsl:underwriter>ukinsurance_dlg</nsl:underwriter>
    <nsl:brand>churchill</nsl:brand>
    <nsl:line_of_business>MOTLine</nsl:line_of_business>
    <nsl:product_type>tpft</nsl:product_type>
    <nsl:channel>contactcentre</nsl:channel>
    <nsl:transaction_date>2020-03-24T15:02:33</nsl:transaction_date>
    <nsl:loss_date>2020-03-24T14:50:00</nsl:loss_date>
    <nsl:product>Motor</nsl:product>
    <nsl:transaction_amount currency_code="GBP">1700.000</nsl:transaction_amount>
    <nsl:exchange_rate>1.00000</nsl:exchange_rate>
    <nsl:exchange_rate_type>DAILY</nsl:exchange_rate_type>
    <nsl:base_currency_amount>1700.00</nsl:base_currency_amount>
  </nsl:dlg_header>
  <nsl:dlg_header>
    <nsl:header_id>r1d38ofc:2261</nsl:header_id>
    <nsl:source>GWCCGLAccrual</nsl:source>
    <nsl:policy_number>9700032163</nsl:policy_number>
    <nsl:claim_number>360014542</nsl:claim_number>
    <nsl:underwriter>ukinsurance_dlg</nsl:underwriter>
    <nsl:brand>churchill</nsl:brand>
    <nsl:line_of_business>MOTLine</nsl:line_of_business>
    <nsl:product_type>compplus</nsl:product_type>
    <nsl:channel>contactcentre</nsl:channel>
    <nsl:transaction_date>2020-03-28T14:01:50</nsl:transaction_date>
    <nsl:loss_date>2020-03-28T13:44:00</nsl:loss_date>
    <nsl:product>Motor</nsl:product>
    <nsl:transaction_amount currency_code="GBP">3000.000</nsl:transaction_amount>
    <nsl:exchange_rate>1.00000</nsl:exchange_rate>
    <nsl:exchange_rate_type>DAILY</nsl:exchange_rate_type>
    <nsl:base_currency_amount>3000.00</nsl:base_currency_amount>
  </nsl:dlg_header>
  <nsl:dlg_header>
    <nsl:header_id>r1d38ofc:2262</nsl:header_id>
    <nsl:source>GWCCGLAccrual</nsl:source>
    <nsl:policy_number>9700032163</nsl:policy_number>
    <nsl:claim_number>360014542</nsl:claim_number>
    <nsl:underwriter>ukinsurance_dlg</nsl:underwriter>
    <nsl:brand>churchill</nsl:brand>
    <nsl:line_of_business>MOTLine</nsl:line_of_business>
    <nsl:product_type>compplus</nsl:product_type>
    <nsl:channel>contactcentre</nsl:channel>
    <nsl:transaction_date>2020-03-28T14:02:56</nsl:transaction_date>
    <nsl:loss_date>2020-03-28T13:44:00</nsl:loss_date>
    <nsl:product>Motor</nsl:product>
    <nsl:transaction_amount currency_code="GBP">3000.000</nsl:transaction_amount>
    <nsl:exchange_rate>1.00000</nsl:exchange_rate>
    <nsl:exchange_rate_type>DAILY</nsl:exchange_rate_type>
    <nsl:base_currency_amount>3000.00</nsl:base_currency_amount>
  </nsl:dlg_header>
  <nsl:dlg_header>
    <nsl:header_id>r1d38ofc:2264</nsl:header_id>
    <nsl:source>GWCCGLAccrual</nsl:source>
    <nsl:policy_number>9700032239</nsl:policy_number>
    <nsl:claim_number>360014575</nsl:claim_number>
    <nsl:underwriter>ukinsurance_dlg</nsl:underwriter>
    <nsl:brand>churchill</nsl:brand>
    <nsl:line_of_business>MOTLine</nsl:line_of_business>
    <nsl:product_type>tpft</nsl:product_type>
    <nsl:channel>contactcentre</nsl:channel>
    <nsl:transaction_date>2020-03-28T14:22:15</nsl:transaction_date>
    <nsl:loss_date>2020-03-28T14:10:00</nsl:loss_date>
    <nsl:product>Motor</nsl:product>
    <nsl:transaction_amount currency_code="GBP">1700.000</nsl:transaction_amount>
    <nsl:exchange_rate>1.00000</nsl:exchange_rate>
    <nsl:exchange_rate_type>DAILY</nsl:exchange_rate_type>
    <nsl:base_currency_amount>1700.00</nsl:base_currency_amount>
  </nsl:dlg_header>
  <nsl:dlg_header>
    <nsl:header_id>r1d38ofc:2168</nsl:header_id>
    <nsl:source>GWCCGLAccrual</nsl:source>
    <nsl:policy_number>9700034789</nsl:policy_number>
    <nsl:claim_number>360015499</nsl:claim_number>
    <nsl:underwriter>ukinsurance_dlg</nsl:underwriter>
    <nsl:brand>privilege</nsl:brand>
    <nsl:line_of_business>MOTLine</nsl:line_of_business>
    <nsl:product_type>tpft</nsl:product_type>
    <nsl:channel>contactcentre</nsl:channel>
    <nsl:transaction_date>2020-03-29T18:20:07</nsl:transaction_date>
    <nsl:loss_date>2020-03-29T18:08:00</nsl:loss_date>
    <nsl:product>Motor</nsl:product>
    <nsl:transaction_amount currency_code="GBP">1700.000</nsl:transaction_amount>
    <nsl:exchange_rate>1.00000</nsl:exchange_rate>
    <nsl:exchange_rate_type>DAILY</nsl:exchange_rate_type>
    <nsl:base_currency_amount>1700.00</nsl:base_currency_amount>
  </nsl:dlg_header>
  <nsl:dlg_header>
    <nsl:header_id>r1d38ofc:2173</nsl:header_id>
    <nsl:source>GWCCGLAccrual</nsl:source>
    <nsl:policy_number>9700035679</nsl:policy_number>
    <nsl:claim_number>360015986</nsl:claim_number>
    <nsl:underwriter>ukinsurance_dlg</nsl:underwriter>
    <nsl:brand>privilege</nsl:brand>
    <nsl:line_of_business>MOTLine</nsl:line_of_business>
    <nsl:product_type>compplus</nsl:product_type>
    <nsl:channel>contactcentre</nsl:channel>
    <nsl:transaction_date>2020-03-30T10:41:06</nsl:transaction_date>
    <nsl:loss_date>2020-03-30T10:21:00</nsl:loss_date>
    <nsl:product>Motor</nsl:product>
    <nsl:transaction_amount currency_code="GBP">1900.000</nsl:transaction_amount>
    <nsl:exchange_rate>1.00000</nsl:exchange_rate>
    <nsl:exchange_rate_type>DAILY</nsl:exchange_rate_type>
    <nsl:base_currency_amount>1900.00</nsl:base_currency_amount>
  </nsl:dlg_header>
  <nsl:dlg_header>
    <nsl:header_id>r1d38ofc:2326</nsl:header_id>
    <nsl:source>GWCCGLAccrual</nsl:source>
    <nsl:policy_number>9700036297</nsl:policy_number>
    <nsl:claim_number>360016356</nsl:claim_number>
    <nsl:underwriter>ukinsurance_dlg</nsl:underwriter>
    <nsl:brand>privilege</nsl:brand>
    <nsl:line_of_business>MOTLine</nsl:line_of_business>
    <nsl:product_type>compplus</nsl:product_type>
    <nsl:channel>contactcentre</nsl:channel>
    <nsl:transaction_date>2020-03-30T14:51:40</nsl:transaction_date>
    <nsl:loss_date>2020-03-30T14:45:00</nsl:loss_date>
    <nsl:product>Motor</nsl:product>
    <nsl:transaction_amount currency_code="GBP">124.000</nsl:transaction_amount>
    <nsl:exchange_rate>1.00000</nsl:exchange_rate>
    <nsl:exchange_rate_type>DAILY</nsl:exchange_rate_type>
    <nsl:base_currency_amount>124.00</nsl:base_currency_amount>
  </nsl:dlg_header>
  <nsl:dlg_header>
    <nsl:header_id>r1d38ofc:2404</nsl:header_id>
    <nsl:source>GWCCGLAccrual</nsl:source>
    <nsl:policy_number>9700036586</nsl:policy_number>
    <nsl:claim_number>360016596</nsl:claim_number>
    <nsl:underwriter>ukinsurance_dlg</nsl:underwriter>
    <nsl:brand>privilege</nsl:brand>
    <nsl:line_of_business>MOTLine</nsl:line_of_business>
    <nsl:product_type>compplus</nsl:product_type>
    <nsl:channel>contactcentre</nsl:channel>
    <nsl:transaction_date>2020-03-30T21:45:05</nsl:transaction_date>
    <nsl:loss_date>2020-03-30T21:12:00</nsl:loss_date>
    <nsl:product>Motor</nsl:product>
    <nsl:transaction_amount currency_code="GBP">1700.000</nsl:transaction_amount>
    <nsl:exchange_rate>1.00000</nsl:exchange_rate>
    <nsl:exchange_rate_type>DAILY</nsl:exchange_rate_type>
    <nsl:base_currency_amount>1700.00</nsl:base_currency_amount>
  </nsl:dlg_header>
  <nsl:dlg_header>
    <nsl:header_id>r1d38ofc:2703</nsl:header_id>
    <nsl:source>GWCCGLAccrual</nsl:source>
    <nsl:policy_number>9700033369</nsl:policy_number>
    <nsl:claim_number>360016968</nsl:claim_number>
    <nsl:underwriter>ukinsurance_dlg</nsl:underwriter>
    <nsl:brand>churchill</nsl:brand>
    <nsl:line_of_business>MOTLine</nsl:line_of_business>
    <nsl:product_type>compplus</nsl:product_type>
    <nsl:channel>contactcentre</nsl:channel>
    <nsl:transaction_date>2020-03-31T12:46:52</nsl:transaction_date>
    <nsl:loss_date>2020-03-31T00:00:00</nsl:loss_date>
    <nsl:product>Motor</nsl:product>
    <nsl:transaction_amount currency_code="GBP">6501.000</nsl:transaction_amount>
    <nsl:exchange_rate>1.00000</nsl:exchange_rate>
    <nsl:exchange_rate_type>DAILY</nsl:exchange_rate_type>
    <nsl:base_currency_amount>6501.00</nsl:base_currency_amount>
  </nsl:dlg_header>
  <nsl:dlg_header>
    <nsl:header_id>r1d38ofc:2704</nsl:header_id>
    <nsl:source>GWCCGLAccrual</nsl:source>
    <nsl:policy_number>9700033369</nsl:policy_number>
    <nsl:claim_number>360016968</nsl:claim_number>
    <nsl:underwriter>ukinsurance_dlg</nsl:underwriter>
    <nsl:brand>churchill</nsl:brand>
    <nsl:line_of_business>MOTLine</nsl:line_of_business>
    <nsl:product_type>compplus</nsl:product_type>
    <nsl:channel>contactcentre</nsl:channel>
    <nsl:transaction_date>2020-03-31T12:48:13</nsl:transaction_date>
    <nsl:loss_date>2020-03-31T00:00:00</nsl:loss_date>
    <nsl:product>Motor</nsl:product>
    <nsl:transaction_amount currency_code="GBP">500.000</nsl:transaction_amount>
    <nsl:exchange_rate>1.00000</nsl:exchange_rate>
    <nsl:exchange_rate_type>DAILY</nsl:exchange_rate_type>
    <nsl:base_currency_amount>500.00</nsl:base_currency_amount>
  </nsl:dlg_header>
  <nsl:dlg_header>
    <nsl:header_id>r1d38ofc:1551</nsl:header_id>
    <nsl:source>GWCCGLAccrual</nsl:source>
    <nsl:policy_number>9700026389</nsl:policy_number>
    <nsl:claim_number>360012645</nsl:claim_number>
    <nsl:underwriter>ukinsurance_dlg</nsl:underwriter>
    <nsl:brand>directline</nsl:brand>
    <nsl:line_of_business>MOTLine</nsl:line_of_business>
    <nsl:product_type>tpfttelematics</nsl:product_type>
    <nsl:channel>contactcentre</nsl:channel>
    <nsl:transaction_date>2020-03-24T08:14:08</nsl:transaction_date>
    <nsl:loss_date>2020-03-24T08:01:00</nsl:loss_date>
    <nsl:product>Motor</nsl:product>
    <nsl:transaction_amount currency_code="GBP">1700.000</nsl:transaction_amount>
    <nsl:exchange_rate>1.00000</nsl:exchange_rate>
    <nsl:exchange_rate_type>DAILY</nsl:exchange_rate_type>
    <nsl:base_currency_amount>1700.00</nsl:base_currency_amount>
  </nsl:dlg_header>
  <nsl:dlg_header>
    <nsl:header_id>r1d38ofc:2317</nsl:header_id>
    <nsl:source>GWCCGLAccrual</nsl:source>
    <nsl:policy_number>9700035901</nsl:policy_number>
    <nsl:claim_number>360016208</nsl:claim_number>
    <nsl:underwriter>ukinsurance_dlg</nsl:underwriter>
    <nsl:brand>privilege</nsl:brand>
    <nsl:line_of_business>MOTLine</nsl:line_of_business>
    <nsl:product_type>compplus</nsl:product_type>
    <nsl:channel>contactcentre</nsl:channel>
    <nsl:transaction_date>2020-03-30T13:07:14</nsl:transaction_date>
    <nsl:loss_date>2020-03-30T12:41:00</nsl:loss_date>
    <nsl:product>Motor</nsl:product>
    <nsl:transaction_amount currency_code="GBP">300.000</nsl:transaction_amount>
    <nsl:exchange_rate>1.00000</nsl:exchange_rate>
    <nsl:exchange_rate_type>DAILY</nsl:exchange_rate_type>
    <nsl:base_currency_amount>300.00</nsl:base_currency_amount>
  </nsl:dlg_header>
  <nsl:dlg_header>
    <nsl:header_id>r1d38ofc:2175</nsl:header_id>
    <nsl:source>GWCCGLAccrual</nsl:source>
    <nsl:policy_number>9700035950</nsl:policy_number>
    <nsl:claim_number>360016240</nsl:claim_number>
    <nsl:underwriter>ukinsurance_dlg</nsl:underwriter>
    <nsl:brand>churchill</nsl:brand>
    <nsl:line_of_business>MOTLine</nsl:line_of_business>
    <nsl:product_type>tpft</nsl:product_type>
    <nsl:channel>contactcentre</nsl:channel>
    <nsl:transaction_date>2020-03-30T13:11:19</nsl:transaction_date>
    <nsl:loss_date>2020-03-30T12:58:00</nsl:loss_date>
    <nsl:product>Motor</nsl:product>
    <nsl:transaction_amount currency_code="GBP">2000.000</nsl:transaction_amount>
    <nsl:exchange_rate>1.00000</nsl:exchange_rate>
    <nsl:exchange_rate_type>DAILY</nsl:exchange_rate_type>
    <nsl:base_currency_amount>2000.00</nsl:base_currency_amount>
  </nsl:dlg_header>
  <nsl:dlg_header>
    <nsl:header_id>r1d38ofc:2412</nsl:header_id>
    <nsl:source>GWCCGLAccrual</nsl:source>
    <nsl:policy_number>9700036909</nsl:policy_number>
    <nsl:claim_number>360016828</nsl:claim_number>
    <nsl:underwriter>ukinsurance_dlg</nsl:underwriter>
    <nsl:brand>privilege</nsl:brand>
    <nsl:line_of_business>MOTLine</nsl:line_of_business>
    <nsl:product_type>tpft</nsl:product_type>
    <nsl:channel>contactcentre</nsl:channel>
    <nsl:transaction_date>2020-03-31T10:35:25</nsl:transaction_date>
    <nsl:loss_date>2020-03-31T10:21:00</nsl:loss_date>
    <nsl:product>Motor</nsl:product>
    <nsl:transaction_amount currency_code="GBP">2000.000</nsl:transaction_amount>
    <nsl:exchange_rate>1.00000</nsl:exchange_rate>
    <nsl:exchange_rate_type>DAILY</nsl:exchange_rate_type>
    <nsl:base_currency_amount>2000.00</nsl:base_currency_amount>
  </nsl:dlg_header>
  <nsl:dlg_header>
    <nsl:header_id>r1d38ofc:2601</nsl:header_id>
    <nsl:source>GWCCGLAccrual</nsl:source>
    <nsl:policy_number>9700036545</nsl:policy_number>
    <nsl:claim_number>360016893</nsl:claim_number>
    <nsl:underwriter>ukinsurance_dlg</nsl:underwriter>
    <nsl:brand>directline</nsl:brand>
    <nsl:line_of_business>MOTLine</nsl:line_of_business>
    <nsl:product_type>compplus</nsl:product_type>
    <nsl:channel>contactcentre</nsl:channel>
    <nsl:transaction_date>2020-03-31T11:42:42</nsl:transaction_date>
    <nsl:loss_date>2020-03-31T00:00:00</nsl:loss_date>
    <nsl:product>Motor</nsl:product>
    <nsl:transaction_amount currency_code="GBP">6501.000</nsl:transaction_amount>
    <nsl:exchange_rate>1.00000</nsl:exchange_rate>
    <nsl:exchange_rate_type>DAILY</nsl:exchange_rate_type>
    <nsl:base_currency_amount>6501.00</nsl:base_currency_amount>
  </nsl:dlg_header>
  <nsl:dlg_header>
    <nsl:header_id>r1d38ofc:2602</nsl:header_id>
    <nsl:source>GWCCGLAccrual</nsl:source>
    <nsl:policy_number>9700036545</nsl:policy_number>
    <nsl:claim_number>360016893</nsl:claim_number>
    <nsl:underwriter>ukinsurance_dlg</nsl:underwriter>
    <nsl:brand>directline</nsl:brand>
    <nsl:line_of_business>MOTLine</nsl:line_of_business>
    <nsl:product_type>compplus</nsl:product_type>
    <nsl:channel>contactcentre</nsl:channel>
    <nsl:transaction_date>2020-03-31T11:44:01</nsl:transaction_date>
    <nsl:loss_date>2020-03-31T00:00:00</nsl:loss_date>
    <nsl:product>Motor</nsl:product>
    <nsl:transaction_amount currency_code="GBP">500.000</nsl:transaction_amount>
    <nsl:exchange_rate>1.00000</nsl:exchange_rate>
    <nsl:exchange_rate_type>DAILY</nsl:exchange_rate_type>
    <nsl:base_currency_amount>500.00</nsl:base_currency_amount>
  </nsl:dlg_header>
  <nsl:dlg_header>
    <nsl:header_id>r1d38ofc:679</nsl:header_id>
    <nsl:source>GWCCGLAccrual</nsl:source>
    <nsl:policy_number>9700014781</nsl:policy_number>
    <nsl:claim_number>360006506</nsl:claim_number>
    <nsl:underwriter>ukinsurance_dlg</nsl:underwriter>
    <nsl:brand>directline</nsl:brand>
    <nsl:line_of_business>MOTLine</nsl:line_of_business>
    <nsl:product_type>tpfttelematics</nsl:product_type>
    <nsl:channel>contactcentre</nsl:channel>
    <nsl:transaction_date>2020-03-15T17:39:41</nsl:transaction_date>
    <nsl:loss_date>2020-03-15T17:27:00</nsl:loss_date>
    <nsl:product>Motor</nsl:product>
    <nsl:transaction_amount currency_code="GBP">1700.000</nsl:transaction_amount>
    <nsl:exchange_rate>1.00000</nsl:exchange_rate>
    <nsl:exchange_rate_type>DAILY</nsl:exchange_rate_type>
    <nsl:base_currency_amount>1700.00</nsl:base_currency_amount>
  </nsl:dlg_header>
  <nsl:dlg_header>
    <nsl:header_id>r1d38ofc:684</nsl:header_id>
    <nsl:source>GWCCGLAccrual</nsl:source>
    <nsl:policy_number>9700015226</nsl:policy_number>
    <nsl:claim_number>360006936</nsl:claim_number>
    <nsl:underwriter>ukinsurance_dlg</nsl:underwriter>
    <nsl:brand>churchill</nsl:brand>
    <nsl:line_of_business>MOTLine</nsl:line_of_business>
    <nsl:product_type>tpft</nsl:product_type>
    <nsl:channel>contactcentre</nsl:channel>
    <nsl:transaction_date>2020-03-16T04:07:10</nsl:transaction_date>
    <nsl:loss_date>2020-03-16T03:54:00</nsl:loss_date>
    <nsl:product>Motor</nsl:product>
    <nsl:transaction_amount currency_code="GBP">1700.000</nsl:transaction_amount>
    <nsl:exchange_rate>1.00000</nsl:exchange_rate>
    <nsl:exchange_rate_type>DAILY</nsl:exchange_rate_type>
    <nsl:base_currency_amount>1700.00</nsl:base_currency_amount>
  </nsl:dlg_header>
  <nsl:dlg_header>
    <nsl:header_id>r1d38ofc:1202</nsl:header_id>
    <nsl:source>GWCCGLAccrual</nsl:source>
    <nsl:policy_number>9700017776</nsl:policy_number>
    <nsl:claim_number>360008098</nsl:claim_number>
    <nsl:underwriter>ukinsurance_dlg</nsl:underwriter>
    <nsl:brand>privilege</nsl:brand>
    <nsl:line_of_business>MOTLine</nsl:line_of_business>
    <nsl:product_type>tpft</nsl:product_type>
    <nsl:channel>contactcentre</nsl:channel>
    <nsl:transaction_date>2020-03-18T10:28:23</nsl:transaction_date>
    <nsl:loss_date>2020-03-18T10:15:00</nsl:loss_date>
    <nsl:product>Motor</nsl:product>
    <nsl:transaction_amount currency_code="GBP">1700.000</nsl:transaction_amount>
    <nsl:exchange_rate>1.00000</nsl:exchange_rate>
    <nsl:exchange_rate_type>DAILY</nsl:exchange_rate_type>
    <nsl:base_currency_amount>1700.00</nsl:base_currency_amount>
  </nsl:dlg_header>
  <nsl:dlg_header>
    <nsl:header_id>r1d38ofc:2105</nsl:header_id>
    <nsl:source>GWCCGLAccrual</nsl:source>
    <nsl:policy_number>9700029540</nsl:policy_number>
    <nsl:claim_number>360013379</nsl:claim_number>
    <nsl:underwriter>ukinsurance_dlg</nsl:underwriter>
    <nsl:brand>directline</nsl:brand>
    <nsl:line_of_business>MOTLine</nsl:line_of_business>
    <nsl:product_type>compplus</nsl:product_type>
    <nsl:channel>contactcentre</nsl:channel>
    <nsl:transaction_date>2020-03-27T17:28:45</nsl:transaction_date>
    <nsl:loss_date>2020-03-27T17:12:00</nsl:loss_date>
    <nsl:product>Motor</nsl:product>
    <nsl:transaction_amount currency_code="GBP">3000.000</nsl:transaction_amount>
    <nsl:exchange_rate>1.00000</nsl:exchange_rate>
    <nsl:exchange_rate_type>DAILY</nsl:exchange_rate_type>
    <nsl:base_currency_amount>3000.00</nsl:base_currency_amount>
  </nsl:dlg_header>
  <nsl:dlg_header>
    <nsl:header_id>r1d38ofc:2106</nsl:header_id>
    <nsl:source>GWCCGLAccrual</nsl:source>
    <nsl:policy_number>9700029540</nsl:policy_number>
    <nsl:claim_number>360013379</nsl:claim_number>
    <nsl:underwriter>ukinsurance_dlg</nsl:underwriter>
    <nsl:brand>directline</nsl:brand>
    <nsl:line_of_business>MOTLine</nsl:line_of_business>
    <nsl:product_type>compplus</nsl:product_type>
    <nsl:channel>contactcentre</nsl:channel>
    <nsl:transaction_date>2020-03-27T17:29:47</nsl:transaction_date>
    <nsl:loss_date>2020-03-27T17:12:00</nsl:loss_date>
    <nsl:product>Motor</nsl:product>
    <nsl:transaction_amount currency_code="GBP">3000.000</nsl:transaction_amount>
    <nsl:exchange_rate>1.00000</nsl:exchange_rate>
    <nsl:exchange_rate_type>DAILY</nsl:exchange_rate_type>
    <nsl:base_currency_amount>3000.00</nsl:base_currency_amount>
  </nsl:dlg_header>
  <nsl:dlg_header>
    <nsl:header_id>r1d38ofc:2213</nsl:header_id>
    <nsl:source>GWCCGLAccrual</nsl:source>
    <nsl:policy_number>9700029854</nsl:policy_number>
    <nsl:claim_number>360013536</nsl:claim_number>
    <nsl:underwriter>ukinsurance_dlg</nsl:underwriter>
    <nsl:brand>churchill</nsl:brand>
    <nsl:line_of_business>MOTLine</nsl:line_of_business>
    <nsl:product_type>compplus</nsl:product_type>
    <nsl:channel>contactcentre</nsl:channel>
    <nsl:transaction_date>2020-03-27T19:18:51</nsl:transaction_date>
    <nsl:loss_date>2020-03-27T18:58:00</nsl:loss_date>
    <nsl:product>Motor</nsl:product>
    <nsl:transaction_amount currency_code="GBP">1901.000</nsl:transaction_amount>
    <nsl:exchange_rate>1.00000</nsl:exchange_rate>
    <nsl:exchange_rate_type>DAILY</nsl:exchange_rate_type>
    <nsl:base_currency_amount>1901.00</nsl:base_currency_amount>
  </nsl:dlg_header>
  <nsl:dlg_header>
    <nsl:header_id>r1d38ofc:2216</nsl:header_id>
    <nsl:source>GWCCGLAccrual</nsl:source>
    <nsl:policy_number>9700030068</nsl:policy_number>
    <nsl:claim_number>360013627</nsl:claim_number>
    <nsl:underwriter>ukinsurance_dlg</nsl:underwriter>
    <nsl:brand>churchill</nsl:brand>
    <nsl:line_of_business>MOTLine</nsl:line_of_business>
    <nsl:product_type>compplus</nsl:product_type>
    <nsl:channel>contactcentre</nsl:channel>
    <nsl:transaction_date>2020-03-27T20:13:38</nsl:transaction_date>
    <nsl:loss_date>2020-03-27T19:51:00</nsl:loss_date>
    <nsl:product>Motor</nsl:product>
    <nsl:transaction_amount currency_code="GBP">2401.000</nsl:transaction_amount>
    <nsl:exchange_rate>1.00000</nsl:exchange_rate>
    <nsl:exchange_rate_type>DAILY</nsl:exchange_rate_type>
    <nsl:base_currency_amount>2401.00</nsl:base_currency_amount>
  </nsl:dlg_header>
  <nsl:dlg_header>
    <nsl:header_id>r1d38ofc:2217</nsl:header_id>
    <nsl:source>GWCCGLAccrual</nsl:source>
    <nsl:policy_number>9700030068</nsl:policy_number>
    <nsl:claim_number>360013627</nsl:claim_number>
    <nsl:underwriter>ukinsurance_dlg</nsl:underwriter>
    <nsl:brand>churchill</nsl:brand>
    <nsl:line_of_business>MOTLine</nsl:line_of_business>
    <nsl:product_type>compplus</nsl:product_type>
    <nsl:channel>contactcentre</nsl:channel>
    <nsl:transaction_date>2020-03-27T20:14:59</nsl:transaction_date>
    <nsl:loss_date>2020-03-27T19:51:00</nsl:loss_date>
    <nsl:product>Motor</nsl:product>
    <nsl:transaction_amount currency_code="GBP">1971.000</nsl:transaction_amount>
    <nsl:exchange_rate>1.00000</nsl:exchange_rate>
    <nsl:exchange_rate_type>DAILY</nsl:exchange_rate_type>
    <nsl:base_currency_amount>1971.00</nsl:base_currency_amount>
  </nsl:dlg_header>
  <nsl:dlg_header>
    <nsl:header_id>r1d38ofc:2219</nsl:header_id>
    <nsl:source>GWCCGLAccrual</nsl:source>
    <nsl:policy_number>9700030209</nsl:policy_number>
    <nsl:claim_number>360013676</nsl:claim_number>
    <nsl:underwriter>ukinsurance_dlg</nsl:underwriter>
    <nsl:brand>churchill</nsl:brand>
    <nsl:line_of_business>MOTLine</nsl:line_of_business>
    <nsl:product_type>compplus</nsl:product_type>
    <nsl:channel>contactcentre</nsl:channel>
    <nsl:transaction_date>2020-03-27T20:49:05</nsl:transaction_date>
    <nsl:loss_date>2020-03-27T20:29:00</nsl:loss_date>
    <nsl:product>Motor</nsl:product>
    <nsl:transaction_amount currency_code="GBP">1900.000</nsl:transaction_amount>
    <nsl:exchange_rate>1.00000</nsl:exchange_rate>
    <nsl:exchange_rate_type>DAILY</nsl:exchange_rate_type>
    <nsl:base_currency_amount>1900.00</nsl:base_currency_amount>
  </nsl:dlg_header>
  <nsl:dlg_header>
    <nsl:header_id>r1d38ofc:2278</nsl:header_id>
    <nsl:source>GWCCGLAccrual</nsl:source>
    <nsl:policy_number>9700032593</nsl:policy_number>
    <nsl:claim_number>360014807</nsl:claim_number>
    <nsl:underwriter>ukinsurance_dlg</nsl:underwriter>
    <nsl:brand>directline</nsl:brand>
    <nsl:line_of_business>MOTLine</nsl:line_of_business>
    <nsl:product_type>compplus</nsl:product_type>
    <nsl:channel>contactcentre</nsl:channel>
    <nsl:transaction_date>2020-03-28T16:06:33</nsl:transaction_date>
    <nsl:loss_date>2020-03-28T15:45:00</nsl:loss_date>
    <nsl:product>Motor</nsl:product>
    <nsl:transaction_amount currency_code="GBP">1901.000</nsl:transaction_amount>
    <nsl:exchange_rate>1.00000</nsl:exchange_rate>
    <nsl:exchange_rate_type>DAILY</nsl:exchange_rate_type>
    <nsl:base_currency_amount>1901.00</nsl:base_currency_amount>
  </nsl:dlg_header>
  <nsl:dlg_header>
    <nsl:header_id>r1d38ofc:2137</nsl:header_id>
    <nsl:source>GWCCGLAccrual</nsl:source>
    <nsl:policy_number>9700032817</nsl:policy_number>
    <nsl:claim_number>360014898</nsl:claim_number>
    <nsl:underwriter>ukinsurance_dlg</nsl:underwriter>
    <nsl:brand>directline</nsl:brand>
    <nsl:line_of_business>MOTLine</nsl:line_of_business>
    <nsl:product_type>compplus</nsl:product_type>
    <nsl:channel>contactcentre</nsl:channel>
    <nsl:transaction_date>2020-03-28T17:04:52</nsl:transaction_date>
    <nsl:loss_date>2020-03-28T16:42:00</nsl:loss_date>
    <nsl:product>Motor</nsl:product>
    <nsl:transaction_amount currency_code="GBP">2401.000</nsl:transaction_amount>
    <nsl:exchange_rate>1.00000</nsl:exchange_rate>
    <nsl:exchange_rate_type>DAILY</nsl:exchange_rate_type>
    <nsl:base_currency_amount>2401.00</nsl:base_currency_amount>
  </nsl:dlg_header>
  <nsl:dlg_header>
    <nsl:header_id>r1d38ofc:2138</nsl:header_id>
    <nsl:source>GWCCGLAccrual</nsl:source>
    <nsl:policy_number>9700032817</nsl:policy_number>
    <nsl:claim_number>360014898</nsl:claim_number>
    <nsl:underwriter>ukinsurance_dlg</nsl:underwriter>
    <nsl:brand>directline</nsl:brand>
    <nsl:line_of_business>MOTLine</nsl:line_of_business>
    <nsl:product_type>compplus</nsl:product_type>
    <nsl:channel>contactcentre</nsl:channel>
    <nsl:transaction_date>2020-03-28T17:06:06</nsl:transaction_date>
    <nsl:loss_date>2020-03-28T16:42:00</nsl:loss_date>
    <nsl:product>Motor</nsl:product>
    <nsl:transaction_amount currency_code="GBP">1971.000</nsl:transaction_amount>
    <nsl:exchange_rate>1.00000</nsl:exchange_rate>
    <nsl:exchange_rate_type>DAILY</nsl:exchange_rate_type>
    <nsl:base_currency_amount>1971.00</nsl:base_currency_amount>
  </nsl:dlg_header>
  <nsl:dlg_header>
    <nsl:header_id>r1d38ofc:2140</nsl:header_id>
    <nsl:source>GWCCGLAccrual</nsl:source>
    <nsl:policy_number>9700032957</nsl:policy_number>
    <nsl:claim_number>360014955</nsl:claim_number>
    <nsl:underwriter>ukinsurance_dlg</nsl:underwriter>
    <nsl:brand>directline</nsl:brand>
    <nsl:line_of_business>MOTLine</nsl:line_of_business>
    <nsl:product_type>compplus</nsl:product_type>
    <nsl:channel>contactcentre</nsl:channel>
    <nsl:transaction_date>2020-03-28T17:42:48</nsl:transaction_date>
    <nsl:loss_date>2020-03-28T17:21:00</nsl:loss_date>
    <nsl:product>Motor</nsl:product>
    <nsl:transaction_amount currency_code="GBP">1900.000</nsl:transaction_amount>
    <nsl:exchange_rate>1.00000</nsl:exchange_rate>
    <nsl:exchange_rate_type>DAILY</nsl:exchange_rate_type>
    <nsl:base_currency_amount>1900.00</nsl:base_currency_amount>
  </nsl:dlg_header>
  <nsl:dlg_header>
    <nsl:header_id>r1d38ofc:2143</nsl:header_id>
    <nsl:source>GWCCGLAccrual</nsl:source>
    <nsl:policy_number>9700033088</nsl:policy_number>
    <nsl:claim_number>360015036</nsl:claim_number>
    <nsl:underwriter>ukinsurance_dlg</nsl:underwriter>
    <nsl:brand>directline</nsl:brand>
    <nsl:line_of_business>MOTLine</nsl:line_of_business>
    <nsl:product_type>tpfttelematics</nsl:product_type>
    <nsl:channel>contactcentre</nsl:channel>
    <nsl:transaction_date>2020-03-28T18:00:51</nsl:transaction_date>
    <nsl:loss_date>2020-03-28T17:48:00</nsl:loss_date>
    <nsl:product>Motor</nsl:product>
    <nsl:transaction_amount currency_code="GBP">1700.000</nsl:transaction_amount>
    <nsl:exchange_rate>1.00000</nsl:exchange_rate>
    <nsl:exchange_rate_type>DAILY</nsl:exchange_rate_type>
    <nsl:base_currency_amount>1700.00</nsl:base_currency_amount>
  </nsl:dlg_header>
  <nsl:dlg_header>
    <nsl:header_id>r1d38ofc:2167</nsl:header_id>
    <nsl:source>GWCCGLAccrual</nsl:source>
    <nsl:policy_number>9700034789</nsl:policy_number>
    <nsl:claim_number>360015499</nsl:claim_number>
    <nsl:underwriter>ukinsurance_dlg</nsl:underwriter>
    <nsl:brand>privilege</nsl:brand>
    <nsl:line_of_business>MOTLine</nsl:line_of_business>
    <nsl:product_type>tpft</nsl:product_type>
    <nsl:channel>contactcentre</nsl:channel>
    <nsl:transaction_date>2020-03-29T18:18:58</nsl:transaction_date>
    <nsl:loss_date>2020-03-29T18:08:00</nsl:loss_date>
    <nsl:product>Motor</nsl:product>
    <nsl:transaction_amount currency_code="GBP">1900.000</nsl:transaction_amount>
    <nsl:exchange_rate>1.00000</nsl:exchange_rate>
    <nsl:exchange_rate_type>DAILY</nsl:exchange_rate_type>
    <nsl:base_currency_amount>1900.00</nsl:base_currency_amount>
  </nsl:dlg_header>
  <nsl:dlg_header>
    <nsl:header_id>r1d38ofc:2302</nsl:header_id>
    <nsl:source>GWCCGLAccrual</nsl:source>
    <nsl:policy_number>9700035430</nsl:policy_number>
    <nsl:claim_number>360015770</nsl:claim_number>
    <nsl:underwriter>ukinsurance_dlg</nsl:underwriter>
    <nsl:brand>privilege</nsl:brand>
    <nsl:line_of_business>MOTLine</nsl:line_of_business>
    <nsl:product_type>compplus</nsl:product_type>
    <nsl:channel>contactcentre</nsl:channel>
    <nsl:transaction_date>2020-03-30T08:43:38</nsl:transaction_date>
    <nsl:loss_date>2020-03-30T08:28:00</nsl:loss_date>
    <nsl:product>Motor</nsl:product>
    <nsl:transaction_amount currency_code="GBP">450.000</nsl:transaction_amount>
    <nsl:exchange_rate>1.00000</nsl:exchange_rate>
    <nsl:exchange_rate_type>DAILY</nsl:exchange_rate_type>
    <nsl:base_currency_amount>450.00</nsl:base_currency_amount>
  </nsl:dlg_header>
  <nsl:dlg_header>
    <nsl:header_id>r1d38ofc:2304</nsl:header_id>
    <nsl:source>GWCCGLAccrual</nsl:source>
    <nsl:policy_number>9700035505</nsl:policy_number>
    <nsl:claim_number>360015812</nsl:claim_number>
    <nsl:underwriter>ukinsurance_dlg</nsl:underwriter>
    <nsl:brand>privilege</nsl:brand>
    <nsl:line_of_business>MOTLine</nsl:line_of_business>
    <nsl:product_type>compplus</nsl:product_type>
    <nsl:channel>contactcentre</nsl:channel>
    <nsl:transaction_date>2020-03-30T09:13:28</nsl:transaction_date>
    <nsl:loss_date>2020-03-30T08:57:00</nsl:loss_date>
    <nsl:product>Motor</nsl:product>
    <nsl:transaction_amount currency_code="GBP">6501.000</nsl:transaction_amount>
    <nsl:exchange_rate>1.00000</nsl:exchange_rate>
    <nsl:exchange_rate_type>DAILY</nsl:exchange_rate_type>
    <nsl:base_currency_amount>6501.00</nsl:base_currency_amount>
  </nsl:dlg_header>
  <nsl:dlg_header>
    <nsl:header_id>r1d38ofc:2306</nsl:header_id>
    <nsl:source>GWCCGLAccrual</nsl:source>
    <nsl:policy_number>9700035505</nsl:policy_number>
    <nsl:claim_number>360015812</nsl:claim_number>
    <nsl:underwriter>ukinsurance_dlg</nsl:underwriter>
    <nsl:brand>privilege</nsl:brand>
    <nsl:line_of_business>MOTLine</nsl:line_of_business>
    <nsl:product_type>compplus</nsl:product_type>
    <nsl:channel>contactcentre</nsl:channel>
    <nsl:transaction_date>2020-03-30T09:15:02</nsl:transaction_date>
    <nsl:loss_date>2020-03-30T08:57:00</nsl:loss_date>
    <nsl:product>Motor</nsl:product>
    <nsl:transaction_amount currency_code="GBP">1116.000</nsl:transaction_amount>
    <nsl:exchange_rate>1.00000</nsl:exchange_rate>
    <nsl:exchange_rate_type>DAILY</nsl:exchange_rate_type>
    <nsl:base_currency_amount>1116.00</nsl:base_currency_amount>
  </nsl:dlg_header>
  <nsl:dlg_header>
    <nsl:header_id>r1d38ofc:2307</nsl:header_id>
    <nsl:source>GWCCGLAccrual</nsl:source>
    <nsl:policy_number>9700035505</nsl:policy_number>
    <nsl:claim_number>360015812</nsl:claim_number>
    <nsl:underwriter>ukinsurance_dlg</nsl:underwriter>
    <nsl:brand>privilege</nsl:brand>
    <nsl:line_of_business>MOTLine</nsl:line_of_business>
    <nsl:product_type>compplus</nsl:product_type>
    <nsl:channel>contactcentre</nsl:channel>
    <nsl:transaction_date>2020-03-30T09:16:37</nsl:transaction_date>
    <nsl:loss_date>2020-03-30T08:57:00</nsl:loss_date>
    <nsl:product>Motor</nsl:product>
    <nsl:transaction_amount currency_code="GBP">1971.000</nsl:transaction_amount>
    <nsl:exchange_rate>1.00000</nsl:exchange_rate>
    <nsl:exchange_rate_type>DAILY</nsl:exchange_rate_type>
    <nsl:base_currency_amount>1971.00</nsl:base_currency_amount>
  </nsl:dlg_header>
  <nsl:dlg_header>
    <nsl:header_id>r1d38ofc:2308</nsl:header_id>
    <nsl:source>GWCCGLAccrual</nsl:source>
    <nsl:policy_number>9700035505</nsl:policy_number>
    <nsl:claim_number>360015812</nsl:claim_number>
    <nsl:underwriter>ukinsurance_dlg</nsl:underwriter>
    <nsl:brand>privilege</nsl:brand>
    <nsl:line_of_business>MOTLine</nsl:line_of_business>
    <nsl:product_type>compplus</nsl:product_type>
    <nsl:channel>contactcentre</nsl:channel>
    <nsl:transaction_date>2020-03-30T09:17:45</nsl:transaction_date>
    <nsl:loss_date>2020-03-30T08:57:00</nsl:loss_date>
    <nsl:product>Motor</nsl:product>
    <nsl:transaction_amount currency_code="GBP">1901.000</nsl:transaction_amount>
    <nsl:exchange_rate>1.00000</nsl:exchange_rate>
    <nsl:exchange_rate_type>DAILY</nsl:exchange_rate_type>
    <nsl:base_currency_amount>1901.00</nsl:base_currency_amount>
  </nsl:dlg_header>
  <nsl:dlg_header>
    <nsl:header_id>r1d38ofc:2315</nsl:header_id>
    <nsl:source>GWCCGLAccrual</nsl:source>
    <nsl:policy_number>9700035901</nsl:policy_number>
    <nsl:claim_number>360016208</nsl:claim_number>
    <nsl:underwriter>ukinsurance_dlg</nsl:underwriter>
    <nsl:brand>privilege</nsl:brand>
    <nsl:line_of_business>MOTLine</nsl:line_of_business>
    <nsl:product_type>compplus</nsl:product_type>
    <nsl:channel>contactcentre</nsl:channel>
    <nsl:transaction_date>2020-03-30T13:04:05</nsl:transaction_date>
    <nsl:loss_date>2020-03-30T12:41:00</nsl:loss_date>
    <nsl:product>Motor</nsl:product>
    <nsl:transaction_amount currency_code="GBP">2401.000</nsl:transaction_amount>
    <nsl:exchange_rate>1.00000</nsl:exchange_rate>
    <nsl:exchange_rate_type>DAILY</nsl:exchange_rate_type>
    <nsl:base_currency_amount>2401.00</nsl:base_currency_amount>
  </nsl:dlg_header>
  <nsl:dlg_header>
    <nsl:header_id>r1d38ofc:2316</nsl:header_id>
    <nsl:source>GWCCGLAccrual</nsl:source>
    <nsl:policy_number>9700035901</nsl:policy_number>
    <nsl:claim_number>360016208</nsl:claim_number>
    <nsl:underwriter>ukinsurance_dlg</nsl:underwriter>
    <nsl:brand>privilege</nsl:brand>
    <nsl:line_of_business>MOTLine</nsl:line_of_business>
    <nsl:product_type>compplus</nsl:product_type>
    <nsl:channel>contactcentre</nsl:channel>
    <nsl:transaction_date>2020-03-30T13:05:23</nsl:transaction_date>
    <nsl:loss_date>2020-03-30T12:41:00</nsl:loss_date>
    <nsl:product>Motor</nsl:product>
    <nsl:transaction_amount currency_code="GBP">1971.000</nsl:transaction_amount>
    <nsl:exchange_rate>1.00000</nsl:exchange_rate>
    <nsl:exchange_rate_type>DAILY</nsl:exchange_rate_type>
    <nsl:base_currency_amount>1971.00</nsl:base_currency_amount>
  </nsl:dlg_header>
  <nsl:dlg_header>
    <nsl:header_id>r1d38ofc:2319</nsl:header_id>
    <nsl:source>GWCCGLAccrual</nsl:source>
    <nsl:policy_number>9700036016</nsl:policy_number>
    <nsl:claim_number>360016273</nsl:claim_number>
    <nsl:underwriter>ukinsurance_dlg</nsl:underwriter>
    <nsl:brand>privilege</nsl:brand>
    <nsl:line_of_business>MOTLine</nsl:line_of_business>
    <nsl:product_type>compplus</nsl:product_type>
    <nsl:channel>contactcentre</nsl:channel>
    <nsl:transaction_date>2020-03-30T13:51:46</nsl:transaction_date>
    <nsl:loss_date>2020-03-30T13:21:00</nsl:loss_date>
    <nsl:product>Motor</nsl:product>
    <nsl:transaction_amount currency_code="GBP">400.000</nsl:transaction_amount>
    <nsl:exchange_rate>1.00000</nsl:exchange_rate>
    <nsl:exchange_rate_type>DAILY</nsl:exchange_rate_type>
    <nsl:base_currency_amount>400.00</nsl:base_currency_amount>
  </nsl:dlg_header>
  <nsl:dlg_header>
    <nsl:header_id>r1d38ofc:2320</nsl:header_id>
    <nsl:source>GWCCGLAccrual</nsl:source>
    <nsl:policy_number>9700036016</nsl:policy_number>
    <nsl:claim_number>360016273</nsl:claim_number>
    <nsl:underwriter>ukinsurance_dlg</nsl:underwriter>
    <nsl:brand>privilege</nsl:brand>
    <nsl:line_of_business>MOTLine</nsl:line_of_business>
    <nsl:product_type>compplus</nsl:product_type>
    <nsl:channel>contactcentre</nsl:channel>
    <nsl:transaction_date>2020-03-30T13:53:28</nsl:transaction_date>
    <nsl:loss_date>2020-03-30T13:21:00</nsl:loss_date>
    <nsl:product>Motor</nsl:product>
    <nsl:transaction_amount currency_code="GBP">400.000</nsl:transaction_amount>
    <nsl:exchange_rate>1.00000</nsl:exchange_rate>
    <nsl:exchange_rate_type>DAILY</nsl:exchange_rate_type>
    <nsl:base_currency_amount>400.00</nsl:base_currency_amount>
  </nsl:dlg_header>
  <nsl:dlg_header>
    <nsl:header_id>r1d38ofc:2321</nsl:header_id>
    <nsl:source>GWCCGLAccrual</nsl:source>
    <nsl:policy_number>9700036016</nsl:policy_number>
    <nsl:claim_number>360016273</nsl:claim_number>
    <nsl:underwriter>ukinsurance_dlg</nsl:underwriter>
    <nsl:brand>privilege</nsl:brand>
    <nsl:line_of_business>MOTLine</nsl:line_of_business>
    <nsl:product_type>compplus</nsl:product_type>
    <nsl:channel>contactcentre</nsl:channel>
    <nsl:transaction_date>2020-03-30T13:55:14</nsl:transaction_date>
    <nsl:loss_date>2020-03-30T13:21:00</nsl:loss_date>
    <nsl:product>Motor</nsl:product>
    <nsl:transaction_amount currency_code="GBP">400.000</nsl:transaction_amount>
    <nsl:exchange_rate>1.00000</nsl:exchange_rate>
    <nsl:exchange_rate_type>DAILY</nsl:exchange_rate_type>
    <nsl:base_currency_amount>400.00</nsl:base_currency_amount>
  </nsl:dlg_header>
  <nsl:dlg_header>
    <nsl:header_id>r1d38ofc:2322</nsl:header_id>
    <nsl:source>GWCCGLAccrual</nsl:source>
    <nsl:policy_number>9700036016</nsl:policy_number>
    <nsl:claim_number>360016273</nsl:claim_number>
    <nsl:underwriter>ukinsurance_dlg</nsl:underwriter>
    <nsl:brand>privilege</nsl:brand>
    <nsl:line_of_business>MOTLine</nsl:line_of_business>
    <nsl:product_type>compplus</nsl:product_type>
    <nsl:channel>contactcentre</nsl:channel>
    <nsl:transaction_date>2020-03-30T13:57:00</nsl:transaction_date>
    <nsl:loss_date>2020-03-30T13:21:00</nsl:loss_date>
    <nsl:product>Motor</nsl:product>
    <nsl:transaction_amount currency_code="GBP">400.000</nsl:transaction_amount>
    <nsl:exchange_rate>1.00000</nsl:exchange_rate>
    <nsl:exchange_rate_type>DAILY</nsl:exchange_rate_type>
    <nsl:base_currency_amount>400.00</nsl:base_currency_amount>
  </nsl:dlg_header>
  <nsl:dlg_header>
    <nsl:header_id>r1d38ofc:2323</nsl:header_id>
    <nsl:source>GWCCGLAccrual</nsl:source>
    <nsl:policy_number>9700036016</nsl:policy_number>
    <nsl:claim_number>360016273</nsl:claim_number>
    <nsl:underwriter>ukinsurance_dlg</nsl:underwriter>
    <nsl:brand>privilege</nsl:brand>
    <nsl:line_of_business>MOTLine</nsl:line_of_business>
    <nsl:product_type>compplus</nsl:product_type>
    <nsl:channel>contactcentre</nsl:channel>
    <nsl:transaction_date>2020-03-30T13:58:45</nsl:transaction_date>
    <nsl:loss_date>2020-03-30T13:21:00</nsl:loss_date>
    <nsl:product>Motor</nsl:product>
    <nsl:transaction_amount currency_code="GBP">400.000</nsl:transaction_amount>
    <nsl:exchange_rate>1.00000</nsl:exchange_rate>
    <nsl:exchange_rate_type>DAILY</nsl:exchange_rate_type>
    <nsl:base_currency_amount>400.00</nsl:base_currency_amount>
  </nsl:dlg_header>
  <nsl:dlg_header>
    <nsl:header_id>r1d38ofc:2324</nsl:header_id>
    <nsl:source>GWCCGLAccrual</nsl:source>
    <nsl:policy_number>9700036016</nsl:policy_number>
    <nsl:claim_number>360016273</nsl:claim_number>
    <nsl:underwriter>ukinsurance_dlg</nsl:underwriter>
    <nsl:brand>privilege</nsl:brand>
    <nsl:line_of_business>MOTLine</nsl:line_of_business>
    <nsl:product_type>compplus</nsl:product_type>
    <nsl:channel>contactcentre</nsl:channel>
    <nsl:transaction_date>2020-03-30T14:00:31</nsl:transaction_date>
    <nsl:loss_date>2020-03-30T13:21:00</nsl:loss_date>
    <nsl:product>Motor</nsl:product>
    <nsl:transaction_amount currency_code="GBP">400.000</nsl:transaction_amount>
    <nsl:exchange_rate>1.00000</nsl:exchange_rate>
    <nsl:exchange_rate_type>DAILY</nsl:exchange_rate_type>
    <nsl:base_currency_amount>400.00</nsl:base_currency_amount>
  </nsl:dlg_header>
  <nsl:dlg_header>
    <nsl:header_id>r1d38ofc:2184</nsl:header_id>
    <nsl:source>GWCCGLAccrual</nsl:source>
    <nsl:policy_number>9700036370</nsl:policy_number>
    <nsl:claim_number>360016414</nsl:claim_number>
    <nsl:underwriter>ukinsurance_dlg</nsl:underwriter>
    <nsl:brand>privilege</nsl:brand>
    <nsl:line_of_business>MOTLine</nsl:line_of_business>
    <nsl:product_type>compplus</nsl:product_type>
    <nsl:channel>contactcentre</nsl:channel>
    <nsl:transaction_date>2020-03-30T16:11:18</nsl:transaction_date>
    <nsl:loss_date>2020-03-30T15:59:00</nsl:loss_date>
    <nsl:product>Motor</nsl:product>
    <nsl:transaction_amount currency_code="GBP">1971.000</nsl:transaction_amount>
    <nsl:exchange_rate>1.00000</nsl:exchange_rate>
    <nsl:exchange_rate_type>DAILY</nsl:exchange_rate_type>
    <nsl:base_currency_amount>1971.00</nsl:base_currency_amount>
  </nsl:dlg_header>
  <nsl:dlg_header>
    <nsl:header_id>r1d38ofc:2185</nsl:header_id>
    <nsl:source>GWCCGLAccrual</nsl:source>
    <nsl:policy_number>9700036388</nsl:policy_number>
    <nsl:claim_number>360016422</nsl:claim_number>
    <nsl:underwriter>ukinsurance_dlg</nsl:underwriter>
    <nsl:brand>privilege</nsl:brand>
    <nsl:line_of_business>MOTLine</nsl:line_of_business>
    <nsl:product_type>compplus</nsl:product_type>
    <nsl:channel>contactcentre</nsl:channel>
    <nsl:transaction_date>2020-03-30T16:24:52</nsl:transaction_date>
    <nsl:loss_date>2020-03-30T16:07:00</nsl:loss_date>
    <nsl:product>Motor</nsl:product>
    <nsl:transaction_amount currency_code="GBP">3000.000</nsl:transaction_amount>
    <nsl:exchange_rate>1.00000</nsl:exchange_rate>
    <nsl:exchange_rate_type>DAILY</nsl:exchange_rate_type>
    <nsl:base_currency_amount>3000.00</nsl:base_currency_amount>
  </nsl:dlg_header>
  <nsl:dlg_header>
    <nsl:header_id>r1d38ofc:2186</nsl:header_id>
    <nsl:source>GWCCGLAccrual</nsl:source>
    <nsl:policy_number>9700036388</nsl:policy_number>
    <nsl:claim_number>360016422</nsl:claim_number>
    <nsl:underwriter>ukinsurance_dlg</nsl:underwriter>
    <nsl:brand>privilege</nsl:brand>
    <nsl:line_of_business>MOTLine</nsl:line_of_business>
    <nsl:product_type>compplus</nsl:product_type>
    <nsl:channel>contactcentre</nsl:channel>
    <nsl:transaction_date>2020-03-30T16:25:57</nsl:transaction_date>
    <nsl:loss_date>2020-03-30T16:07:00</nsl:loss_date>
    <nsl:product>Motor</nsl:product>
    <nsl:transaction_amount currency_code="GBP">3000.000</nsl:transaction_amount>
    <nsl:exchange_rate>1.00000</nsl:exchange_rate>
    <nsl:exchange_rate_type>DAILY</nsl:exchange_rate_type>
    <nsl:base_currency_amount>3000.00</nsl:base_currency_amount>
  </nsl:dlg_header>

  <nsl:control_total record_count="48" total_value="94254.00" currency_code="GBP"/>
</nsl:dlg_file_header>
