{
  "Debit":
    {
      "DLG_Company": "320",
      "DLG_Interco": "000",
      "DLG_Spare1": "0",
      "DLG_Spare2": "0",
      "DLG_CostCentre": "000000",
      "DLG_Account": "71041",
      "DLG_Channel": "00000",
      "DLG_Origin": {
        "SSPXGLPremium": "SSPX"
              },
      "DLG_Product": {
        "Commercial Van": "213",
        "Landlord": "626",
        "SME": "626"
      },
      "DLG_Brand": {
        "DL4B": "DFB04"
                  }
               }
      ,
  "Credit":
    {
      "DLG_Company": "320",
      "DLG_Interco": "000",
      "DLG_Spare1": "0",
      "DLG_Spare2": "0",
      "DLG_Origin": {
       "SSPXGLPremium": "SSPX"
              },
       "DLG_Brand": {
           "Bed and Breakfast": "DFB16",
           "Hair and Beauty": "DFB15",
           "Offices and professionals": "DFB17",
           "Retail":"DFB18",
           "TradesPerson": "DFB19",
           "Van": "DFB20"
                          },
      "DLG_Product": {
        "BIn_3rdParty": "846",
        "BIn_OwnP": "846",
        "CAR_CW": "626",
        "CAR_HiredInPlant": "626",
        "CAR_OwnPlant": "626",
        "CAR_Stock": "626",
        "CAR_Tools": "626",
        "CAR_ToolsOverNight": "626",
        "Commercial Van IPT": "000",
        "Cyb_Liability": "035",
        "DLGBKC": "213",
        "DLGBKD": "841",
        "DLGCC": "213",
        "DLGCON": "213",
        "DLGCUE_MOTOR": "213",
        "DLGDRR": "213",
        "DLGDRV": "213",
        "DLGFT": "213",
        "DLGGC": "213",
        "DLGLE": "833",
        "DLGMCD": "213",
        "DLGMOD": "213",
        "DLGPA": "213",
        "DLGPAC": "213",
        "DLGPHD": "213",
        "DLGPIF": "213",
        "DLGPOC": "213",
        "DLGPRD": "213",
        "DLGPVC": "213",
        "DLGPVL": "213",
        "DLGSTY": "213",
        "DLGTRL": "213",
        "DLGULR": "213",
        "DLGVAC": "213",
        "DLGVEH": "213",
        "DLGVOC": "213",
        "DLGWND": "213",
        "Emp_Std": "829",
        "Emp_Temp_Employ": "829",
        "Emp_Work_Partner": "829",
        "Eng_Mach_Plant": "626",
        "GC": "213",
        "Lbm_Std": "626",
        "LEx_Std": "037",
        "PAP_BusCont": "626",
        "PAP_BusEqtTls": "626",
        "PAP_PersEffts": "626",
        "PAP_SpcItm": "626",
        "PAP_Stock": "626",
        "PrI_Std": "038",
        "Prm_Build": "626",
        "Prm_BusCont": "626",
        "Prm_FixFitTI": "626",
        "Prm_FrtGlassSigns": "626",
        "Prm_House": "626",
        "Prm_SpcItm": "626",
        "Prm_Stock": "626",
        "Prm_Subsid": "626",
        "PuL_Add_Treatment": "828",
        "PuL_BFSC": "828",
        "PuL_Std": "828",
        "PuL_Std_Treatment": "828",
        "PuL_Temp_Employ": "828"
      },
      "Product_Type": {
        "Commercial Van IPT":{
            "DLG_CostCentre": "000000",
            "DLG_Account": "81500",
            "DLG_Channel": "00000"
                       },

         "VAT": {
            "DLG_CostCentre": "000000",
             "DLG_Account": "81600",
             "DLG_Channel": "00000"
              },
          "ADMIN": {
          "DLG_CostCentre": "SYS000",
          "DLG_Account": "14327",
          "DLG_Channel": {
             "Digital": "WEB00",
             "ContactCentre": "PHONE"
                   }
          },

          " ": {
          "DLG_CostCentre": "SYS000",
          "DLG_Account": "10000",
          "DLG_Channel": {
             "Digital": "WEB00",
             "ContactCentre": "PHONE"
                    }
          }
       }
    }

}

