{
  "Query":
  {
    "fsh-customer-query" : "select  file_name,check_number as RECEIPT_NUMBER,REMITTANCE_AMOUNT as AMOUNT,CUSTOMER_NUMBER as ACCOUNT_NUMBER,CURRENCY_CODE,BILL_TO_LOCATION as Location,RECEIPT_METHOD as NAME,INVOICE1 from FSH_ORA_DATA.DLG_FSH_STG_COMM_ARRECEIPTS_LIN where customer_number is not null and status='COMPLETE' and file_name = 'PULS_ARReciepts_11192_20201209'",
    "cloud-unapplied-receipts-query" : "select acr.receipt_number,acr.amount,hca.account_number, acr.currency_code,hcsua.location,rm.name,'' as Trx_Number from ar_cash_receipts_all acr,hz_cust_accounts hca,hz_parties hp,hz_party_sites hps,hz_cust_site_uses_all hcsua, hz_cust_acct_sites_all hcasa,AR_Receipt_methods rm,ar_receivable_applications_all araa where acr.pay_from_customer = hca.cust_account_id and hca.party_id  = hp.party_id and hps.party_id  = hp.party_id and hcsua.cust_acct_site_id = hcasa.cust_acct_site_id and hps.party_site_id = hcasa.party_site_id and hcasa.cust_account_id = hca.cust_account_id and acr.CUSTOMER_SITE_USE_ID=hcsua.SITE_USE_ID and acr.receipt_method_id=rm.receipt_method_id AND araa.cash_receipt_id = acr.cash_receipt_id and araa.status in ('UNAPP','UNID') and acr.receipt_number in (unapply Receipts)",
    "cloud-fsh-ra-customer-trx-all-query":"select acr.receipt_number,acr.amount,hca.account_number, acr.currency_code,hcsua.location,rm.name,RC.Trx_Number from ar_cash_receipts_all acr,hz_cust_accounts hca,hz_parties hp,hz_party_sites hps,hz_cust_site_uses_all hcsua, hz_cust_acct_sites_all hcasa,AR_Receipt_methods rm,ar_receivable_applications_all araa,RA_CUSTOMER_TRX_ALL  RC where acr.pay_from_customer = hca.cust_account_id and hca.party_id  = hp.party_id and hps.party_id  = hp.party_id and hcsua.cust_acct_site_id = hcasa.cust_acct_site_id and hps.party_site_id = hcasa.party_site_id and hcasa.cust_account_id = hca.cust_account_id and acr.CUSTOMER_SITE_USE_ID=hcsua.SITE_USE_ID and acr.receipt_method_id=rm.receipt_method_id AND araa.cash_receipt_id = acr.cash_receipt_id and rc.BILL_TO_CUSTOMER_ID=acr.PAY_FROM_CUSTOMER and rc.BILL_TO_SITE_USE_ID=acr.CUSTOMER_SITE_USE_ID and araa.APPLIED_CUSTOMER_TRX_ID = rc.CUSTOMER_TRX_ID and araa.status ='APP' and acr.receipt_number in (concatenatetrxnumber)",
    "cloud-lost-receipts-query" : "select acr.receipt_number,acr.amount,hca.account_number, acr.currency_code,hcsua.location,rm.name,'' as Trx_Number from ar_cash_receipts_all acr,hz_cust_accounts hca,hz_parties hp,hz_party_sites hps,hz_cust_site_uses_all hcsua, hz_cust_acct_sites_all hcasa,AR_Receipt_methods rm,ar_receivable_applications_all araa where acr.pay_from_customer = hca.cust_account_id and hca.party_id  = hp.party_id and hps.party_id  = hp.party_id and hcsua.cust_acct_site_id = hcasa.cust_acct_site_id and hps.party_site_id = hcasa.party_site_id and hcasa.cust_account_id = hca.cust_account_id and acr.CUSTOMER_SITE_USE_ID=hcsua.SITE_USE_ID and acr.receipt_method_id=rm.receipt_method_id AND araa.cash_receipt_id = acr.cash_receipt_id   and acr.receipt_number in (concatenatetrxnumber) and  acr.receipt_number not in (unapply Receipts)"
  }
}



/*fsh-customer-query" : "select  file_name,check_number as RECEIPT_NUMBER,REMITTANCE_AMOUNT as AMOUNT,CUSTOMER_NUMBER as ACCOUNT_NUMBER,CURRENCY_CODE,
BILL_TO_LOCATION as Location,RECEIPT_METHOD as NAME,INVOICE1 from FSH_ORA_DATA.DLG_FSH_STG_COMM_ARRECEIPTS_LIN where customer_number is not null and
status='COMPLETE' and trunc(load_date)='23-JUN-2020' and source in ('PULSARReceipts','ECLIARReceipts') ", */