{
  "Debit":
    {
      "DLG_Company": "320",
      "DLG_Interco": "000",
      "DLG_Spare1": "0",
      "DLG_Spare2": "0",
      "DLG_Origin": {
        "GWCCGLReserves": "GWCC"
      },
      "DLG_CostCentre": {
        "DLG_RESERVES": "SYS000",
        "DLG_RECO_RESV": "000000"
      },

      "DLG_Product": {
        "DLG_RESERVES": {
          "MLP_Ext": "831",
          "Motor": "208"
        },
        "DLG_RECO_RESV": {
          "Legal_Ext": "831",
          "Motor": "208"
        }

      },
      "DLG_Brand": {
        "DLG_RESERVES": {
          "Privilege_Comprehensive": "CD000",
          "Privilege_ComprehensivePlus": "CD00E",
          "Privilege_Telematics": "CD000",
          "Privilege_TPFT": "CD000"
        },
        "DLG_RECO_RESV": {
          "Churchill": "R0002",
          "DirectLine": "R0001",
          "Privilege": "CD000"
        }

      },
      "DLG_Channel": {
        "DLG_RESERVES": {
          "boughtbymany": "PCW00",
          "breakdowncover": "PCW00",
          "breakdowncovercompare": "PCW00",
          "comparesave": "PCW00",
          "comparethemarket": "PCW00",
          "confused": "PCW00",
          "discvouch": "PCW00",
          "fairinvest": "PCW00",
          "gocompare": "PCW00",
          "kidstart": "PCW00",
          "knowyourmoney": "PCW00",
          "Money": "PCW00",
          "moneysavingexpert": "PCW00",
          "MVC": "PCW00",
          "noselect": "PCW00",
          "quidco": "PCW00",
          "quotesearch": "PCW00",
          "rescuecomp": "PCW00",
          "topcash": "PCW00",
          "uksimple": "PCW00",
          "uswitch": "PCW00",
          "voucher": "PCW00",
          "vouchercloud": "PCW00",
          "ContactCentre":"PHONE",
          "Digital":"WEB00",
          "moneysupermarket":"PCW00",
          "PCW":"PCW00",
          "Other":"OTH00"
        },
        "DLG_RECO_RESV": {
          "boughtbymany": "00000",
          "breakdowncover": "00000",
          "breakdowncovercompare": "00000",
          "comparesave": "00000",
          "comparethemarket": "00000",
          "confused": "00000",
          "discvouch": "00000",
          "fairinvest": "00000",
          "gocompare": "00000",
          "kidstart": "00000",
          "knowyourmoney": "00000",
          "Money": "00000",
          "moneysavingexpert": "00000",
          "MVC": "00000",
          "noselect": "00000",
          "quidco": "00000",
          "quotesearch": "00000",
          "rescuecomp": "00000",
          "topcash": "00000",
          "uksimple": "00000",
          "uswitch": "00000",
          "voucher": "00000",
          "vouchercloud": "00000",
          "ContactCentre": "00000",
          "Digital": "00000",
          "moneysupermarket": "00000",
          "PCW": "00000",
          "Other": "00000"
        }
      },
      "Product_Type": {
        "DLG_RESERVES": {
          "CY": {
            "DLG_Account": "20700"
          },
          "PY": {
            "DLG_Account": "20710"
          }
        },
        "DLG_RECO_RESV": {
          "CY": {
            "DLG_Account": "90301"
          },
          "PY": {
            "DLG_Account": "90311"
          }
        }


      }
    }
  ,
  "Credit":
    {
      "DLG_Company": "320",
      "DLG_Interco": "000",
      "DLG_Spare1": "0",
      "DLG_Spare2": "0",
      "DLG_Channel": {
        "DLG_RESERVES": {
          "boughtbymany": "00000",
          "breakdowncover": "00000",
          "breakdowncovercompare": "00000",
          "comparesave": "00000",
          "comparethemarket": "00000",
          "confused": "00000",
          "discvouch": "00000",
          "fairinvest": "00000",
          "gocompare": "00000",
          "kidstart": "00000",
          "knowyourmoney": "00000",
          "Money": "00000",
          "moneysavingexpert": "00000",
          "MVC": "00000",
          "noselect": "00000",
          "quidco": "00000",
          "quotesearch": "00000",
          "rescuecomp": "00000",
          "topcash": "00000",
          "uksimple": "00000",
          "uswitch": "00000",
          "voucher": "00000",
          "vouchercloud": "00000",
          "ContactCentre":"00000",
          "Digital":"00000",
          "moneysupermarket":"00000",
          "PCW":"00000",
          "Other":"00000"
        },
        "DLG_RECO_RESV": {
          "boughtbymany": "PCW00",
          "breakdowncover": "PCW00",
          "breakdowncovercompare": "PCW00",
          "comparesave": "PCW00",
          "comparethemarket": "PCW00",
          "confused": "PCW00",
          "discvouch": "PCW00",
          "fairinvest": "PCW00",
          "gocompare": "PCW00",
          "kidstart": "PCW00",
          "knowyourmoney": "PCW00",
          "Money": "PCW00",
          "moneysavingexpert": "PCW00",
          "MVC": "PCW00",
          "noselect": "PCW00",
          "quidco": "PCW00",
          "quotesearch": "PCW00",
          "rescuecomp": "PCW00",
          "topcash": "PCW00",
          "uksimple": "PCW00",
          "uswitch": "PCW00",
          "voucher": "PCW00",
          "vouchercloud": "PCW00",
          "ContactCentre": "PHONE",
          "Digital": "WEB00",
          "moneysupermarket": "PCW00",
          "PCW": "PCW00",
          "Other": "OTH00"
        }
      },
      "DLG_Origin": {
        "GWCCGLReserves": "GWCC"
      },
      "DLG_CostCentre": {
        "DLG_RESERVES": "000000",
        "DLG_RECO_RESV": "SYS000"
      },
      "DLG_Brand": {
        "DLG_RESERVES": {
          "Churchill": "R0002",
          "DirectLine": "R0001",
          "Privilege": "CD000"
        },
        "DLG_RECO_RESV": {
          "Privilege_Comprehensive": "CD000",
          "Privilege_ComprehensivePlus": "CD00E",
          "Privilege_Telematics": "CD000",
          "Privilege_TPFT": "CD000"
        }
      },
      "DLG_Product": {
        "DLG_RESERVES": {
          "Legal_Ext": "831",
          "Motor": "208"
        },
        "DLG_RECO_RESV": {
          "MLP_Ext": "831",
          "Motor": "208"
        }
      },
      "Product_Type": {
        "DLG_RESERVES": {
          "CY": {
            "DLG_Account": "90300"
          },
          "PY": {
            "DLG_Account": "90310"
          }
        },
        "DLG_RECO_RESV": {
          "CY": {
            "DLG_Account": "20701"
          },
          "PY": {
            "DLG_Account": "20711"
          }
        }

      }
    }

}



