{
  "Debit": [
    {
      "DLG_Company": "320",
      "DLG_Interco": "000",
      "DLG_Spare1": "0",
      "DLG_Spare2": "0",
      "DLG_Origin": {
        "CDLXGLFutures": "CDLX",
        "CDLXGLPremium": "CDLX",
        "CDLXGLUEP": "CDLX"
      },
      "DLG_Product": {
        "PC": "208"
      },
      "Product_Type": {
        "Motor": {
          "N": {
            "DLG_CostCentre": "000000",
            "DLG_Account": "71200",
            "DLG_Brand": {
              "Motor": "00000"
            },
            "DLG_Channel": {
              "BrkrOffice": "00000",
              "Website": "00000",
              "comparethemarket": "PCW00",
              "moneysupermarket": "PCW00"
            }
          },
          "Y": {
            "DLG_CostCentre": "000000",
            "DLG_Account": "71200",
            "DLG_Brand": {
              "Motor": "00000"
            },
            "DLG_Channel": {
              "BrkrOffice": "00000",
              "Website": "00000",
              "comparethemarket": "PCW00",
              "moneysupermarket": "PCW00"
            }
          }
        },
        "BWOD": {
          "N": {
            "DLG_CostCentre": "SYS000",
            "DLG_Account": "10025",
            "DLG_Brand": {
              "Motor": "DAR01"
            },
            "DLG_Channel": {
              "BrkrOffice": "PHONE",
              "Website": "WEB00",
              "comparethemarket": "PCW00",
              "moneysupermarket": "PCW00"
            }
          },
          "Y": {
            "DLG_CostCentre": "000000",
            "DLG_Account": "10025",
            "DLG_Brand": {
              "Motor": "DAR01"
            },
            "DLG_Channel": {
              "BrkrOffice": "PHONE",
              "Website": "WEB00",
              "comparethemarket": "PCW00",
              "moneysupermarket": "PCW00"
            }
          }
        },
        "BWOC": {
          "N": {
            "DLG_CostCentre": "000000",
            "DLG_Account": "10025",
            "DLG_Brand": {
              "Motor": "DAR01"
            },
            "DLG_Channel": {
              "BrkrOffice": "PHONE",
              "Website": "WEB00",
              "comparethemarket": "PCW00",
              "moneysupermarket": "PCW00"
            }
          },
          "Y": {
            "DLG_CostCentre": "000000",
            "DLG_Account": "10025",
            "DLG_Brand": {
              "Motor": "DAR01"
            },
            "DLG_Channel": {
              "BrkrOffice": "PHONE",
              "Website": "WEB00",
              "comparethemarket": "PCW00",
              "moneysupermarket": "PCW00"
            }
          }
        }
      }
    }
  ],
  "Credit": [
    {
      "DLG_Company": "320",
      "DLG_Interco": "000",
      "DLG_Spare1": "0",
      "DLG_Spare2": "0",
      "DLG_Origin": {
        "CDLXGLFutures": "CDLX",
        "CDLXGLPremium": "CDLX",
        "CDLXGLUEP": "CDLX"
      },
      "DLG_Product": {
        "CAN": "208",
        "GFRC": "841",
        "GFRD": "841",
        "GFRPC": "841",
        "GFRPD": "841",
        "Motor IPT": "208",
        "NEWD": "208",
        "RECPLUS": "841",
        "REN": "208",
        "VOIDC": "208",
        "VOIDD": "208",
        "IPT": "208",
        "MTARETC": "208"
      },
      "Product_Type": {
        "Motor": {
          "N": {
            "DLG_CostCentre": "000000",
            "DLG_Account": "81500",
            "DLG_Brand": {
              "Motor": "DAR01"
            },
            "DLG_Channel": {
              "BrkrOffice": "81500",
              "Website": "00000"
            }
          },
          "Y": {
            "DLG_CostCentre": "000000",
            "DLG_Account": "81500",
            "DLG_Brand": {
              "Motor": "DAR01"
            },
            "DLG_Channel": {
              "BrkrOffice": "00000",
              "Website": "00000"
            }
          }
        },
        "BWOD": {
          "N": {
            "DLG_CostCentre": "SYS000",
            "DLG_Account": "71200",
            "DLG_Brand": {
              "Motor": "DAR01"
            },
            "DLG_Channel": {
              "BrkrOffice": "00000",
              "Website": "00000"
            }
          },
          "Y": {
            "DLG_CostCentre": "000000",
            "DLG_Account": "71200",
            "DLG_Brand": {
              "Motor": "DAR01"
            },
            "DLG_Channel": {
              "BrkrOffice": "00000",
              "Website": "00000"
            }
          }
        },
        "BWOC": {
          "N": {
            "DLG_CostCentre": "000000",
            "DLG_Account": "10025",
            "DLG_Brand": {
              "Motor": "00000"
            },
            "DLG_Channel": {
              "BrkrOffice": "00000",
              "Website": "00000"
            }
          },
          "Y": {
            "DLG_CostCentre": "000000",
            "DLG_Account": "10025",
            "DLG_Brand": {
              "Motor": "00000"
            },
            "DLG_Channel": {
              "BrkrOffice": "00000",
              "Website": "00000"
            }
          }
        }
      }
    }
  ]
}

