{
  "WDUEGLJournal": [
    {
      "DLG_Company" : "101",
      "DLG_CostCentre" : "BS0000",
      "DLG_Account" : "81910",
      "DLG_Product" : "000",
      "DLG_Brand" : "00000",
      "DLG_Channel" : "00000",
      "DLG_Interco" : "000",
      "DLG_Origin" : [
        {
          "WDUEGLJournal" : "WDUE",
          "WKDYGLJournal" : "WKDY"
        }
      ],
      "DLG_Spare1" : "0",
      "DLG_Spare2" : "0"
    }
  ],
  "WKDYGLJournal": [
    {
      "DLG_Company" : "101",
      "DLG_CostCentre" : "BS0000",
      "DLG_Account" : "81910",
      "DLG_Product" : "000",
      "DLG_Brand" : "00000",
      "DLG_Channel" : "00000",
      "DLG_Interco" : "000",
      "DLG_Origin" : [
        {
          "WDUEGLJournal" : "WDUE",
          "WKDYGLJournal" : "WKDY"

        }
      ],
      "DLG_Spare1" : "0",
      "DLG_Spare2" : "0"
    }
  ],
  "CERIGLJournal": [
    {
      "DLG_Company" : "101",
      "DLG_CostCentre" : "101110",
      "DLG_Account" : "30000",
      "DLG_Product" : "000",
      "DLG_Brand" : "00000",
      "DLG_Channel" : "00000",
      "DLG_Interco" : "000",
      "DLG_Origin" : [
        {
          "CERIGLJournal" : "CERI",

        }
      ],
      "DLG_Spare1" : "0",
      "DLG_Spare2" : "0"
    }
  ]
}