<?xml version="1.0" encoding="UTF-8" standalone="no"?>
<ns1:dlg_file_header source="GWBCGLBilling" version="2.4.0" sequence_no="123" job_id="52950475" create_date_time="2020-04-15T00:59:20" xmlns:ns1="http://www.directlinegroup.co.uk/b4c/billing" xsi:schemaLocation="http://www.directlinegroup.co.uk/b4c/billing GWBCGLBilling_v2.4.0.xsd" xmlns:xsi="http://www.w3.org/2001/XMLSchema-instance">
  <ns1:dlg_header>
    <ns1:header_id>12461236282</ns1:header_id>
    <ns1:source>GWBCGLBilling</ns1:source>
    <ns1:account_number>4817959522</ns1:account_number>
    <ns1:policy_number>5000398478</ns1:policy_number>
    <ns1:underwriter>ukinsurance_dlg</ns1:underwriter>
    <ns1:brand>privilege</ns1:brand>
    <ns1:line_of_business>MOTLine</ns1:line_of_business>
    <ns1:product_type>Combined</ns1:product_type>
    <ns1:transaction_reference>1000000598-0959</ns1:transaction_reference>
    <ns1:transaction_date>2020-04-14T15:26:11</ns1:transaction_date>
    <ns1:transaction_subtype>DirectBillMoneyRcvdTxn</ns1:transaction_subtype>
    <ns1:transaction_reason>PolUnappliedFund</ns1:transaction_reason>
    <ns1:payment_method>creditcard</ns1:payment_method>
    <ns1:mid_number>93070433</ns1:mid_number>
    <ns1:card_type>visadebit</ns1:card_type>
    <ns1:channel>pcw</ns1:channel>
    <ns1:interest_amount currency_code="GBP">0.000</ns1:interest_amount>
    <ns1:base_interest_amount>0.00</ns1:base_interest_amount>
    <ns1:tax_deductible>0.000</ns1:tax_deductible>
    <ns1:order_number>CPC6000_0075778248_PRD</ns1:order_number>
    <ns1:reversal_indicator>N</ns1:reversal_indicator>
    <ns1:card_narrative>SLPRIVWEB1404</ns1:card_narrative>
    <ns1:payment_transaction_type_id>cardcollection</ns1:payment_transaction_type_id>
    <ns1:currency_amount currency_code="GBP">64.880</ns1:currency_amount>
    <ns1:exchange_rate>1.00000</ns1:exchange_rate>
    <ns1:exchange_rate_type>DAILY</ns1:exchange_rate_type>
    <ns1:base_currency_amount>64.88</ns1:base_currency_amount>
    <ns1:credit_ind>Y</ns1:credit_ind>
  </ns1:dlg_header>
  <ns1:dlg_header>
    <ns1:header_id>12461236283</ns1:header_id>
    <ns1:source>GWBCGLBilling</ns1:source>
    <ns1:account_number>4817959522</ns1:account_number>
    <ns1:policy_number>5000398478</ns1:policy_number>
    <ns1:underwriter>ukinsurance_dlg</ns1:underwriter>
    <ns1:brand>privilege</ns1:brand>
    <ns1:line_of_business>MOTLine</ns1:line_of_business>
    <ns1:product_type>Combined</ns1:product_type>
    <ns1:transaction_reference>1000000598-0959</ns1:transaction_reference>
    <ns1:transaction_date>2020-04-14T15:26:11</ns1:transaction_date>
    <ns1:transaction_subtype>DirectBillMoneyRcvdTxn</ns1:transaction_subtype>
    <ns1:transaction_reason>Premium</ns1:transaction_reason>
    <ns1:payment_method>creditcard</ns1:payment_method>
    <ns1:mid_number>93070433</ns1:mid_number>
    <ns1:card_type>visadebit</ns1:card_type>
    <ns1:channel>pcw</ns1:channel>
    <ns1:interest_amount currency_code="GBP">0.000</ns1:interest_amount>
    <ns1:base_interest_amount>0.00</ns1:base_interest_amount>
    <ns1:tax_deductible>0.000</ns1:tax_deductible>
    <ns1:order_number>CPC6000_0075778248_PRD</ns1:order_number>
    <ns1:reversal_indicator>N</ns1:reversal_indicator>
    <ns1:card_narrative>SLPRIVWEB1404</ns1:card_narrative>
    <ns1:payment_transaction_type_id>cardcollection</ns1:payment_transaction_type_id>
    <ns1:currency_amount currency_code="GBP">64.880</ns1:currency_amount>
    <ns1:exchange_rate>1.00000</ns1:exchange_rate>
    <ns1:exchange_rate_type>DAILY</ns1:exchange_rate_type>
    <ns1:base_currency_amount>64.88</ns1:base_currency_amount>
    <ns1:credit_ind>Y</ns1:credit_ind>
  </ns1:dlg_header>
  <ns1:dlg_header>
    <ns1:header_id>12461236288</ns1:header_id>
    <ns1:source>GWBCGLBilling</ns1:source>
    <ns1:account_number>6531642375</ns1:account_number>
    <ns1:policy_number>5000398486</ns1:policy_number>
    <ns1:underwriter>ukinsurance_dlg</ns1:underwriter>
    <ns1:brand>privilege</ns1:brand>
    <ns1:line_of_business>MOTLine</ns1:line_of_business>
    <ns1:product_type>Combined</ns1:product_type>
    <ns1:transaction_reference>1000000599-0149</ns1:transaction_reference>
    <ns1:transaction_date>2020-04-14T15:26:40</ns1:transaction_date>
    <ns1:transaction_subtype>DirectBillMoneyRcvdTxn</ns1:transaction_subtype>
    <ns1:transaction_reason>PolUnappliedFund</ns1:transaction_reason>
    <ns1:payment_method>creditcard</ns1:payment_method>
    <ns1:mid_number>93070433</ns1:mid_number>
    <ns1:card_type>visacredit</ns1:card_type>
    <ns1:channel>pcw</ns1:channel>
    <ns1:interest_amount currency_code="GBP">0.000</ns1:interest_amount>
    <ns1:base_interest_amount>0.00</ns1:base_interest_amount>
    <ns1:tax_deductible>0.000</ns1:tax_deductible>
    <ns1:order_number>CPC6000_0072741661_PRD</ns1:order_number>
    <ns1:reversal_indicator>N</ns1:reversal_indicator>
    <ns1:card_narrative>SLPRIVWEB1404</ns1:card_narrative>
    <ns1:payment_transaction_type_id>cardcollection</ns1:payment_transaction_type_id>
    <ns1:currency_amount currency_code="GBP">303.240</ns1:currency_amount>
    <ns1:exchange_rate>1.00000</ns1:exchange_rate>
    <ns1:exchange_rate_type>DAILY</ns1:exchange_rate_type>
    <ns1:base_currency_amount>303.24</ns1:base_currency_amount>
    <ns1:credit_ind>N</ns1:credit_ind>
  </ns1:dlg_header>
  <ns1:dlg_header>
    <ns1:header_id>12461236289</ns1:header_id>
    <ns1:source>GWBCGLBilling</ns1:source>
    <ns1:account_number>6531642375</ns1:account_number>
    <ns1:policy_number>5000398486</ns1:policy_number>
    <ns1:underwriter>ukinsurance_dlg</ns1:underwriter>
    <ns1:brand>privilege</ns1:brand>
    <ns1:line_of_business>MOTLine</ns1:line_of_business>
    <ns1:product_type>Combined</ns1:product_type>
    <ns1:transaction_reference>1000000599-0149</ns1:transaction_reference>
    <ns1:transaction_date>2020-04-14T15:26:40</ns1:transaction_date>
    <ns1:transaction_subtype>DirectBillMoneyRcvdTxn</ns1:transaction_subtype>
    <ns1:transaction_reason>Premium</ns1:transaction_reason>
    <ns1:payment_method>creditcard</ns1:payment_method>
    <ns1:mid_number>93070433</ns1:mid_number>
    <ns1:card_type>visacredit</ns1:card_type>
    <ns1:channel>pcw</ns1:channel>
    <ns1:interest_amount currency_code="GBP">0.000</ns1:interest_amount>
    <ns1:base_interest_amount>0.00</ns1:base_interest_amount>
    <ns1:tax_deductible>0.000</ns1:tax_deductible>
    <ns1:order_number>CPC6000_0072741661_PRD</ns1:order_number>
    <ns1:reversal_indicator>N</ns1:reversal_indicator>
    <ns1:card_narrative>SLPRIVWEB1404</ns1:card_narrative>
    <ns1:payment_transaction_type_id>cardcollection</ns1:payment_transaction_type_id>
    <ns1:currency_amount currency_code="GBP">303.240</ns1:currency_amount>
    <ns1:exchange_rate>1.00000</ns1:exchange_rate>
    <ns1:exchange_rate_type>DAILY</ns1:exchange_rate_type>
    <ns1:base_currency_amount>303.24</ns1:base_currency_amount>
    <ns1:credit_ind>N</ns1:credit_ind>
  </ns1:dlg_header>
  <ns1:dlg_header>
    <ns1:header_id>12461236284</ns1:header_id>
    <ns1:source>GWBCGLBilling</ns1:source>
    <ns1:account_number>1484181852</ns1:account_number>
    <ns1:policy_number>5000398494</ns1:policy_number>
    <ns1:underwriter>ukinsurance_dlg</ns1:underwriter>
    <ns1:brand>privilege</ns1:brand>
    <ns1:line_of_business>MOTLine</ns1:line_of_business>
    <ns1:product_type>Combined</ns1:product_type>
    <ns1:transaction_reference>1000000598-0975</ns1:transaction_reference>
    <ns1:transaction_date>2020-04-14T15:26:53</ns1:transaction_date>
    <ns1:transaction_subtype>DirectBillMoneyRcvdTxn</ns1:transaction_subtype>
    <ns1:transaction_reason>PolUnappliedFund</ns1:transaction_reason>
    <ns1:payment_method>creditcard</ns1:payment_method>
    <ns1:mid_number>93070433</ns1:mid_number>
    <ns1:card_type>mastercard</ns1:card_type>
    <ns1:channel>pcw</ns1:channel>
    <ns1:interest_amount currency_code="GBP">0.000</ns1:interest_amount>
    <ns1:base_interest_amount>0.00</ns1:base_interest_amount>
    <ns1:tax_deductible>0.000</ns1:tax_deductible>
    <ns1:order_number>CPC6000_0074485926_PRD</ns1:order_number>
    <ns1:reversal_indicator>N</ns1:reversal_indicator>
    <ns1:card_narrative>SLPRIVWEB1404</ns1:card_narrative>
    <ns1:payment_transaction_type_id>cardcollection</ns1:payment_transaction_type_id>
    <ns1:currency_amount currency_code="GBP">526.350</ns1:currency_amount>
    <ns1:exchange_rate>1.00000</ns1:exchange_rate>
    <ns1:exchange_rate_type>DAILY</ns1:exchange_rate_type>
    <ns1:base_currency_amount>526.35</ns1:base_currency_amount>
    <ns1:credit_ind>N</ns1:credit_ind>
  </ns1:dlg_header>
  <ns1:dlg_header>
    <ns1:header_id>12461236285</ns1:header_id>
    <ns1:source>GWBCGLBilling</ns1:source>
    <ns1:account_number>1484181852</ns1:account_number>
    <ns1:policy_number>5000398494</ns1:policy_number>
    <ns1:underwriter>ukinsurance_dlg</ns1:underwriter>
    <ns1:brand>privilege</ns1:brand>
    <ns1:line_of_business>MOTLine</ns1:line_of_business>
    <ns1:product_type>Combined</ns1:product_type>
    <ns1:transaction_reference>1000000598-0975</ns1:transaction_reference>
    <ns1:transaction_date>2020-04-14T15:26:53</ns1:transaction_date>
    <ns1:transaction_subtype>DirectBillMoneyRcvdTxn</ns1:transaction_subtype>
    <ns1:transaction_reason>Premium</ns1:transaction_reason>
    <ns1:payment_method>creditcard</ns1:payment_method>
    <ns1:mid_number>93070433</ns1:mid_number>
    <ns1:card_type>mastercard</ns1:card_type>
    <ns1:channel>pcw</ns1:channel>
    <ns1:interest_amount currency_code="GBP">0.000</ns1:interest_amount>
    <ns1:base_interest_amount>0.00</ns1:base_interest_amount>
    <ns1:tax_deductible>0.000</ns1:tax_deductible>
    <ns1:order_number>CPC6000_0074485926_PRD</ns1:order_number>
    <ns1:reversal_indicator>N</ns1:reversal_indicator>
    <ns1:card_narrative>SLPRIVWEB1404</ns1:card_narrative>
    <ns1:payment_transaction_type_id>cardcollection</ns1:payment_transaction_type_id>
    <ns1:currency_amount currency_code="GBP">526.350</ns1:currency_amount>
    <ns1:exchange_rate>1.00000</ns1:exchange_rate>
    <ns1:exchange_rate_type>DAILY</ns1:exchange_rate_type>
    <ns1:base_currency_amount>526.35</ns1:base_currency_amount>
    <ns1:credit_ind>N</ns1:credit_ind>
  </ns1:dlg_header>
  <ns1:dlg_header>
    <ns1:header_id>12461236286</ns1:header_id>
    <ns1:source>GWBCGLBilling</ns1:source>
    <ns1:account_number>1984780147</ns1:account_number>
    <ns1:policy_number>5000398502</ns1:policy_number>
    <ns1:underwriter>ukinsurance_dlg</ns1:underwriter>
    <ns1:brand>privilege</ns1:brand>
    <ns1:line_of_business>MOTLine</ns1:line_of_business>
    <ns1:product_type>Combined</ns1:product_type>
    <ns1:transaction_reference>1000000598-0979</ns1:transaction_reference>
    <ns1:transaction_date>2020-04-14T15:26:55</ns1:transaction_date>
    <ns1:transaction_subtype>DirectBillMoneyRcvdTxn</ns1:transaction_subtype>
    <ns1:transaction_reason>PolUnappliedFund</ns1:transaction_reason>
    <ns1:payment_method>creditcard</ns1:payment_method>
    <ns1:mid_number>93070433</ns1:mid_number>
    <ns1:card_type>visadebit</ns1:card_type>
    <ns1:channel>pcw</ns1:channel>
    <ns1:interest_amount currency_code="GBP">0.000</ns1:interest_amount>
    <ns1:base_interest_amount>0.00</ns1:base_interest_amount>
    <ns1:tax_deductible>0.000</ns1:tax_deductible>
    <ns1:order_number>CPC6000_0068299454_PRD</ns1:order_number>
    <ns1:reversal_indicator>N</ns1:reversal_indicator>
    <ns1:card_narrative>SLPRIVWEB1404</ns1:card_narrative>
    <ns1:payment_transaction_type_id>cardcollection</ns1:payment_transaction_type_id>
    <ns1:currency_amount currency_code="GBP">297.580</ns1:currency_amount>
    <ns1:exchange_rate>1.00000</ns1:exchange_rate>
    <ns1:exchange_rate_type>DAILY</ns1:exchange_rate_type>
    <ns1:base_currency_amount>297.58</ns1:base_currency_amount>
    <ns1:credit_ind>N</ns1:credit_ind>
  </ns1:dlg_header>
  <ns1:dlg_header>
    <ns1:header_id>12461236287</ns1:header_id>
    <ns1:source>GWBCGLBilling</ns1:source>
    <ns1:account_number>1984780147</ns1:account_number>
    <ns1:policy_number>5000398502</ns1:policy_number>
    <ns1:underwriter>ukinsurance_dlg</ns1:underwriter>
    <ns1:brand>privilege</ns1:brand>
    <ns1:line_of_business>MOTLine</ns1:line_of_business>
    <ns1:product_type>Combined</ns1:product_type>
    <ns1:transaction_reference>1000000598-0979</ns1:transaction_reference>
    <ns1:transaction_date>2020-04-14T15:26:55</ns1:transaction_date>
    <ns1:transaction_subtype>DirectBillMoneyRcvdTxn</ns1:transaction_subtype>
    <ns1:transaction_reason>Premium</ns1:transaction_reason>
    <ns1:payment_method>creditcard</ns1:payment_method>
    <ns1:mid_number>93070433</ns1:mid_number>
    <ns1:card_type>visadebit</ns1:card_type>
    <ns1:channel>pcw</ns1:channel>
    <ns1:interest_amount currency_code="GBP">0.000</ns1:interest_amount>
    <ns1:base_interest_amount>0.00</ns1:base_interest_amount>
    <ns1:tax_deductible>0.000</ns1:tax_deductible>
    <ns1:order_number>CPC6000_0068299454_PRD</ns1:order_number>
    <ns1:reversal_indicator>N</ns1:reversal_indicator>
    <ns1:card_narrative>SLPRIVWEB1404</ns1:card_narrative>
    <ns1:payment_transaction_type_id>cardcollection</ns1:payment_transaction_type_id>
    <ns1:currency_amount currency_code="GBP">297.580</ns1:currency_amount>
    <ns1:exchange_rate>1.00000</ns1:exchange_rate>
    <ns1:exchange_rate_type>DAILY</ns1:exchange_rate_type>
    <ns1:base_currency_amount>297.58</ns1:base_currency_amount>
    <ns1:credit_ind>N</ns1:credit_ind>
  </ns1:dlg_header>
  <ns1:dlg_header>
    <ns1:header_id>12461236294</ns1:header_id>
    <ns1:source>GWBCGLBilling</ns1:source>
    <ns1:account_number>4194299033</ns1:account_number>
    <ns1:policy_number>5000398536</ns1:policy_number>
    <ns1:underwriter>ukinsurance_dlg</ns1:underwriter>
    <ns1:brand>privilege</ns1:brand>
    <ns1:line_of_business>MOTLine</ns1:line_of_business>
    <ns1:product_type>Combined</ns1:product_type>
    <ns1:transaction_reference>1000000599-0263</ns1:transaction_reference>
    <ns1:transaction_date>2020-04-14T15:36:56</ns1:transaction_date>
    <ns1:transaction_subtype>DirectBillMoneyRcvdTxn</ns1:transaction_subtype>
    <ns1:transaction_reason>PolUnappliedFund</ns1:transaction_reason>
    <ns1:payment_method>creditcard</ns1:payment_method>
    <ns1:mid_number>93070433</ns1:mid_number>
    <ns1:card_type>visadebit</ns1:card_type>
    <ns1:channel>pcw</ns1:channel>
    <ns1:interest_amount currency_code="GBP">0.000</ns1:interest_amount>
    <ns1:base_interest_amount>0.00</ns1:base_interest_amount>
    <ns1:tax_deductible>0.000</ns1:tax_deductible>
    <ns1:order_number>CPC6000_0071523453_PRD</ns1:order_number>
    <ns1:reversal_indicator>N</ns1:reversal_indicator>
    <ns1:card_narrative>SLPRIVWEB1404</ns1:card_narrative>
    <ns1:payment_transaction_type_id>cardcollection</ns1:payment_transaction_type_id>
    <ns1:currency_amount currency_code="GBP">165.810</ns1:currency_amount>
    <ns1:exchange_rate>1.00000</ns1:exchange_rate>
    <ns1:exchange_rate_type>DAILY</ns1:exchange_rate_type>
    <ns1:base_currency_amount>165.81</ns1:base_currency_amount>
    <ns1:credit_ind>N</ns1:credit_ind>
  </ns1:dlg_header>
  <ns1:dlg_header>
    <ns1:header_id>12461236295</ns1:header_id>
    <ns1:source>GWBCGLBilling</ns1:source>
    <ns1:account_number>4194299033</ns1:account_number>
    <ns1:policy_number>5000398536</ns1:policy_number>
    <ns1:underwriter>ukinsurance_dlg</ns1:underwriter>
    <ns1:brand>privilege</ns1:brand>
    <ns1:line_of_business>MOTLine</ns1:line_of_business>
    <ns1:product_type>Combined</ns1:product_type>
    <ns1:transaction_reference>1000000599-0263</ns1:transaction_reference>
    <ns1:transaction_date>2020-04-14T15:36:56</ns1:transaction_date>
    <ns1:transaction_subtype>DirectBillMoneyRcvdTxn</ns1:transaction_subtype>
    <ns1:transaction_reason>Premium</ns1:transaction_reason>
    <ns1:payment_method>creditcard</ns1:payment_method>
    <ns1:mid_number>93070433</ns1:mid_number>
    <ns1:card_type>visadebit</ns1:card_type>
    <ns1:channel>pcw</ns1:channel>
    <ns1:interest_amount currency_code="GBP">0.000</ns1:interest_amount>
    <ns1:base_interest_amount>0.00</ns1:base_interest_amount>
    <ns1:tax_deductible>0.000</ns1:tax_deductible>
    <ns1:order_number>CPC6000_0071523453_PRD</ns1:order_number>
    <ns1:reversal_indicator>N</ns1:reversal_indicator>
    <ns1:card_narrative>SLPRIVWEB1404</ns1:card_narrative>
    <ns1:payment_transaction_type_id>cardcollection</ns1:payment_transaction_type_id>
    <ns1:currency_amount currency_code="GBP">165.810</ns1:currency_amount>
    <ns1:exchange_rate>1.00000</ns1:exchange_rate>
    <ns1:exchange_rate_type>DAILY</ns1:exchange_rate_type>
    <ns1:base_currency_amount>165.81</ns1:base_currency_amount>
    <ns1:credit_ind>N</ns1:credit_ind>
  </ns1:dlg_header>
  <ns1:dlg_header>
    <ns1:header_id>12461236298</ns1:header_id>
    <ns1:source>GWBCGLBilling</ns1:source>
    <ns1:account_number>5310985645</ns1:account_number>
    <ns1:policy_number>5000195742</ns1:policy_number>
    <ns1:underwriter>ukinsurance_dlg</ns1:underwriter>
    <ns1:brand>privilege</ns1:brand>
    <ns1:line_of_business>MOTLine</ns1:line_of_business>
    <ns1:product_type>Combined</ns1:product_type>
    <ns1:transaction_reference>1000000599-0295</ns1:transaction_reference>
    <ns1:transaction_date>2020-04-14T15:41:26</ns1:transaction_date>
    <ns1:transaction_subtype>DirectBillMoneyRcvdTxn</ns1:transaction_subtype>
    <ns1:transaction_reason>PolUnappliedFund</ns1:transaction_reason>
    <ns1:payment_method>creditcard</ns1:payment_method>
    <ns1:mid_number>93069903</ns1:mid_number>
    <ns1:card_type>visadebit</ns1:card_type>
    <ns1:channel>pcw</ns1:channel>
    <ns1:interest_amount currency_code="GBP">0.000</ns1:interest_amount>
    <ns1:base_interest_amount>0.00</ns1:base_interest_amount>
    <ns1:tax_deductible>0.000</ns1:tax_deductible>
    <ns1:order_number>CBC6001_5000195742_PRD</ns1:order_number>
    <ns1:reversal_indicator>N</ns1:reversal_indicator>
    <ns1:card_narrative>SLPRIVPHON1404</ns1:card_narrative>
    <ns1:payment_transaction_type_id>cardcollection</ns1:payment_transaction_type_id>
    <ns1:currency_amount currency_code="GBP">109.960</ns1:currency_amount>
    <ns1:exchange_rate>1.00000</ns1:exchange_rate>
    <ns1:exchange_rate_type>DAILY</ns1:exchange_rate_type>
    <ns1:base_currency_amount>109.96</ns1:base_currency_amount>
    <ns1:credit_ind>Y</ns1:credit_ind>
  </ns1:dlg_header>
  <ns1:dlg_header>
    <ns1:header_id>12461236299</ns1:header_id>
    <ns1:source>GWBCGLBilling</ns1:source>
    <ns1:account_number>5310985645</ns1:account_number>
    <ns1:policy_number>5000195742</ns1:policy_number>
    <ns1:underwriter>ukinsurance_dlg</ns1:underwriter>
    <ns1:brand>privilege</ns1:brand>
    <ns1:line_of_business>MOTLine</ns1:line_of_business>
    <ns1:product_type>Combined</ns1:product_type>
    <ns1:transaction_reference>1000000599-0295</ns1:transaction_reference>
    <ns1:transaction_date>2020-04-14T15:41:26</ns1:transaction_date>
    <ns1:transaction_subtype>DirectBillMoneyRcvdTxn</ns1:transaction_subtype>
    <ns1:transaction_reason>instalmentcharge_Dlg</ns1:transaction_reason>
    <ns1:payment_method>creditcard</ns1:payment_method>
    <ns1:mid_number>93069903</ns1:mid_number>
    <ns1:card_type>visadebit</ns1:card_type>
    <ns1:channel>pcw</ns1:channel>
    <ns1:interest_amount currency_code="GBP">0.000</ns1:interest_amount>
    <ns1:base_interest_amount>0.00</ns1:base_interest_amount>
    <ns1:tax_deductible>0.000</ns1:tax_deductible>
    <ns1:order_number>CBC6001_5000195742_PRD</ns1:order_number>
    <ns1:reversal_indicator>N</ns1:reversal_indicator>
    <ns1:card_narrative>SLPRIVPHON1404</ns1:card_narrative>
    <ns1:payment_transaction_type_id>cardcollection</ns1:payment_transaction_type_id>
    <ns1:currency_amount currency_code="GBP">11.780</ns1:currency_amount>
    <ns1:exchange_rate>1.00000</ns1:exchange_rate>
    <ns1:exchange_rate_type>DAILY</ns1:exchange_rate_type>
    <ns1:base_currency_amount>11.78</ns1:base_currency_amount>
    <ns1:credit_ind>Y</ns1:credit_ind>
  </ns1:dlg_header>
  <ns1:dlg_header>
    <ns1:header_id>12461236300</ns1:header_id>
    <ns1:source>GWBCGLBilling</ns1:source>
    <ns1:account_number>5310985645</ns1:account_number>
    <ns1:policy_number>5000195742</ns1:policy_number>
    <ns1:underwriter>ukinsurance_dlg</ns1:underwriter>
    <ns1:brand>privilege</ns1:brand>
    <ns1:line_of_business>MOTLine</ns1:line_of_business>
    <ns1:product_type>Combined</ns1:product_type>
    <ns1:transaction_reference>1000000599-0295</ns1:transaction_reference>
    <ns1:transaction_date>2020-04-14T15:41:26</ns1:transaction_date>
    <ns1:transaction_subtype>DirectBillMoneyRcvdTxn</ns1:transaction_subtype>
    <ns1:transaction_reason>Premium</ns1:transaction_reason>
    <ns1:payment_method>creditcard</ns1:payment_method>
    <ns1:mid_number>93069903</ns1:mid_number>
    <ns1:card_type>visadebit</ns1:card_type>
    <ns1:channel>pcw</ns1:channel>
    <ns1:interest_amount currency_code="GBP">0.000</ns1:interest_amount>
    <ns1:base_interest_amount>0.00</ns1:base_interest_amount>
    <ns1:tax_deductible>0.000</ns1:tax_deductible>
    <ns1:order_number>CBC6001_5000195742_PRD</ns1:order_number>
    <ns1:reversal_indicator>N</ns1:reversal_indicator>
    <ns1:card_narrative>SLPRIVPHON1404</ns1:card_narrative>
    <ns1:payment_transaction_type_id>cardcollection</ns1:payment_transaction_type_id>
    <ns1:currency_amount currency_code="GBP">98.180</ns1:currency_amount>
    <ns1:exchange_rate>1.00000</ns1:exchange_rate>
    <ns1:exchange_rate_type>DAILY</ns1:exchange_rate_type>
    <ns1:base_currency_amount>98.18</ns1:base_currency_amount>
    <ns1:credit_ind>Y</ns1:credit_ind>
  </ns1:dlg_header>
  <ns1:dlg_header>
    <ns1:header_id>12461236319</ns1:header_id>
    <ns1:source>GWBCGLBilling</ns1:source>
    <ns1:account_number>3710931588</ns1:account_number>
    <ns1:policy_number>5000398643</ns1:policy_number>
    <ns1:underwriter>ukinsurance_dlg</ns1:underwriter>
    <ns1:brand>privilege</ns1:brand>
    <ns1:line_of_business>MOTLine</ns1:line_of_business>
    <ns1:product_type>Combined</ns1:product_type>
    <ns1:transaction_reference>1000000598-1341</ns1:transaction_reference>
    <ns1:transaction_date>2020-04-14T15:52:41</ns1:transaction_date>
    <ns1:transaction_subtype>DirectBillMoneyRcvdTxn</ns1:transaction_subtype>
    <ns1:transaction_reason>PolUnappliedFund</ns1:transaction_reason>
    <ns1:payment_method>creditcard</ns1:payment_method>
    <ns1:mid_number>93070433</ns1:mid_number>
    <ns1:card_type>visadebit</ns1:card_type>
    <ns1:channel>pcw</ns1:channel>
    <ns1:interest_amount currency_code="GBP">0.000</ns1:interest_amount>
    <ns1:base_interest_amount>0.00</ns1:base_interest_amount>
    <ns1:tax_deductible>0.000</ns1:tax_deductible>
    <ns1:order_number>CPC6001_0064271376_PRD</ns1:order_number>
    <ns1:reversal_indicator>N</ns1:reversal_indicator>
    <ns1:card_narrative>SLPRIVWEB1404</ns1:card_narrative>
    <ns1:payment_transaction_type_id>cardcollection</ns1:payment_transaction_type_id>
    <ns1:currency_amount currency_code="GBP">266.720</ns1:currency_amount>
    <ns1:exchange_rate>1.00000</ns1:exchange_rate>
    <ns1:exchange_rate_type>DAILY</ns1:exchange_rate_type>
    <ns1:base_currency_amount>266.72</ns1:base_currency_amount>
    <ns1:credit_ind>N</ns1:credit_ind>
  </ns1:dlg_header>
  <ns1:dlg_header>
    <ns1:header_id>12461236320</ns1:header_id>
    <ns1:source>GWBCGLBilling</ns1:source>
    <ns1:account_number>3710931588</ns1:account_number>
    <ns1:policy_number>5000398643</ns1:policy_number>
    <ns1:underwriter>ukinsurance_dlg</ns1:underwriter>
    <ns1:brand>privilege</ns1:brand>
    <ns1:line_of_business>MOTLine</ns1:line_of_business>
    <ns1:product_type>Combined</ns1:product_type>
    <ns1:transaction_reference>1000000598-1341</ns1:transaction_reference>
    <ns1:transaction_date>2020-04-14T15:52:41</ns1:transaction_date>
    <ns1:transaction_subtype>DirectBillMoneyRcvdTxn</ns1:transaction_subtype>
    <ns1:transaction_reason>Premium</ns1:transaction_reason>
    <ns1:payment_method>creditcard</ns1:payment_method>
    <ns1:mid_number>93070433</ns1:mid_number>
    <ns1:card_type>visadebit</ns1:card_type>
    <ns1:channel>pcw</ns1:channel>
    <ns1:interest_amount currency_code="GBP">0.000</ns1:interest_amount>
    <ns1:base_interest_amount>0.00</ns1:base_interest_amount>
    <ns1:tax_deductible>0.000</ns1:tax_deductible>
    <ns1:order_number>CPC6001_0064271376_PRD</ns1:order_number>
    <ns1:reversal_indicator>N</ns1:reversal_indicator>
    <ns1:card_narrative>SLPRIVWEB1404</ns1:card_narrative>
    <ns1:payment_transaction_type_id>cardcollection</ns1:payment_transaction_type_id>
    <ns1:currency_amount currency_code="GBP">266.720</ns1:currency_amount>
    <ns1:exchange_rate>1.00000</ns1:exchange_rate>
    <ns1:exchange_rate_type>DAILY</ns1:exchange_rate_type>
    <ns1:base_currency_amount>266.72</ns1:base_currency_amount>
    <ns1:credit_ind>N</ns1:credit_ind>
  </ns1:dlg_header>
  <ns1:dlg_header>
    <ns1:header_id>12461236321</ns1:header_id>
    <ns1:source>GWBCGLBilling</ns1:source>
    <ns1:account_number>8158143419</ns1:account_number>
    <ns1:policy_number>5000398650</ns1:policy_number>
    <ns1:underwriter>ukinsurance_dlg</ns1:underwriter>
    <ns1:brand>privilege</ns1:brand>
    <ns1:line_of_business>MOTLine</ns1:line_of_business>
    <ns1:product_type>Combined</ns1:product_type>
    <ns1:transaction_reference>1000000599-0527</ns1:transaction_reference>
    <ns1:transaction_date>2020-04-14T15:53:36</ns1:transaction_date>
    <ns1:transaction_subtype>DirectBillMoneyRcvdTxn</ns1:transaction_subtype>
    <ns1:transaction_reason>PolUnappliedFund</ns1:transaction_reason>
    <ns1:payment_method>creditcard</ns1:payment_method>
    <ns1:mid_number>93069903</ns1:mid_number>
    <ns1:card_type>visadebit</ns1:card_type>
    <ns1:channel>pcw</ns1:channel>
    <ns1:interest_amount currency_code="GBP">0.000</ns1:interest_amount>
    <ns1:base_interest_amount>0.00</ns1:base_interest_amount>
    <ns1:tax_deductible>0.000</ns1:tax_deductible>
    <ns1:order_number>CPC6000_0070071432_PRD</ns1:order_number>
    <ns1:reversal_indicator>N</ns1:reversal_indicator>
    <ns1:card_narrative>SLPRIVPHON1404</ns1:card_narrative>
    <ns1:payment_transaction_type_id>cardcollection</ns1:payment_transaction_type_id>
    <ns1:currency_amount currency_code="GBP">254.120</ns1:currency_amount>
    <ns1:exchange_rate>1.00000</ns1:exchange_rate>
    <ns1:exchange_rate_type>DAILY</ns1:exchange_rate_type>
    <ns1:base_currency_amount>254.12</ns1:base_currency_amount>
    <ns1:credit_ind>Y</ns1:credit_ind>
  </ns1:dlg_header>
  <ns1:dlg_header>
    <ns1:header_id>12461236322</ns1:header_id>
    <ns1:source>GWBCGLBilling</ns1:source>
    <ns1:account_number>8158143419</ns1:account_number>
    <ns1:policy_number>5000398650</ns1:policy_number>
    <ns1:underwriter>ukinsurance_dlg</ns1:underwriter>
    <ns1:brand>privilege</ns1:brand>
    <ns1:line_of_business>MOTLine</ns1:line_of_business>
    <ns1:product_type>Combined</ns1:product_type>
    <ns1:transaction_reference>1000000599-0527</ns1:transaction_reference>
    <ns1:transaction_date>2020-04-14T15:53:36</ns1:transaction_date>
    <ns1:transaction_subtype>DirectBillMoneyRcvdTxn</ns1:transaction_subtype>
    <ns1:transaction_reason>Premium</ns1:transaction_reason>
    <ns1:payment_method>creditcard</ns1:payment_method>
    <ns1:mid_number>93069903</ns1:mid_number>
    <ns1:card_type>visadebit</ns1:card_type>
    <ns1:channel>pcw</ns1:channel>
    <ns1:interest_amount currency_code="GBP">0.000</ns1:interest_amount>
    <ns1:base_interest_amount>0.00</ns1:base_interest_amount>
    <ns1:tax_deductible>0.000</ns1:tax_deductible>
    <ns1:order_number>CPC6000_0070071432_PRD</ns1:order_number>
    <ns1:reversal_indicator>N</ns1:reversal_indicator>
    <ns1:card_narrative>SLPRIVPHON1404</ns1:card_narrative>
    <ns1:payment_transaction_type_id>cardcollection</ns1:payment_transaction_type_id>
    <ns1:currency_amount currency_code="GBP">254.120</ns1:currency_amount>
    <ns1:exchange_rate>1.00000</ns1:exchange_rate>
    <ns1:exchange_rate_type>DAILY</ns1:exchange_rate_type>
    <ns1:base_currency_amount>254.12</ns1:base_currency_amount>
    <ns1:credit_ind>Y</ns1:credit_ind>
  </ns1:dlg_header>
  <ns1:dlg_header>
    <ns1:header_id>12461236323</ns1:header_id>
    <ns1:source>GWBCGLBilling</ns1:source>
    <ns1:account_number>6575961575</ns1:account_number>
    <ns1:policy_number>5000398668</ns1:policy_number>
    <ns1:underwriter>ukinsurance_dlg</ns1:underwriter>
    <ns1:brand>privilege</ns1:brand>
    <ns1:line_of_business>MOTLine</ns1:line_of_business>
    <ns1:product_type>Combined</ns1:product_type>
    <ns1:transaction_reference>1000000599-0546</ns1:transaction_reference>
    <ns1:transaction_date>2020-04-14T15:53:56</ns1:transaction_date>
    <ns1:transaction_subtype>DirectBillMoneyRcvdTxn</ns1:transaction_subtype>
    <ns1:transaction_reason>PolUnappliedFund</ns1:transaction_reason>
    <ns1:payment_method>creditcard</ns1:payment_method>
    <ns1:mid_number>93070433</ns1:mid_number>
    <ns1:card_type>visadebit</ns1:card_type>
    <ns1:channel>pcw</ns1:channel>
    <ns1:interest_amount currency_code="GBP">0.000</ns1:interest_amount>
    <ns1:base_interest_amount>0.00</ns1:base_interest_amount>
    <ns1:tax_deductible>0.000</ns1:tax_deductible>
    <ns1:order_number>CPC6000_0070611010_PRD</ns1:order_number>
    <ns1:reversal_indicator>N</ns1:reversal_indicator>
    <ns1:card_narrative>SLPRIVWEB1404</ns1:card_narrative>
    <ns1:payment_transaction_type_id>cardcollection</ns1:payment_transaction_type_id>
    <ns1:currency_amount currency_code="GBP">54.160</ns1:currency_amount>
    <ns1:exchange_rate>1.00000</ns1:exchange_rate>
    <ns1:exchange_rate_type>DAILY</ns1:exchange_rate_type>
    <ns1:base_currency_amount>54.16</ns1:base_currency_amount>
    <ns1:credit_ind>Y</ns1:credit_ind>
  </ns1:dlg_header>
  <ns1:dlg_header>
    <ns1:header_id>12461236324</ns1:header_id>
    <ns1:source>GWBCGLBilling</ns1:source>
    <ns1:account_number>6575961575</ns1:account_number>
    <ns1:policy_number>5000398668</ns1:policy_number>
    <ns1:underwriter>ukinsurance_dlg</ns1:underwriter>
    <ns1:brand>privilege</ns1:brand>
    <ns1:line_of_business>MOTLine</ns1:line_of_business>
    <ns1:product_type>Combined</ns1:product_type>
    <ns1:transaction_reference>1000000599-0546</ns1:transaction_reference>
    <ns1:transaction_date>2020-04-14T15:53:56</ns1:transaction_date>
    <ns1:transaction_subtype>DirectBillMoneyRcvdTxn</ns1:transaction_subtype>
    <ns1:transaction_reason>Premium</ns1:transaction_reason>
    <ns1:payment_method>creditcard</ns1:payment_method>
    <ns1:mid_number>93070433</ns1:mid_number>
    <ns1:card_type>visadebit</ns1:card_type>
    <ns1:channel>pcw</ns1:channel>
    <ns1:interest_amount currency_code="GBP">0.000</ns1:interest_amount>
    <ns1:base_interest_amount>0.00</ns1:base_interest_amount>
    <ns1:tax_deductible>0.000</ns1:tax_deductible>
    <ns1:order_number>CPC6000_0070611010_PRD</ns1:order_number>
    <ns1:reversal_indicator>N</ns1:reversal_indicator>
    <ns1:card_narrative>SLPRIVWEB1404</ns1:card_narrative>
    <ns1:payment_transaction_type_id>cardcollection</ns1:payment_transaction_type_id>
    <ns1:currency_amount currency_code="GBP">54.160</ns1:currency_amount>
    <ns1:exchange_rate>1.00000</ns1:exchange_rate>
    <ns1:exchange_rate_type>DAILY</ns1:exchange_rate_type>
    <ns1:base_currency_amount>54.16</ns1:base_currency_amount>
    <ns1:credit_ind>Y</ns1:credit_ind>
  </ns1:dlg_header>
  <ns1:dlg_header>
    <ns1:header_id>12461236341</ns1:header_id>
    <ns1:source>GWBCGLBilling</ns1:source>
    <ns1:account_number>5022125287</ns1:account_number>
    <ns1:policy_number>5000398759</ns1:policy_number>
    <ns1:underwriter>ukinsurance_dlg</ns1:underwriter>
    <ns1:brand>privilege</ns1:brand>
    <ns1:line_of_business>MOTLine</ns1:line_of_business>
    <ns1:product_type>Combined</ns1:product_type>
    <ns1:transaction_reference>1000000599-0721</ns1:transaction_reference>
    <ns1:transaction_date>2020-04-14T16:07:26</ns1:transaction_date>
    <ns1:transaction_subtype>DirectBillMoneyRcvdTxn</ns1:transaction_subtype>
    <ns1:transaction_reason>PolUnappliedFund</ns1:transaction_reason>
    <ns1:payment_method>creditcard</ns1:payment_method>
    <ns1:mid_number>93069903</ns1:mid_number>
    <ns1:card_type>visadebit</ns1:card_type>
    <ns1:channel>pcw</ns1:channel>
    <ns1:interest_amount currency_code="GBP">0.000</ns1:interest_amount>
    <ns1:base_interest_amount>0.00</ns1:base_interest_amount>
    <ns1:tax_deductible>0.000</ns1:tax_deductible>
    <ns1:order_number>CPC6000_0048099335_PRD</ns1:order_number>
    <ns1:reversal_indicator>N</ns1:reversal_indicator>
    <ns1:card_narrative>SLPRIVPHON1404</ns1:card_narrative>
    <ns1:payment_transaction_type_id>cardcollection</ns1:payment_transaction_type_id>
    <ns1:currency_amount currency_code="GBP">570.900</ns1:currency_amount>
    <ns1:exchange_rate>1.00000</ns1:exchange_rate>
    <ns1:exchange_rate_type>DAILY</ns1:exchange_rate_type>
    <ns1:base_currency_amount>570.90</ns1:base_currency_amount>
    <ns1:credit_ind>N</ns1:credit_ind>
  </ns1:dlg_header>
  <ns1:dlg_header>
    <ns1:header_id>12461236342</ns1:header_id>
    <ns1:source>GWBCGLBilling</ns1:source>
    <ns1:account_number>5022125287</ns1:account_number>
    <ns1:policy_number>5000398759</ns1:policy_number>
    <ns1:underwriter>ukinsurance_dlg</ns1:underwriter>
    <ns1:brand>privilege</ns1:brand>
    <ns1:line_of_business>MOTLine</ns1:line_of_business>
    <ns1:product_type>Combined</ns1:product_type>
    <ns1:transaction_reference>1000000599-0721</ns1:transaction_reference>
    <ns1:transaction_date>2020-04-14T16:07:26</ns1:transaction_date>
    <ns1:transaction_subtype>DirectBillMoneyRcvdTxn</ns1:transaction_subtype>
    <ns1:transaction_reason>Premium</ns1:transaction_reason>
    <ns1:payment_method>creditcard</ns1:payment_method>
    <ns1:mid_number>93069903</ns1:mid_number>
    <ns1:card_type>visadebit</ns1:card_type>
    <ns1:channel>pcw</ns1:channel>
    <ns1:interest_amount currency_code="GBP">0.000</ns1:interest_amount>
    <ns1:base_interest_amount>0.00</ns1:base_interest_amount>
    <ns1:tax_deductible>0.000</ns1:tax_deductible>
    <ns1:order_number>CPC6000_0048099335_PRD</ns1:order_number>
    <ns1:reversal_indicator>N</ns1:reversal_indicator>
    <ns1:card_narrative>SLPRIVPHON1404</ns1:card_narrative>
    <ns1:payment_transaction_type_id>cardcollection</ns1:payment_transaction_type_id>
    <ns1:currency_amount currency_code="GBP">570.900</ns1:currency_amount>
    <ns1:exchange_rate>1.00000</ns1:exchange_rate>
    <ns1:exchange_rate_type>DAILY</ns1:exchange_rate_type>
    <ns1:base_currency_amount>570.90</ns1:base_currency_amount>
    <ns1:credit_ind>N</ns1:credit_ind>
  </ns1:dlg_header>
  <ns1:dlg_header>
    <ns1:header_id>12461236343</ns1:header_id>
    <ns1:source>GWBCGLBilling</ns1:source>
    <ns1:account_number>6000068217</ns1:account_number>
    <ns1:policy_number>5000398767</ns1:policy_number>
    <ns1:underwriter>ukinsurance_dlg</ns1:underwriter>
    <ns1:brand>privilege</ns1:brand>
    <ns1:line_of_business>MOTLine</ns1:line_of_business>
    <ns1:product_type>Combined</ns1:product_type>
    <ns1:transaction_reference>1000000598-1537</ns1:transaction_reference>
    <ns1:transaction_date>2020-04-14T16:09:42</ns1:transaction_date>
    <ns1:transaction_subtype>DirectBillMoneyRcvdTxn</ns1:transaction_subtype>
    <ns1:transaction_reason>PolUnappliedFund</ns1:transaction_reason>
    <ns1:payment_method>creditcard</ns1:payment_method>
    <ns1:mid_number>93070433</ns1:mid_number>
    <ns1:card_type>visadebit</ns1:card_type>
    <ns1:channel>pcw</ns1:channel>
    <ns1:interest_amount currency_code="GBP">0.000</ns1:interest_amount>
    <ns1:base_interest_amount>0.00</ns1:base_interest_amount>
    <ns1:tax_deductible>0.000</ns1:tax_deductible>
    <ns1:order_number>CPC6000_0076043638_PRD</ns1:order_number>
    <ns1:reversal_indicator>N</ns1:reversal_indicator>
    <ns1:card_narrative>SLPRIVWEB1404</ns1:card_narrative>
    <ns1:payment_transaction_type_id>cardcollection</ns1:payment_transaction_type_id>
    <ns1:currency_amount currency_code="GBP">611.370</ns1:currency_amount>
    <ns1:exchange_rate>1.00000</ns1:exchange_rate>
    <ns1:exchange_rate_type>DAILY</ns1:exchange_rate_type>
    <ns1:base_currency_amount>611.37</ns1:base_currency_amount>
    <ns1:credit_ind>N</ns1:credit_ind>
  </ns1:dlg_header>
  <ns1:dlg_header>
    <ns1:header_id>12461236344</ns1:header_id>
    <ns1:source>GWBCGLBilling</ns1:source>
    <ns1:account_number>6000068217</ns1:account_number>
    <ns1:policy_number>5000398767</ns1:policy_number>
    <ns1:underwriter>ukinsurance_dlg</ns1:underwriter>
    <ns1:brand>privilege</ns1:brand>
    <ns1:line_of_business>MOTLine</ns1:line_of_business>
    <ns1:product_type>Combined</ns1:product_type>
    <ns1:transaction_reference>1000000598-1537</ns1:transaction_reference>
    <ns1:transaction_date>2020-04-14T16:09:42</ns1:transaction_date>
    <ns1:transaction_subtype>DirectBillMoneyRcvdTxn</ns1:transaction_subtype>
    <ns1:transaction_reason>Premium</ns1:transaction_reason>
    <ns1:payment_method>creditcard</ns1:payment_method>
    <ns1:mid_number>93070433</ns1:mid_number>
    <ns1:card_type>visadebit</ns1:card_type>
    <ns1:channel>pcw</ns1:channel>
    <ns1:interest_amount currency_code="GBP">0.000</ns1:interest_amount>
    <ns1:base_interest_amount>0.00</ns1:base_interest_amount>
    <ns1:tax_deductible>0.000</ns1:tax_deductible>
    <ns1:order_number>CPC6000_0076043638_PRD</ns1:order_number>
    <ns1:reversal_indicator>N</ns1:reversal_indicator>
    <ns1:card_narrative>SLPRIVWEB1404</ns1:card_narrative>
    <ns1:payment_transaction_type_id>cardcollection</ns1:payment_transaction_type_id>
    <ns1:currency_amount currency_code="GBP">611.370</ns1:currency_amount>
    <ns1:exchange_rate>1.00000</ns1:exchange_rate>
    <ns1:exchange_rate_type>DAILY</ns1:exchange_rate_type>
    <ns1:base_currency_amount>611.37</ns1:base_currency_amount>
    <ns1:credit_ind>N</ns1:credit_ind>
  </ns1:dlg_header>
  <ns1:dlg_header>
    <ns1:header_id>12461236345</ns1:header_id>
    <ns1:source>GWBCGLBilling</ns1:source>
    <ns1:account_number>5476576105</ns1:account_number>
    <ns1:policy_number>5000398775</ns1:policy_number>
    <ns1:underwriter>ukinsurance_dlg</ns1:underwriter>
    <ns1:brand>privilege</ns1:brand>
    <ns1:line_of_business>MOTLine</ns1:line_of_business>
    <ns1:product_type>Combined</ns1:product_type>
    <ns1:transaction_reference>1000000599-0816</ns1:transaction_reference>
    <ns1:transaction_date>2020-04-14T16:12:26</ns1:transaction_date>
    <ns1:transaction_subtype>DirectBillMoneyRcvdTxn</ns1:transaction_subtype>
    <ns1:transaction_reason>PolUnappliedFund</ns1:transaction_reason>
    <ns1:payment_method>creditcard</ns1:payment_method>
    <ns1:mid_number>93070433</ns1:mid_number>
    <ns1:card_type>visadebit</ns1:card_type>
    <ns1:channel>pcw</ns1:channel>
    <ns1:interest_amount currency_code="GBP">0.000</ns1:interest_amount>
    <ns1:base_interest_amount>0.00</ns1:base_interest_amount>
    <ns1:tax_deductible>0.000</ns1:tax_deductible>
    <ns1:order_number>CPC6000_0077821214_PRD</ns1:order_number>
    <ns1:reversal_indicator>N</ns1:reversal_indicator>
    <ns1:card_narrative>SLPRIVWEB1404</ns1:card_narrative>
    <ns1:payment_transaction_type_id>cardcollection</ns1:payment_transaction_type_id>
    <ns1:currency_amount currency_code="GBP">146.720</ns1:currency_amount>
    <ns1:exchange_rate>1.00000</ns1:exchange_rate>
    <ns1:exchange_rate_type>DAILY</ns1:exchange_rate_type>
    <ns1:base_currency_amount>146.72</ns1:base_currency_amount>
    <ns1:credit_ind>N</ns1:credit_ind>
  </ns1:dlg_header>
  <ns1:dlg_header>
    <ns1:header_id>12461236360</ns1:header_id>
    <ns1:source>GWBCGLBilling</ns1:source>
    <ns1:account_number>1394493837</ns1:account_number>
    <ns1:policy_number>5000398841</ns1:policy_number>
    <ns1:underwriter>ukinsurance_dlg</ns1:underwriter>
    <ns1:brand>privilege</ns1:brand>
    <ns1:line_of_business>MOTLine</ns1:line_of_business>
    <ns1:product_type>Combined</ns1:product_type>
    <ns1:transaction_reference>1000000599-1088</ns1:transaction_reference>
    <ns1:transaction_date>2020-04-14T16:28:06</ns1:transaction_date>
    <ns1:transaction_subtype>DirectBillMoneyRcvdTxn</ns1:transaction_subtype>
    <ns1:transaction_reason>PolUnappliedFund</ns1:transaction_reason>
    <ns1:payment_method>creditcard</ns1:payment_method>
    <ns1:mid_number>93070433</ns1:mid_number>
    <ns1:card_type>visadebit</ns1:card_type>
    <ns1:channel>pcw</ns1:channel>
    <ns1:interest_amount currency_code="GBP">0.000</ns1:interest_amount>
    <ns1:base_interest_amount>0.00</ns1:base_interest_amount>
    <ns1:tax_deductible>0.000</ns1:tax_deductible>
    <ns1:order_number>CPC6000_0075837502_PRD</ns1:order_number>
    <ns1:reversal_indicator>N</ns1:reversal_indicator>
    <ns1:card_narrative>SLPRIVWEB1404</ns1:card_narrative>
    <ns1:payment_transaction_type_id>cardcollection</ns1:payment_transaction_type_id>
    <ns1:currency_amount currency_code="GBP">518.100</ns1:currency_amount>
    <ns1:exchange_rate>1.00000</ns1:exchange_rate>
    <ns1:exchange_rate_type>DAILY</ns1:exchange_rate_type>
    <ns1:base_currency_amount>518.10</ns1:base_currency_amount>
    <ns1:credit_ind>Y</ns1:credit_ind>
  </ns1:dlg_header>
  <ns1:dlg_header>
    <ns1:header_id>12461236361</ns1:header_id>
    <ns1:source>GWBCGLBilling</ns1:source>
    <ns1:account_number>1394493837</ns1:account_number>
    <ns1:policy_number>5000398841</ns1:policy_number>
    <ns1:underwriter>ukinsurance_dlg</ns1:underwriter>
    <ns1:brand>privilege</ns1:brand>
    <ns1:line_of_business>MOTLine</ns1:line_of_business>
    <ns1:product_type>Combined</ns1:product_type>
    <ns1:transaction_reference>1000000599-1088</ns1:transaction_reference>
    <ns1:transaction_date>2020-04-14T16:28:06</ns1:transaction_date>
    <ns1:transaction_subtype>DirectBillMoneyRcvdTxn</ns1:transaction_subtype>
    <ns1:transaction_reason>Premium</ns1:transaction_reason>
    <ns1:payment_method>creditcard</ns1:payment_method>
    <ns1:mid_number>93070433</ns1:mid_number>
    <ns1:card_type>visadebit</ns1:card_type>
    <ns1:channel>pcw</ns1:channel>
    <ns1:interest_amount currency_code="GBP">0.000</ns1:interest_amount>
    <ns1:base_interest_amount>0.00</ns1:base_interest_amount>
    <ns1:tax_deductible>0.000</ns1:tax_deductible>
    <ns1:order_number>CPC6000_0075837502_PRD</ns1:order_number>
    <ns1:reversal_indicator>N</ns1:reversal_indicator>
    <ns1:card_narrative>SLPRIVWEB1404</ns1:card_narrative>
    <ns1:payment_transaction_type_id>cardcollection</ns1:payment_transaction_type_id>
    <ns1:currency_amount currency_code="GBP">518.100</ns1:currency_amount>
    <ns1:exchange_rate>1.00000</ns1:exchange_rate>
    <ns1:exchange_rate_type>DAILY</ns1:exchange_rate_type>
    <ns1:base_currency_amount>518.10</ns1:base_currency_amount>
    <ns1:credit_ind>Y</ns1:credit_ind>
  </ns1:dlg_header>
  <ns1:dlg_header>
    <ns1:header_id>12461236366</ns1:header_id>
    <ns1:source>GWBCGLBilling</ns1:source>
    <ns1:account_number>7411503931</ns1:account_number>
    <ns1:policy_number>5000398874</ns1:policy_number>
    <ns1:underwriter>ukinsurance_dlg</ns1:underwriter>
    <ns1:brand>privilege</ns1:brand>
    <ns1:line_of_business>MOTLine</ns1:line_of_business>
    <ns1:product_type>Combined</ns1:product_type>
    <ns1:transaction_reference>1000000598-1936</ns1:transaction_reference>
    <ns1:transaction_date>2020-04-14T16:37:21</ns1:transaction_date>
    <ns1:transaction_subtype>DirectBillMoneyRcvdTxn</ns1:transaction_subtype>
    <ns1:transaction_reason>PolUnappliedFund</ns1:transaction_reason>
    <ns1:payment_method>creditcard</ns1:payment_method>
    <ns1:mid_number>93070433</ns1:mid_number>
    <ns1:card_type>visadebit</ns1:card_type>
    <ns1:channel>pcw</ns1:channel>
    <ns1:interest_amount currency_code="GBP">0.000</ns1:interest_amount>
    <ns1:base_interest_amount>0.00</ns1:base_interest_amount>
    <ns1:tax_deductible>0.000</ns1:tax_deductible>
    <ns1:order_number>CPC6000_0074194914_PRD</ns1:order_number>
    <ns1:reversal_indicator>N</ns1:reversal_indicator>
    <ns1:card_narrative>SLPRIVWEB1404</ns1:card_narrative>
    <ns1:payment_transaction_type_id>cardcollection</ns1:payment_transaction_type_id>
    <ns1:currency_amount currency_code="GBP">369.820</ns1:currency_amount>
    <ns1:exchange_rate>1.00000</ns1:exchange_rate>
    <ns1:exchange_rate_type>DAILY</ns1:exchange_rate_type>
    <ns1:base_currency_amount>369.82</ns1:base_currency_amount>
    <ns1:credit_ind>N</ns1:credit_ind>
  </ns1:dlg_header>
  <ns1:dlg_header>
    <ns1:header_id>12461236367</ns1:header_id>
    <ns1:source>GWBCGLBilling</ns1:source>
    <ns1:account_number>7411503931</ns1:account_number>
    <ns1:policy_number>5000398874</ns1:policy_number>
    <ns1:underwriter>ukinsurance_dlg</ns1:underwriter>
    <ns1:brand>privilege</ns1:brand>
    <ns1:line_of_business>MOTLine</ns1:line_of_business>
    <ns1:product_type>Combined</ns1:product_type>
    <ns1:transaction_reference>1000000598-1936</ns1:transaction_reference>
    <ns1:transaction_date>2020-04-14T16:37:21</ns1:transaction_date>
    <ns1:transaction_subtype>DirectBillMoneyRcvdTxn</ns1:transaction_subtype>
    <ns1:transaction_reason>Premium</ns1:transaction_reason>
    <ns1:payment_method>creditcard</ns1:payment_method>
    <ns1:mid_number>93070433</ns1:mid_number>
    <ns1:card_type>visadebit</ns1:card_type>
    <ns1:channel>pcw</ns1:channel>
    <ns1:interest_amount currency_code="GBP">0.000</ns1:interest_amount>
    <ns1:base_interest_amount>0.00</ns1:base_interest_amount>
    <ns1:tax_deductible>0.000</ns1:tax_deductible>
    <ns1:order_number>CPC6000_0074194914_PRD</ns1:order_number>
    <ns1:reversal_indicator>N</ns1:reversal_indicator>
    <ns1:card_narrative>SLPRIVWEB1404</ns1:card_narrative>
    <ns1:payment_transaction_type_id>cardcollection</ns1:payment_transaction_type_id>
    <ns1:currency_amount currency_code="GBP">369.820</ns1:currency_amount>
    <ns1:exchange_rate>1.00000</ns1:exchange_rate>
    <ns1:exchange_rate_type>DAILY</ns1:exchange_rate_type>
    <ns1:base_currency_amount>369.82</ns1:base_currency_amount>
    <ns1:credit_ind>N</ns1:credit_ind>
  </ns1:dlg_header>
  <ns1:dlg_header>
    <ns1:header_id>12461236368</ns1:header_id>
    <ns1:source>GWBCGLBilling</ns1:source>
    <ns1:account_number>8557674156</ns1:account_number>
    <ns1:policy_number>5000398882</ns1:policy_number>
    <ns1:underwriter>ukinsurance_dlg</ns1:underwriter>
    <ns1:brand>privilege</ns1:brand>
    <ns1:line_of_business>MOTLine</ns1:line_of_business>
    <ns1:product_type>Combined</ns1:product_type>
    <ns1:transaction_reference>1000000599-1261</ns1:transaction_reference>
    <ns1:transaction_date>2020-04-14T16:37:36</ns1:transaction_date>
    <ns1:transaction_subtype>DirectBillMoneyRcvdTxn</ns1:transaction_subtype>
    <ns1:transaction_reason>PolUnappliedFund</ns1:transaction_reason>
    <ns1:payment_method>creditcard</ns1:payment_method>
    <ns1:mid_number>93070433</ns1:mid_number>
    <ns1:card_type>visadebit</ns1:card_type>
    <ns1:channel>pcw</ns1:channel>
    <ns1:interest_amount currency_code="GBP">0.000</ns1:interest_amount>
    <ns1:base_interest_amount>0.00</ns1:base_interest_amount>
    <ns1:tax_deductible>0.000</ns1:tax_deductible>
    <ns1:order_number>CPC6000_0078446340_PRD</ns1:order_number>
    <ns1:reversal_indicator>N</ns1:reversal_indicator>
    <ns1:card_narrative>SLPRIVWEB1404</ns1:card_narrative>
    <ns1:payment_transaction_type_id>cardcollection</ns1:payment_transaction_type_id>
    <ns1:currency_amount currency_code="GBP">680.400</ns1:currency_amount>
    <ns1:exchange_rate>1.00000</ns1:exchange_rate>
    <ns1:exchange_rate_type>DAILY</ns1:exchange_rate_type>
    <ns1:base_currency_amount>680.40</ns1:base_currency_amount>
    <ns1:credit_ind>N</ns1:credit_ind>
  </ns1:dlg_header>
  <ns1:dlg_header>
    <ns1:header_id>12461236369</ns1:header_id>
    <ns1:source>GWBCGLBilling</ns1:source>
    <ns1:account_number>8557674156</ns1:account_number>
    <ns1:policy_number>5000398882</ns1:policy_number>
    <ns1:underwriter>ukinsurance_dlg</ns1:underwriter>
    <ns1:brand>privilege</ns1:brand>
    <ns1:line_of_business>MOTLine</ns1:line_of_business>
    <ns1:product_type>Combined</ns1:product_type>
    <ns1:transaction_reference>1000000599-1261</ns1:transaction_reference>
    <ns1:transaction_date>2020-04-14T16:37:36</ns1:transaction_date>
    <ns1:transaction_subtype>DirectBillMoneyRcvdTxn</ns1:transaction_subtype>
    <ns1:transaction_reason>Premium</ns1:transaction_reason>
    <ns1:payment_method>creditcard</ns1:payment_method>
    <ns1:mid_number>93070433</ns1:mid_number>
    <ns1:card_type>visadebit</ns1:card_type>
    <ns1:channel>pcw</ns1:channel>
    <ns1:interest_amount currency_code="GBP">0.000</ns1:interest_amount>
    <ns1:base_interest_amount>0.00</ns1:base_interest_amount>
    <ns1:tax_deductible>0.000</ns1:tax_deductible>
    <ns1:order_number>CPC6000_0078446340_PRD</ns1:order_number>
    <ns1:reversal_indicator>N</ns1:reversal_indicator>
    <ns1:card_narrative>SLPRIVWEB1404</ns1:card_narrative>
    <ns1:payment_transaction_type_id>cardcollection</ns1:payment_transaction_type_id>
    <ns1:currency_amount currency_code="GBP">680.400</ns1:currency_amount>
    <ns1:exchange_rate>1.00000</ns1:exchange_rate>
    <ns1:exchange_rate_type>DAILY</ns1:exchange_rate_type>
    <ns1:base_currency_amount>680.40</ns1:base_currency_amount>
    <ns1:credit_ind>N</ns1:credit_ind>
  </ns1:dlg_header>
  <ns1:dlg_header>
    <ns1:header_id>12461236374</ns1:header_id>
    <ns1:source>GWBCGLBilling</ns1:source>
    <ns1:account_number>8438240503</ns1:account_number>
    <ns1:policy_number>5000398916</ns1:policy_number>
    <ns1:underwriter>ukinsurance_dlg</ns1:underwriter>
    <ns1:brand>privilege</ns1:brand>
    <ns1:line_of_business>MOTLine</ns1:line_of_business>
    <ns1:product_type>Combined</ns1:product_type>
    <ns1:transaction_reference>1000000599-1420</ns1:transaction_reference>
    <ns1:transaction_date>2020-04-14T16:52:36</ns1:transaction_date>
    <ns1:transaction_subtype>DirectBillMoneyRcvdTxn</ns1:transaction_subtype>
    <ns1:transaction_reason>PolUnappliedFund</ns1:transaction_reason>
    <ns1:payment_method>creditcard</ns1:payment_method>
    <ns1:mid_number>93070433</ns1:mid_number>
    <ns1:card_type>mastercard</ns1:card_type>
    <ns1:channel>pcw</ns1:channel>
    <ns1:interest_amount currency_code="GBP">0.000</ns1:interest_amount>
    <ns1:base_interest_amount>0.00</ns1:base_interest_amount>
    <ns1:tax_deductible>0.000</ns1:tax_deductible>
    <ns1:order_number>CPC6000_0071243575_PRD</ns1:order_number>
    <ns1:reversal_indicator>N</ns1:reversal_indicator>
    <ns1:card_narrative>SLPRIVWEB1404</ns1:card_narrative>
    <ns1:payment_transaction_type_id>cardcollection</ns1:payment_transaction_type_id>
    <ns1:currency_amount currency_code="GBP">477.040</ns1:currency_amount>
    <ns1:exchange_rate>1.00000</ns1:exchange_rate>
    <ns1:exchange_rate_type>DAILY</ns1:exchange_rate_type>
    <ns1:base_currency_amount>477.04</ns1:base_currency_amount>
    <ns1:credit_ind>N</ns1:credit_ind>
  </ns1:dlg_header>
  <ns1:dlg_header>
    <ns1:header_id>12461236375</ns1:header_id>
    <ns1:source>GWBCGLBilling</ns1:source>
    <ns1:account_number>8438240503</ns1:account_number>
    <ns1:policy_number>5000398916</ns1:policy_number>
    <ns1:underwriter>ukinsurance_dlg</ns1:underwriter>
    <ns1:brand>privilege</ns1:brand>
    <ns1:line_of_business>MOTLine</ns1:line_of_business>
    <ns1:product_type>Combined</ns1:product_type>
    <ns1:transaction_reference>1000000599-1420</ns1:transaction_reference>
    <ns1:transaction_date>2020-04-14T16:52:36</ns1:transaction_date>
    <ns1:transaction_subtype>DirectBillMoneyRcvdTxn</ns1:transaction_subtype>
    <ns1:transaction_reason>Premium</ns1:transaction_reason>
    <ns1:payment_method>creditcard</ns1:payment_method>
    <ns1:mid_number>93070433</ns1:mid_number>
    <ns1:card_type>mastercard</ns1:card_type>
    <ns1:channel>pcw</ns1:channel>
    <ns1:interest_amount currency_code="GBP">0.000</ns1:interest_amount>
    <ns1:base_interest_amount>0.00</ns1:base_interest_amount>
    <ns1:tax_deductible>0.000</ns1:tax_deductible>
    <ns1:order_number>CPC6000_0071243575_PRD</ns1:order_number>
    <ns1:reversal_indicator>N</ns1:reversal_indicator>
    <ns1:card_narrative>SLPRIVWEB1404</ns1:card_narrative>
    <ns1:payment_transaction_type_id>cardcollection</ns1:payment_transaction_type_id>
    <ns1:currency_amount currency_code="GBP">477.040</ns1:currency_amount>
    <ns1:exchange_rate>1.00000</ns1:exchange_rate>
    <ns1:exchange_rate_type>DAILY</ns1:exchange_rate_type>
    <ns1:base_currency_amount>477.04</ns1:base_currency_amount>
    <ns1:credit_ind>N</ns1:credit_ind>
  </ns1:dlg_header>
  <ns1:dlg_header>
    <ns1:header_id>12461236376</ns1:header_id>
    <ns1:source>GWBCGLBilling</ns1:source>
    <ns1:account_number>8291086098</ns1:account_number>
    <ns1:policy_number>5000398924</ns1:policy_number>
    <ns1:underwriter>ukinsurance_dlg</ns1:underwriter>
    <ns1:brand>privilege</ns1:brand>
    <ns1:line_of_business>MOTLine</ns1:line_of_business>
    <ns1:product_type>Combined</ns1:product_type>
    <ns1:transaction_reference>1000000598-2113</ns1:transaction_reference>
    <ns1:transaction_date>2020-04-14T16:53:02</ns1:transaction_date>
    <ns1:transaction_subtype>DirectBillMoneyRcvdTxn</ns1:transaction_subtype>
    <ns1:transaction_reason>PolUnappliedFund</ns1:transaction_reason>
    <ns1:payment_method>creditcard</ns1:payment_method>
    <ns1:mid_number>93070433</ns1:mid_number>
    <ns1:card_type>visadebit</ns1:card_type>
    <ns1:channel>digital</ns1:channel>
    <ns1:interest_amount currency_code="GBP">0.000</ns1:interest_amount>
    <ns1:base_interest_amount>0.00</ns1:base_interest_amount>
    <ns1:tax_deductible>0.000</ns1:tax_deductible>
    <ns1:order_number>CPC6000_0072956897_PRD</ns1:order_number>
    <ns1:reversal_indicator>N</ns1:reversal_indicator>
    <ns1:card_narrative>SLPRIVWEB1404</ns1:card_narrative>
    <ns1:payment_transaction_type_id>cardcollection</ns1:payment_transaction_type_id>
    <ns1:currency_amount currency_code="GBP">848.840</ns1:currency_amount>
    <ns1:exchange_rate>1.00000</ns1:exchange_rate>
    <ns1:exchange_rate_type>DAILY</ns1:exchange_rate_type>
    <ns1:base_currency_amount>848.84</ns1:base_currency_amount>
    <ns1:credit_ind>N</ns1:credit_ind>
  </ns1:dlg_header>
  <ns1:dlg_header>
    <ns1:header_id>12461236377</ns1:header_id>
    <ns1:source>GWBCGLBilling</ns1:source>
    <ns1:account_number>8291086098</ns1:account_number>
    <ns1:policy_number>5000398924</ns1:policy_number>
    <ns1:underwriter>ukinsurance_dlg</ns1:underwriter>
    <ns1:brand>privilege</ns1:brand>
    <ns1:line_of_business>MOTLine</ns1:line_of_business>
    <ns1:product_type>Combined</ns1:product_type>
    <ns1:transaction_reference>1000000598-2113</ns1:transaction_reference>
    <ns1:transaction_date>2020-04-14T16:53:02</ns1:transaction_date>
    <ns1:transaction_subtype>DirectBillMoneyRcvdTxn</ns1:transaction_subtype>
    <ns1:transaction_reason>Premium</ns1:transaction_reason>
    <ns1:payment_method>creditcard</ns1:payment_method>
    <ns1:mid_number>93070433</ns1:mid_number>
    <ns1:card_type>visadebit</ns1:card_type>
    <ns1:channel>digital</ns1:channel>
    <ns1:interest_amount currency_code="GBP">0.000</ns1:interest_amount>
    <ns1:base_interest_amount>0.00</ns1:base_interest_amount>
    <ns1:tax_deductible>0.000</ns1:tax_deductible>
    <ns1:order_number>CPC6000_0072956897_PRD</ns1:order_number>
    <ns1:reversal_indicator>N</ns1:reversal_indicator>
    <ns1:card_narrative>SLPRIVWEB1404</ns1:card_narrative>
    <ns1:payment_transaction_type_id>cardcollection</ns1:payment_transaction_type_id>
    <ns1:currency_amount currency_code="GBP">848.840</ns1:currency_amount>
    <ns1:exchange_rate>1.00000</ns1:exchange_rate>
    <ns1:exchange_rate_type>DAILY</ns1:exchange_rate_type>
    <ns1:base_currency_amount>848.84</ns1:base_currency_amount>
    <ns1:credit_ind>N</ns1:credit_ind>
  </ns1:dlg_header>
  <ns1:dlg_header>
    <ns1:header_id>12461236378</ns1:header_id>
    <ns1:source>GWBCGLBilling</ns1:source>
    <ns1:account_number>6951380117</ns1:account_number>
    <ns1:policy_number>5000398932</ns1:policy_number>
    <ns1:underwriter>ukinsurance_dlg</ns1:underwriter>
    <ns1:brand>privilege</ns1:brand>
    <ns1:line_of_business>MOTLine</ns1:line_of_business>
    <ns1:product_type>Combined</ns1:product_type>
    <ns1:transaction_reference>1000000599-1437</ns1:transaction_reference>
    <ns1:transaction_date>2020-04-14T16:54:06</ns1:transaction_date>
    <ns1:transaction_subtype>DirectBillMoneyRcvdTxn</ns1:transaction_subtype>
    <ns1:transaction_reason>PolUnappliedFund</ns1:transaction_reason>
    <ns1:payment_method>creditcard</ns1:payment_method>
    <ns1:mid_number>93070433</ns1:mid_number>
    <ns1:card_type>visadebit</ns1:card_type>
    <ns1:channel>pcw</ns1:channel>
    <ns1:interest_amount currency_code="GBP">0.000</ns1:interest_amount>
    <ns1:base_interest_amount>0.00</ns1:base_interest_amount>
    <ns1:tax_deductible>0.000</ns1:tax_deductible>
    <ns1:order_number>CPC6000_0069387454_PRD</ns1:order_number>
    <ns1:reversal_indicator>N</ns1:reversal_indicator>
    <ns1:card_narrative>SLPRIVWEB1404</ns1:card_narrative>
    <ns1:payment_transaction_type_id>cardcollection</ns1:payment_transaction_type_id>
    <ns1:currency_amount currency_code="GBP">204.680</ns1:currency_amount>
    <ns1:exchange_rate>1.00000</ns1:exchange_rate>
    <ns1:exchange_rate_type>DAILY</ns1:exchange_rate_type>
    <ns1:base_currency_amount>204.68</ns1:base_currency_amount>
    <ns1:credit_ind>Y</ns1:credit_ind>
  </ns1:dlg_header>
  <ns1:dlg_header>
    <ns1:header_id>12461236379</ns1:header_id>
    <ns1:source>GWBCGLBilling</ns1:source>
    <ns1:account_number>6951380117</ns1:account_number>
    <ns1:policy_number>5000398932</ns1:policy_number>
    <ns1:underwriter>ukinsurance_dlg</ns1:underwriter>
    <ns1:brand>privilege</ns1:brand>
    <ns1:line_of_business>MOTLine</ns1:line_of_business>
    <ns1:product_type>Combined</ns1:product_type>
    <ns1:transaction_reference>1000000599-1437</ns1:transaction_reference>
    <ns1:transaction_date>2020-04-14T16:54:06</ns1:transaction_date>
    <ns1:transaction_subtype>DirectBillMoneyRcvdTxn</ns1:transaction_subtype>
    <ns1:transaction_reason>Premium</ns1:transaction_reason>
    <ns1:payment_method>creditcard</ns1:payment_method>
    <ns1:mid_number>93070433</ns1:mid_number>
    <ns1:card_type>visadebit</ns1:card_type>
    <ns1:channel>pcw</ns1:channel>
    <ns1:interest_amount currency_code="GBP">0.000</ns1:interest_amount>
    <ns1:base_interest_amount>0.00</ns1:base_interest_amount>
    <ns1:tax_deductible>0.000</ns1:tax_deductible>
    <ns1:order_number>CPC6000_0069387454_PRD</ns1:order_number>
    <ns1:reversal_indicator>N</ns1:reversal_indicator>
    <ns1:card_narrative>SLPRIVWEB1404</ns1:card_narrative>
    <ns1:payment_transaction_type_id>cardcollection</ns1:payment_transaction_type_id>
    <ns1:currency_amount currency_code="GBP">204.680</ns1:currency_amount>
    <ns1:exchange_rate>1.00000</ns1:exchange_rate>
    <ns1:exchange_rate_type>DAILY</ns1:exchange_rate_type>
    <ns1:base_currency_amount>204.68</ns1:base_currency_amount>
    <ns1:credit_ind>Y</ns1:credit_ind>
  </ns1:dlg_header>
  <ns1:dlg_header>
    <ns1:header_id>12461236380</ns1:header_id>
    <ns1:source>GWBCGLBilling</ns1:source>
    <ns1:account_number>6000068217</ns1:account_number>
    <ns1:policy_number>5000398767</ns1:policy_number>
    <ns1:underwriter>ukinsurance_dlg</ns1:underwriter>
    <ns1:brand>privilege</ns1:brand>
    <ns1:line_of_business>MOTLine</ns1:line_of_business>
    <ns1:product_type>Combined</ns1:product_type>
    <ns1:transaction_reference>1000000599-1485</ns1:transaction_reference>
    <ns1:transaction_date>2020-04-14T16:58:25</ns1:transaction_date>
    <ns1:transaction_subtype>DirectBillMoneyRcvdTxn</ns1:transaction_subtype>
    <ns1:transaction_reason>PolUnappliedFund</ns1:transaction_reason>
    <ns1:payment_method>creditcard</ns1:payment_method>
    <ns1:mid_number>93069903</ns1:mid_number>
    <ns1:card_type>visadebit</ns1:card_type>
    <ns1:channel>pcw</ns1:channel>
    <ns1:interest_amount currency_code="GBP">0.000</ns1:interest_amount>
    <ns1:base_interest_amount>0.00</ns1:base_interest_amount>
    <ns1:tax_deductible>0.000</ns1:tax_deductible>
    <ns1:order_number>CPC6003_0074128927_PRD</ns1:order_number>
    <ns1:reversal_indicator>N</ns1:reversal_indicator>
    <ns1:card_narrative>SLPRIVPHON1404</ns1:card_narrative>
    <ns1:payment_transaction_type_id>cardcollection</ns1:payment_transaction_type_id>
    <ns1:currency_amount currency_code="GBP">44.580</ns1:currency_amount>
    <ns1:exchange_rate>1.00000</ns1:exchange_rate>
    <ns1:exchange_rate_type>DAILY</ns1:exchange_rate_type>
    <ns1:base_currency_amount>44.58</ns1:base_currency_amount>
    <ns1:credit_ind>N</ns1:credit_ind>
  </ns1:dlg_header>
  <ns1:dlg_header>
    <ns1:header_id>12461236381</ns1:header_id>
    <ns1:source>GWBCGLBilling</ns1:source>
    <ns1:account_number>6000068217</ns1:account_number>
    <ns1:policy_number>5000398767</ns1:policy_number>
    <ns1:underwriter>ukinsurance_dlg</ns1:underwriter>
    <ns1:brand>privilege</ns1:brand>
    <ns1:line_of_business>MOTLine</ns1:line_of_business>
    <ns1:product_type>Combined</ns1:product_type>
    <ns1:transaction_reference>1000000599-1485</ns1:transaction_reference>
    <ns1:transaction_date>2020-04-14T16:58:25</ns1:transaction_date>
    <ns1:transaction_subtype>DirectBillMoneyRcvdTxn</ns1:transaction_subtype>
    <ns1:transaction_reason>Premium</ns1:transaction_reason>
    <ns1:payment_method>creditcard</ns1:payment_method>
    <ns1:mid_number>93069903</ns1:mid_number>
    <ns1:card_type>visadebit</ns1:card_type>
    <ns1:channel>pcw</ns1:channel>
    <ns1:interest_amount currency_code="GBP">0.000</ns1:interest_amount>
    <ns1:base_interest_amount>0.00</ns1:base_interest_amount>
    <ns1:tax_deductible>0.000</ns1:tax_deductible>
    <ns1:order_number>CPC6003_0074128927_PRD</ns1:order_number>
    <ns1:reversal_indicator>N</ns1:reversal_indicator>
    <ns1:card_narrative>SLPRIVPHON1404</ns1:card_narrative>
    <ns1:payment_transaction_type_id>cardcollection</ns1:payment_transaction_type_id>
    <ns1:currency_amount currency_code="GBP">44.580</ns1:currency_amount>
    <ns1:exchange_rate>1.00000</ns1:exchange_rate>
    <ns1:exchange_rate_type>DAILY</ns1:exchange_rate_type>
    <ns1:base_currency_amount>44.58</ns1:base_currency_amount>
    <ns1:credit_ind>N</ns1:credit_ind>
  </ns1:dlg_header>
  <ns1:dlg_header>
    <ns1:header_id>12461236390</ns1:header_id>
    <ns1:source>GWBCGLBilling</ns1:source>
    <ns1:account_number>6993567301</ns1:account_number>
    <ns1:policy_number>5000398981</ns1:policy_number>
    <ns1:underwriter>ukinsurance_dlg</ns1:underwriter>
    <ns1:brand>privilege</ns1:brand>
    <ns1:line_of_business>MOTLine</ns1:line_of_business>
    <ns1:product_type>Combined</ns1:product_type>
    <ns1:transaction_reference>1000000599-1656</ns1:transaction_reference>
    <ns1:transaction_date>2020-04-14T17:07:26</ns1:transaction_date>
    <ns1:transaction_subtype>DirectBillMoneyRcvdTxn</ns1:transaction_subtype>
    <ns1:transaction_reason>PolUnappliedFund</ns1:transaction_reason>
    <ns1:payment_method>creditcard</ns1:payment_method>
    <ns1:mid_number>93070433</ns1:mid_number>
    <ns1:card_type>visadebit</ns1:card_type>
    <ns1:channel>pcw</ns1:channel>
    <ns1:interest_amount currency_code="GBP">0.000</ns1:interest_amount>
    <ns1:base_interest_amount>0.00</ns1:base_interest_amount>
    <ns1:tax_deductible>0.000</ns1:tax_deductible>
    <ns1:order_number>CPC6000_0074485738_PRD</ns1:order_number>
    <ns1:reversal_indicator>N</ns1:reversal_indicator>
    <ns1:card_narrative>SLPRIVWEB1404</ns1:card_narrative>
    <ns1:payment_transaction_type_id>cardcollection</ns1:payment_transaction_type_id>
    <ns1:currency_amount currency_code="GBP">233.190</ns1:currency_amount>
    <ns1:exchange_rate>1.00000</ns1:exchange_rate>
    <ns1:exchange_rate_type>DAILY</ns1:exchange_rate_type>
    <ns1:base_currency_amount>233.19</ns1:base_currency_amount>
    <ns1:credit_ind>N</ns1:credit_ind>
  </ns1:dlg_header>
  
  <ns1:control_total record_count="39" currency_code="GBP" total_value="13117.01"/>
</ns1:dlg_file_header>
